:020000041004E6
:1000000000600020052E0410B5160410BF16041061
:1000100000000000000000000000000000000000E0
:10002000000000000000000000000000C7160410DF
:100030000000000000000000D1160410DB160410C0
:10004000692E0410692E0410692E0410692E041004
:10005000000000000000000000000000692E0410F5
:10006000E9160410692E0410692E0410692E04107C
:10007000692E04102517041000000000692E0410DA
:10008000692E0410692E0410591704100000000096
:100090004B17041000000000751704103D170410E2
:1000A000692E041067170410692E0410692E0410BD
:1000B0000000000000000000000000000000000040
:1000C00010B5904216D98AB2030C090C0C4659435C
:1000D00080B25343444350431B191A041B0C10189D
:1000E000594180225203002312184B41520DD8026D
:1000F000104310BD4843802252031218520D10467F
:1001000010BDC0468B0707D0013A22D30B780131CE
:10011000037001308B07F7D1830730D0DB4219D051
:100120000138043A08D308C943701B0A43801B0CEA
:1001300003710430043AF6D2D20707D30B88437018
:1001400001D08A78C2701B0A8370704701D00B7887
:1001500043707047043A06D308C903801B0C4380E0
:100160000430043AF8D2D20705D30B88038005D0B7
:100170008B788370704701D00B780370704770B430
:10018000103A03D378C978C0103AFBD2530701D391
:1001900018C918C001D508C908C0D20704D30B88F4
:1001A000038002300231002A01D50B78037070BC45
:1001B0007047C046EFF31482EFF30981154880F3CE
:1001C0001488BFF36F8FF0B543464C4655465E46E4
:1001D0006746F8B4104CEFF30883636006B4BFF3CE
:1001E0004F8F30BFC046C0460B4C646884F308880C
:1001F00082B003BCF8BC9846A146AA46B346BC46AA
:10020000F0BC04BC80F3098881F31488BFF36F8FBE
:100210001047C046000000000400002003B47146EF
:10022000490840004900095E49008E4403BC7047FC
:10023000002243088B4274D303098B425FD3030A25
:100240008B4244D3030B8B4228D3030C8B420DD338
:10025000FF22090212BA030C8B4202D312120902C6
:1002600065D0030B8B4219D300E0090AC30B8B4204
:1002700001D3CB03C01A5241830B8B4201D38B03B2
:10028000C01A5241430B8B4201D34B03C01A524157
:10029000030B8B4201D30B03C01A5241C30A8B429A
:1002A00001D3CB02C01A5241830A8B4201D38B0285
:1002B000C01A5241430A8B4201D34B02C01A524129
:1002C000030A8B4201D30B02C01A5241CDD2C3099B
:1002D0008B4201D3CB01C01A524183098B4201D317
:1002E0008B01C01A524143098B4201D34B01C01A02
:1002F000524103098B4201D30B01C01A5241C3087A
:100300008B4201D3CB00C01A524183088B4201D3E8
:100310008B00C01A524143088B4201D34B00C01AD4
:100320005241411A00D20146524110467047FFE740
:1003300001B5002000F006F802BDC0460029F7D044
:1003400076E770477047C0469140030090409C4656
:10035000203A9340194352426346D34019437047B1
:10036000F0B5CE469946030C9C46130447461B0C39
:100370001D000E0061460404240C80B50700100C1B
:100380004B436543414360432C0CC01824188C46F2
:10039000A34203D980235B029846C444494679436B
:1003A0005643230C2D042D0C891963442404601931
:1003B000C918C0BCB946B046F0BDC04680B582B0D1
:1003C00000AF0200FB1D1A70FB1D1B787F2B09D8A4
:1003D000FB1D1B781A001F231A40044B012191407A
:1003E0000A001A60C046BD4602B080BD00E100E0D0
:1003F00090B583B000AF02003960FB1D1A70FB1D81
:100400001B787F2B28D82F4AFB1D1B785BB29B08DB
:10041000C0339B009B58FA1D1278110003220A403A
:10042000D200FF2191400A00D2431A4011003B68DC
:100430009B01FF221A40FB1D1B7818000323034079
:10044000DB009A401F48FB1D1B785BB29B080A43E8
:10045000C0339B001A5031E01B4AFB1D1B7819006A
:100460000F230B40083B9B0806339B00D318043333
:100470001B68FA1D1278110003220A40D200FF21E6
:1004800091400A00D2431A4011003B689B01FF22B1
:100490001A40FB1D1B78180003230340DB009A4021
:1004A0000948FB1D1B781C000F232340083B9B08B9
:1004B0000A4306339B00C31804331A60C046BD4686
:1004C00003B090BD00E100E000ED00E080B586B033
:1004D00000AF7860EFF31083BB60BB687B610123E2
:1004E000FB60FB6883F31088C0467B681B68202292
:1004F0001A437B681A607B693B613B6983F3108810
:10050000C046C046BD4606B080BD80B582B000AFD3
:100510007860002002F0A9FC00F014F803F06AF9FA
:10052000031E01D000F0A4FB02F004FD02F0A6FEC1
:1005300001F090FA002002F0A2FC00231800BD4652
:1005400002B080BD80B500AF0A4B1800FFF7BEFFB8
:1005500001210820FFF74CFF0820FFF72FFF064B73
:100560001B6898680023022200210FF069FAC04638
:10057000BD4680BD00400041380D002080B582B0EE
:1005800000AF78600A00BB1C1A80124B1B88FF2B3F
:100590001BD87B681B780D2B0CD100F01FF80D4B7E
:1005A00000221A8080235A000B4B002118000FF004
:1005B00027FC0AE0074B1B885A1C91B2054A1180A0
:1005C0001A007B681978044B9954C046BD4602B0A6
:1005D00080BDC046940200209401002080B500AF89
:1005E000C046BD4680BD80B500AF01235B42180008
:1005F0000AF098FBC046BD4680BD80B500AFC0463E
:10060000BD4680BD80B500AFC046BD4680BD80B54B
:1006100082B000AF78607B681B691800BD4602B0ED
:1006200080BD000080B584B000AF7860074B196DC5
:10063000064B7A680A431A65044B1B6D7A681340AF
:10064000FB60FB68C046BD4604B080BD000040486A
:1006500080B584B000AF7860074B196E064B7A689E
:100660000A431A66044B1B6E7A681340FB60FB68F2
:10067000C046BD4604B080BD0000404880B582B091
:1006800000AF7860064B1B6E7A6813407A689A4216
:1006900001D1012300E000231800BD4602B080BD57
:1006A0000000404880B582B000AF7860044B196C00
:1006B000034B7A680A431A64C046BD4602B080BD47
:1006C0000000404880B582B000AF7860054B1A6CDE
:1006D0007B68D943034B0A401A64C046BD4602B04A
:1006E00080BDC0460000404890B585B000AF04F022
:1006F00049FF00F083F800F0B8F800F037FA00F096
:1007000079F900F095F900F061F900F0CBF800F00C
:100710001DF900F0C1F900F0E3F900F0AFFA802311
:100720009A009023DB051100180005F03AFF002025
:10073000FFF7EBFE0023FB60294B7B600B23FB18CC
:1007400000221A7000F046FA0B243B191B78002B8C
:1007500006D104F089FF0300FB603B1901221A70E7
:100760000B243B191B78002B36D004F07DFF0200D0
:10077000FB68D31A7A689A422ED81A4B1B881A4AF9
:100780001A4820210FF012FA0F210A2000F0F6FB80
:100790001749164B0122180000F08AFC154B1B88E4
:1007A000154A124820210FF001FA23210A2000F0F7
:1007B000E5FB0F490D4B0122180000F079FC00F019
:1007C00021FB084B1A880B4B1B881900100001F005
:1007D000D5F93B1900221A70FFF705FFB2E7C046B2
:1007E0008813000088030020E40905108C03002012
:1007F000EC0C00208A030020F409051090B589B0A4
:1008000000AF08243B19180018231A0000210FF02C
:10081000F7FA3B00180008231A0000210FF0F0FA45
:100820003B1903221A603B19802252025A603B197D
:100830001022DA603B19180009F01AFB031E01D0E0
:1008400000F016FA3B0000221A603B0020225A609A
:100850003B000021180009F055FC031E01D000F0F8
:1008600007FAC046BD4609B090BD80B586B000AF5E
:100870003B00180018231A0000210FF0C1FA3B00BA
:1008800002221A603B00802252015A613B0018008C
:1008900009F05AFD031E01D000F0EAF9C046BD463A
:1008A00006B080BD80B586B000AF3B0018001823AD
:1008B0001A0000210FF0A4FA224B234A1A60214BA0
:1008C00000225A601F4B0122DA601E4B00221A617F
:1008D0001C4B00225A611B4B00221A62194B00224A
:1008E0005A62184B00221A72164B00229A61154B5D
:1008F0000022DA61134B180005F0E2F8031E01D064
:1009000000F0B6F93B0004221A603B0000225A6056
:100910003B0000229A603B000322DA603B00002289
:100920005A613B0000221A613A00064B1100180080
:1009300005F090F9031E01D000F09AF9C046BD46BB
:1009400006B080BD980200200060004180B500AF75
:100950001C4B8222D2051A601A4B1B4A5A60194B53
:1009600000229A60174B0122DA60164B00221A61AE
:10097000144B00225A61134B00229A61114B002242
:10098000DA61104B00221A620E4B180005F024FEAB
:10099000031E01D000F06CF90A4B0021180006F08C
:1009A000E5FC031E01D000F063F9064B002118009E
:1009B00006F028FD031E01D000F05AF9C046BD46DE
:1009C00080BDC046D00200201A06100080B500AFDE
:1009D000064B074A1A60054B180006F05FFD031E20
:1009E00001D000F045F9C046BD4680BD240300207B
:1009F0000000304880B582B000AF00237B6001204A
:100A0000FFF73CFE031E08D10120FFF74BFE01203B
:100A1000FFF758FE0120FFF71BFEC023DB057B60BC
:100A20003B1D180007F0C2F8C046BD4602B080BDAD
:100A300080B582B000AF3B00180008231A000021E7
:100A40000FF0DEF90120FFF719FE031E08D1012087
:100A5000FFF728FE0120FFF735FE0120FFF7F8FD24
:100A6000C0460C4B1800FFF7D2FD03000F2BF8D93E
:100A70003B00A02252001A803B0000229A703B00EB
:100A800000225A603B00180007F084FDC046BD46B6
:100A900002B080BD0018006080B500AF0E4B0F4A59
:100AA0001A600D4B00225A600B4B7F229A600A4B52
:100AB000FF22DA60084B00221A61074B00225A61BC
:100AC000054B180009F07CFC031E01D000F0D0F8A3
:100AD000C046BD4680BDC0463003002000400040F7
:100AE00080B586B000AF3B1D180014231A0000210A
:100AF0000FF086F91B4B1C4A1A601A4B00225A60F1
:100B0000184B00229A60174B01225242DA60154BB3
:100B100000221A61134B00229A61124B180009F04F
:100B200063FD031E01D000F0A3F83B1D07221A60ED
:100B30003B1D70225A603B1D00229A603B1D002223
:100B4000DA603B1D00221A613A1D064B11001800A5
:100B500009F08EFD031E01D000F08AF8C046BD46A4
:100B600006B080BD4C0300200020004080B586B058
:100B700000AF3B1D180014231A0000210FF040F9AC
:100B80000820FFF74FFD0420FFF74CFD02F081F92C
:100B90003B1D8022D2011A603B1D03225A603B1D7F
:100BA00000229A603B1D0A4A1900100005F054FB10
:100BB0008023DB011900012006F0BCFD8023DB014E
:100BC0001900012006F01EFEC046BD4606B080BDDD
:100BD0000000104880B584B002AFFB1DFD221A70E2
:100BE0003B00180006231A0000210FF009F9FA1D36
:100BF0001C4801235B4200930123882105F092FDEC
:100C0000031E28D10A2004F043FD3A0015480123B1
:100C10005B4200930623882105F0AEFE031E1CD123
:100C20003B001B781BB21B021AB23B005B781BB265
:100C300013431BB29AB20C4B1A803B00DB781BB2F9
:100C40001B021AB23B001B791BB213431BB29AB2B0
:100C5000064B1A8002E0C04600E0C046BD4602B026
:100C600080BDC046D0020020880300208A030020F7
:100C700080B500AF72B6C046C046FDE780B582B011
:100C800000AF00F03BFA5B4B5B480122782105F096
:100C90007BFF031E01D00023A8E0584B7B6002E0DD
:100CA0007B68013B7B607B68002BF9D1AE22002181
:100CB000782000F0A3FA20220021782000F09EFA8C
:100CC00010220021782000F099FAB022002178202B
:100CD00000F094FAC0220021782000F08FFA002260
:100CE0000021782000F08AFA10220021782000F0FC
:100CF00085FA40220021782000F080FA812200212C
:100D0000782000F07BFAFF220021782000F076FAAC
:100D1000A0220021782000F071FAA622002178207C
:100D200000F06CFAA8220021782000F067FA3F2238
:100D30000021782000F062FAA4220021782000F03F
:100D40005DFAD3220021782000F058FA0022002119
:100D5000782000F053FAD5220021782000F04EFAD6
:100D6000F0220021782000F049FAD92200217820D1
:100D700000F044FA22220021782000F03FFADA2223
:100D80000021782000F03AFA12220021782000F0A9
:100D900035FADB220021782000F030FA20220021F1
:100DA000782000F02BFA8D220021782000F026FA1E
:100DB00014220021782000F021FAAF2200217820AF
:100DC00000F01CFA2E220021782000F017FA0020F3
:100DD00000F04CF800F016F8094B00221A80084B7E
:100DE00000225A80064B01225A7101231800BD4689
:100DF00002B080BD204E0000D0020020C4090000D7
:100E0000AC07002080B582B000AFFB1D00221A7035
:100E100021E0FB1D1B78503BDBB21A00002178203B
:100E200000F0ECF900220021782000F0E7F9102210
:100E30000021782000F0E2F9FB1D1B78DA010A4B53
:100E4000D21880234021782000F06CF9FB1D1A781D
:100E5000FB1D01321A70FB1D1B78072BD9D9C04628
:100E6000C046BD4602B080BDAC03002080B582B054
:100E700000AF0200FB1D1A70FB1D1B78002B01D177
:100E8000002300E0FF238022D200044819000EF066
:100E9000B7FFC046BD4602B080BDC046AC030020CF
:100EA00090B583B000AF040008001100BB1D221CE8
:100EB0001A803B1D021C1A80FB1C0A1C1A70BB1DE9
:100EC0001B887F2B52D83B1D1B883F2B4ED8294BAC
:100ED0001B79002B06D0FB1C1B785A425341DAB217
:100EE000FB1C1A70FB1C1B78012B1ED1BB1D1A8822
:100EF0003B1D1B88DB0898B20300DB01D3181E4A98
:100F0000D35C5AB23B1D1B8807210B40012199403D
:100F10000B005BB2134359B2BB1D1A880300DB01FF
:100F2000D318C9B2144AD15421E0BB1D1A883B1D05
:100F30001B88DB0898B20300DB01D3180E4AD35C90
:100F40005BB23A1D128807210A40012191400A0034
:100F500052B2D24352B2134059B2BB1D1A88030099
:100F6000DB01D318C9B2044AD15400E0C046BD46E3
:100F700003B090BDAC070020AC03002080B582B068
:100F800000AF0200BB1D1A803B1D0A1C1A80064BD5
:100F9000BA1D12881A80044B3A1D12885A80C04626
:100FA000BD4602B080BDC046AC07002080B586B00B
:100FB00000AF39601100FB1D021C1A70BB1D0A1C1A
:100FC0001A703A4B1B881A003B681B78D3187F2B8A
:100FD00007DC364B5B881A003B685B78D3183F2BE5
:100FE00001DD00235DE000237B614AE03B685A6835
:100FF000FB1D1B78203B396849784B4319007B69FE
:10100000CB185B00D3181B88FB6000233B612FE0EB
:10101000FA683B699A4080231B02134011D0234B8E
:101020001A883B699BB2D31898B2204B5A887B69C7
:101030009BB2D31899B2BB1D1B781A00FFF730FF83
:1010400013E01A4B1A883B699BB2D31898B2174B1E
:101050005A887B699BB2D31899B2BB1D1B785A4240
:101060005341DBB21A00FFF71BFF3B6901333B61C1
:101070003B681B781A003B699342C9D37B690133F3
:101080007B613B685B781A007B699342AED3074B68
:101090001B883A6812789B189AB2044B1A80FB1D81
:1010A0001B781800BD4606B080BDC046AC070020C6
:1010B00080B584B000AFF860B960FB1D1A7013E012
:1010C000FB681878FB1D1A78BB681900FFF76EFFE4
:1010D00003001A00FB681B789A4202D0FB681B7859
:1010E00008E0FB680133FB60FB681B78002BE7D14D
:1010F000FB681B781800BD4604B080BD80B582B087
:1011000000AF074B7B6002E07B68013B7B607B6844
:10111000002BF9D1C046C046BD4602B080BDC046D6
:1011200090D00300B0B5C6B002AF040008003A602A
:1011300019002D4B88256D005B19DB19221C1A70D4
:101140002A4B2C001B19DB19021C1A70284B20009B
:101150001B18DB190A1C1A80264B1B18DB19234AA3
:101160001218D21912781A701023FF33FB180022BC
:101170001A7014E01020FF303B181B783A68D21820
:101180003B181B78013311781A4A8824640012191D
:10119000D219D1543B181A783B1801321A70102317
:1011A000FF33FB181B789BB2114A88214900521863
:1011B000D21912889A42DDD80B4B0A009B18DB1912
:1011C0001B7899B20A4B9B18DB191B8801339BB221
:1011D0000C22BA1808480A24009405F0A3FAC04665
:1011E000BD4644B0B0BDC046F7FEFFFFF6FEFFFFB0
:1011F000F4FEFFFFFCFEFFFFD002002090B587B099
:1012000002AF040008001100FB1D221C1A70BB1D58
:10121000021C1A707B1D0A1C1A700C203B18BA1D88
:1012200012781A703B187A1D12785A70FB1D1B78C1
:1012300099B23A1804480A230093022305F072FA7F
:10124000C046BD4605B090BDD002002080B584B038
:1012500000AF7860074B196D064B7A680A431A6530
:10126000044B1B6D7A681340FB60FB68C046BD46AB
:1012700004B080BD0000404880B584B000AF786005
:10128000074B596D064B7A680A435A65044B5B6DF0
:101290007A681340FB60FB68C046BD4604B080BD61
:1012A0000000404880B584B000AF7860074B996D6E
:1012B000064B7A680A439A65044B9B6D7A68134023
:1012C000FB60FB68C046BD4604B080BD00004048DE
:1012D00080B584B000AF7860074B196E064B7A6812
:1012E0000A431A66044B1B6E7A681340FB60FB6866
:1012F000C046BD4604B080BD0000404880B582B005
:1013000000AF7860064B1B6E7A6813407A689A4289
:1013100001D1012300E000231800BD4602B080BDCA
:101320000000404880B582B000AF7860044B196C73
:10133000034B7A680A431A64C046BD4602B080BDBA
:101340000000404880B582B000AF7860054B1A6C51
:101350007B68D943034B0A401A64C046BD4602B0BD
:1013600080BDC0460000404880B582B000AF00F0AC
:1013700067F93B00180008231A0000210EF040FD19
:1013800080235B001800FFF777FF3B000E221A60F6
:101390003B0000225A603B00180006F059F906F0A5
:1013A00081F9C046BD4602B080BD000090B589B04D
:1013B00000AF78600C243B19180014231A00002198
:1013C0000EF01EFD7B681B68134A93421FD120203C
:1013D000FFF768FF1020FFF765FF0820FFF736FFD3
:1013E0003B1908221A603B1903225A603B1900225C
:1013F0009A603B19094A1900100004F02DFF0821DA
:10140000012006F097F90821012006F0FBF9C046FB
:10141000BD4609B090BDC0460060004100001048C4
:1014200090B589B000AF78600C243B1918001423E4
:101430001A0000210EF0E4FC7B681A688223DB05A9
:101440009A4225D10820FFF701FF21007B18C02216
:101450001A607B1812225A607B1800229A607B184F
:101460000022DA607B1800221A617B180A4A1900F0
:10147000100004F0F1FEC021012006F05BF9C0214C
:10148000012006F0BFF980239B031800FFF70AFF35
:10149000C046BD4609B090BD0000104880B582B07E
:1014A00000AF78607B681B68094A93420CD18023A7
:1014B0005B021800FFF7CAFE002201210D2004F094
:1014C00037FD0D2004F049FDC046BD4602B080BD89
:1014D0000000304890B589B000AF786008243B190F
:1014E000180018231A0000210EF08AFC7B681A6885
:1014F000C023DB059A4235D13B1901221A603B1902
:1015000004221A613B19180008F01EFF031E01D0C7
:10151000FFF7AEFB0120FFF7F1FE031E08D101200B
:10152000FFF700FF0120FFF70DFF0120FFF7D0FEBE
:1015300001F0AFFC00220021122004F0F9FC12207F
:1015400004F00BFD00220021192004F0F1FC192009
:1015500004F003FD00220021162004F0E9FC16200F
:1015600004F0FBFCC046BD4609B090BD90B589B003
:1015700000AF786008243B19180018231A000021D6
:101580000EF03EFC7B681B680D4A934213D13B1959
:1015900020221A603B19802212029A603B1918001F
:1015A00008F0D2FE031E01D0FFF762FB80235B012F
:1015B0001800FFF761FEC046BD4609B090BDC046A9
:1015C0000040004090B589B000AF78600C243B1912
:1015D000180014231A0000210EF012FC7B681B680F
:1015E000154A934223D10120FFF746FE0820FFF75A
:1015F0002DFE21007B1802221A607B1802225A60FD
:101600007B1800229A607B180022DA607B18032284
:101610001A617B18094A1900100004F01DFE02210E
:10162000012006F087F80221012006F0EBF8C04601
:10163000BD4609B090BDC0460020004000001048E3
:1016400080B500AF0F21002006F03AF8F0231B010F
:101650001900002006F09CF8064B1900012006F046
:1016600097F8054B1900012006F02AF8C046BD4640
:1016700080BDC046C930000036C0000080B582B0D1
:1016800000AF78607B68DB6920221340202B01D1FA
:10169000012300E000231800BD4602B080BD80B5E4
:1016A00082B000AF78607B685B6ADBB21800BD4631
:1016B00002B080BD80B500AFC046BD4680BD80B5DC
:1016C00000AFC046FDE780B500AFC046BD4680BD57
:1016D00080B500AFC046BD4680BD80B500AF03F009
:1016E000B1FFC046BD4680BD80B582B000AF0C4B97
:1016F0001800FFF7C3FF0300012B0CD1084B1800A3
:10170000FFF7CDFF03001A00FB1D1A70FB1D01211E
:101710001800FEF733FFC046BD4602B080BDC0468C
:101720000040004180B500AF034B180005F012FFE8
:10173000C046BD4680BDC0462403002080B500AF32
:1017400008F0A0F9C046BD4680BD80B500AF08F0E6
:10175000A2F9C046BD4680BD80B500AF06F074FD5D
:10176000C046BD4680BD80B500AF06F0A5FDC046B1
:10177000BD4680BD80B500AF06F088FDC046BD46C1
:1017800080BD80B586B000AFF860B9607A60002394
:101790007B610AE000E000BF0100BB685A1CBA6030
:1017A000CAB21A707B6901337B617A697B689A429D
:1017B000F0DB7B681800BD4606B080BD80B586B002
:1017C00000AFF860B9607A6000237B6109E0BB6814
:1017D0005A1CBA601B78180003F030FD7B69013396
:1017E0007B617A697B689A42F1DB7B681800BD46B1
:1017F00006B080BD80B582B000AF786001235B4247
:101800001800BD4602B080BD80B582B000AF7860E0
:1018100039603B68802292015A6000231800BD465F
:1018200002B080BD80B582B000AF7860012318009F
:10183000BD4602B080BD80B584B000AFF860B9602D
:101840007A6000231800BD4604B080BD80B586B024
:1018500000AF7860144A154BD31A7B617B693B61FA
:10186000134B1B68002B02D1114B124A1A60104B0C
:101870001A687B68D3183A699A4207D20EF016FBB1
:1018800003000C221A6001235B4209E0084B1B682D
:10189000FB60074B1A687B68D218054B1A60FB681F
:1018A0001800BD4606B080BD00600020000C00009E
:1018B000B4070020EC21002080B500AF00F0A0F9B3
:1018C00003F0D8F90300013301D1FFF7D1F9C04685
:1018D000BD4680BDB0B592B000AF4723FB180022D3
:1018E0001A703C23FB18180006231A0000210EF082
:1018F00087FA3B23FB1806221A703A1D244B10006E
:10190000190034231A000EF0DAFA46257C193B1D23
:10191000180009F0FDFD030023707B191B78002BD4
:1019200001D0FFF7A5F946257C191821002009F000
:1019300073FC030023707C194223FB18190001205B
:1019400003F0D3F90300237045217B1800221A709D
:101950007B187A18127801210A431A707C194723E0
:10196000FB181B780121180009F078FB0300237095
:101970007C193C23FA183B23FB181900802009F03E
:1019800047FC03002370C046BD4612B0B0BDC04640
:10199000000A051080B500AF0121012009F0E6FA28
:1019A000C046BD4680BD80B500AF012001F05DFAA4
:1019B00009F0CEFC012001F062FAC046BD4680BDB0
:1019C00080B500AF06F0D8FEC046BD4680BD80B5EC
:1019D00000AF0021022009F0C9FAC046BD4680BD13
:1019E00080B500AF03F0CCF8C046BD4680BD80B5E1
:1019F00000AF0121042009F0B9FAC046BD4680BD00
:101A000080B500AFFFF7E3FFC046BD4680BD80B59F
:101A100082B000AF78607B6818000CF0A7FCFFF77D
:101A2000D6FFFFF7E4FFC046BD4602B080BD80B5DB
:101A300082B000AF78607B6818000CF092FCC04662
:101A4000BD4602B080BD80B500AFFFF7A3FFC04622
:101A5000BD4680BD80B500AF0C4B1A0000210120AF
:101A600009F060FA0A4B1A000021022009F05AFA24
:101A7000084B1A000021042009F054FAFFF71CFF5C
:101A8000FFF728FFC046BD4680BDC046A719041019
:101A9000C1190410E119041080B582B000AF78605C
:101AA000C046BD4602B080BDB0B590B00CAF0F25AA
:101AB0007B1900221A700C217B18FA2252011A801D
:101AC0007B181A887B181B887C1900210A91002139
:101AD000099101210891002107910121069100211E
:101AE0000591002104910021039101210291072118
:101AF00001910093130010220221022009F0D2FA72
:101B0000030023707B191B78002B02D07B191B78F4
:101B10002DE00F257C19184B19220321022009F012
:101B2000F6FA030023707B191B78002B02D07B1977
:101B30001B781CE03B1D02221A703B1D00225A80BC
:101B40003B1D00221A710F257C193B1D1A00012133
:101B5000012009F0E0FA030023707B191B78002BA9
:101B600002D07B191B7802E00F23FB181B781800AA
:101B7000BD4604B0B0BDC046F40C002080B582B0B4
:101B800000AF0200BB1D1A803B1D0A1C1A80BB1D42
:101B90001B881B0A9BB2DAB2184BDA73BB1D1B8879
:101BA000DAB2164B1A743B1D1B881B0A9BB2DAB2C1
:101BB000124B5A733B1D1B88DAB2104B9A730F4BB2
:101BC00000225A740D4B2D229A740C4BC622DA74E3
:101BD0000A4BC0221A75094B00225A75074B1E2268
:101BE0009A75064B8422DA75044B80221A76FFF729
:101BF0005BFFC046BD4602B080BDC046F40C00206D
:101C000080B500AF02F026FD074B1900002002F05E
:101C10007FFE064B1900012002F07AFE044B024AB7
:101C20001A60C046BD4680BDB8070020C807002026
:101C3000D8070020F0B589B002AFB96011007B6011
:101C40000F243B19021C1A700C23FB180A1C1A8063
:101C50003B191B78022B03D11A4B1B4A1A6002E076
:101C6000184B1A4A1A60174B18681726BC19BD681A
:101C70000C23FB181B889C460F23FB1819787B68E4
:101C80000193282308229B18DB191B8800932B0043
:101C9000624602F0DFFE03002370BB191B78002BA5
:101CA00001D1002309E01723FB181B78022B02D176
:101CB00001235B4201E002235B421800BD4607B0EE
:101CC000F0BDC046D8070020C8070020B807002094
:101CD000B0B586B002AF0400080011003B60FB1DE8
:101CE000221C1A70BB1D021C1A703B1D0A1C1A8094
:101CF000BB1D1B78022B07D12E4B2F4A1A600E23D7
:101D0000FB1801221A7006E02A4B2C4A1A600E2397
:101D1000FB1800221A70FB1D1B78022B12D1254BD9
:101D200018680F23FC182023FB181D883A683B1DF8
:101D300019880C23FB1800932B0002F057FE0300B8
:101D4000237021E0FB1D1B78002B08D1194B1A686A
:101D50000E23FB181B781100180002F0D9FD154B5B
:101D600018680F23FC183D683B1D1A88BB1D1978A5
:101D70000C23FB1801932023FB181B8800932B00D6
:101D800002F0FAFD030023700F23FB181B78002BD1
:101D900001D1002309E00F23FB181B78042B02D18B
:101DA00003235B4201E002235B421800BD4604B0FE
:101DB000B0BDC046D8070020C8070020B8070020E3
:101DC00080B584B000AFF860B9607A607A68B968AD
:101DD000FB681800FEF796F9C046BD4604B080BD0A
:101DE00080B584B000AFF860B9607A607A68B9688D
:101DF000FB6818000EF004F8C046BD4604B080BD74
:101E000090B589B000AFF860B9607A6010243B19D2
:101E1000180003F0D3F921007B181A78FB681A70B8
:101E20007B185A78BB681A707B189A787B681A708E
:101E3000C046BD4609B090BD80B584B000AFF86023
:101E4000B9607A607A68B968FB68180001F086F8B2
:101E5000C046BD4604B080BD80B582B000AF78609A
:101E60007B68180001F0E6FCC046BD4602B080BDAC
:101E700080B582B000AF78607B68180001F0F4FC98
:101E8000C046BD4602B080BD80B500AF03F0BAF8D1
:101E900003001800BD4680BD80B500AF03F0B8F860
:101EA00003001800BD4680BD80B582B000AF0200BF
:101EB000FB1D1A70FB1D1B78180003F0AFF8C0461D
:101EC000BD4602B080BD80B500AF06F09BFE0200AB
:101ED0000B0010001900BD4680BD80B584B000AF76
:101EE000F8603A607B603A687B68F968080006F041
:101EF00097FE03001800BD4604B080BD80B582B0D7
:101F000000AF78607B68180006F0A4FEC046BD46AE
:101F100002B080BD80B582B000AF786008001100CB
:101F2000FB1C021C1A70BB1C0A1C1A70BB1C1A7802
:101F3000FB1C19787B68180006F022FD0300DBB259
:101F40001800BD4602B080BD80B500AF06F08CFD24
:101F50000300DBB21800BD4680BD80B582B000AF83
:101F600078607B68180006F0F7FC02000B00100098
:101F70001900BD4602B080BD80B500AF06F0E8FD97
:101F8000C046BD4680BD000080B582B000AF78601D
:101F9000074B5B687F22934319007B687F221A40BE
:101FA000034B0A435A60C046BD4602B080BDC046DE
:101FB000C000002080B500AF044B5A68034B80215D
:101FC0000A435A60C046BD4680BDC046C0000020DE
:101FD00080B500AF044B5A68034B80218A435A6096
:101FE000C046BD4680BDC046C000002080B582B05E
:101FF00000AF7860074B1B69074A134019007B68E4
:102000001B02064A1A40034B0A431A61C046BD46EA
:1020100002B080BDC0000020FF0000F000FFFF0FF5
:1020200080B582B000AF0200FB1D1A70FB1D1B784B
:102030005C225343084A944663441A68FB1D1B788C
:102040005C214B4304498C46634440210A431A6097
:10205000C046BD4602B080BDDC00002080B582B025
:1020600000AF0200FB1D1A70FB1D1B785C2253435E
:10207000084A944663441A68FB1D1B785C214B4355
:1020800004498C46634440218A431A60C046BD46D9
:1020900002B080BDDC00002080B582B000AF02003D
:1020A000FB1D1A70FB1D1B785C225343084A9446A3
:1020B00063441A68FB1D1B785C214B4304498C4622
:1020C000634480210A431A60C046BD4602B080BD09
:1020D000DC00002080B582B000AF0200FB1D1A704A
:1020E000FB1D1B785C225343084A944663441A68DC
:1020F000FB1D1B785C214B4304498C4663448021C3
:102100008A431A60C046BD4602B080BDDC00002094
:1021100080B582B000AF02003960FB1D1A70FB1D54
:102120001B785C2253430C4A944663441B680B4A59
:10213000134019003B681A02FC239B011A40FB1D47
:102140001B785C2043430448844663440A431A6076
:10215000C046BD4602B080BDDC000020FFC0FFFFCE
:1021600080B582B000AF02003960FB1D1A70FB1D04
:102170001B785C2253430C4A944663441B680B4A09
:10218000134019003B681A06E023DB041A40FB1DCC
:102190001B785C2043430448844663440A431A6026
:1021A000C046BD4602B080BDDC000020FFFFFFF846
:1021B00080B582B000AF02003960FB1D1A70FB1DB4
:1021C0001B785C2253430C4A944663441B680B4AB9
:1021D000134019003B681A07E023DB051A40FB1D7A
:1021E0001B785C2043430448844663440A431A60D6
:1021F000C046BD4602B080BDDC000020FFFFFF8F5F
:1022000080B582B000AF02003960FB1D1A70FB1D63
:102210001B785C225343084A944663445B68FB1D69
:102220001B785C225343044A944663443A685A60DC
:10223000C046BD4602B080BDDC00002080B582B043
:1022400000AF02003960FB1D1A70FB1D1B785C2279
:102250005343084A944663449B68FB1D1B785C22E9
:102260005343044A944663443A689A60C046BD4664
:1022700002B080BDDC00002080B582B000AF02005B
:102280003960FB1D1A70FB1D1B785C225343084A02
:10229000944663445B6AFB1D1B785C225343044AEB
:1022A000944663443A685A62C046BD4602B080BD57
:1022B000DC00002080B582B000AF02003960FB1D59
:1022C0001A70FB1D1B785C2253430B4A94466344EF
:1022D0009B6A1B0E19063B681B021A0AFB1D1B7822
:1022E0005C2043430448844663440A439A62C046E0
:1022F000BD4602B080BDC046DC00002080B582B083
:1023000000AF02003960FB1D1A70FB1D1B785C22B8
:1023100053430A4A944663449B6A1B02190A3B686A
:102320001A06FB1D1B785C20434304488446634423
:102330000A439A62C046BD4602B080BDDC00002060
:1023400080B582B000AF02003960FB1D1A70FB1D22
:102350001B785C2253430B4A94466344DB6A1F227A
:10236000934319003B681F221A40FB1D1B785C2019
:1023700043430448844663440A43DA62C046BD4688
:1023800002B080BDDC00002080B582B000AF02004A
:102390003960FB1D1A70FB1D1B785C2253430C4AED
:1023A00094466344DB6A0B4A134019003B681A02E7
:1023B000FC239B011A40FB1D1B785C20434304480F
:1023C000844663440A43DA62C046BD4602B080BD1B
:1023D000DC000020FFC0FFFF80B582B000AF786056
:1023E00039607B681B687B683A681A60C046BD46E6
:1023F00002B080BD80B582B000AF786039607B6884
:102400005B68012293431A003B6801210B401A4389
:102410007B685A60C046BD4602B080BD80B582B0C0
:1024200000AF786039607B685B68042293431A00D0
:102430003B689B0004210B401A437B685A60C046EE
:10244000BD4602B080BD80B582B000AF7860396013
:102450007B685B68202293431A003B685B01202164
:102460000B401A437B685A60C046BD4602B080BD2F
:1024700080B582B000AF78607B685B688022934350
:102480001A007B685A60C046BD4602B080BD00009D
:1024900080B582B000AF786039607B685B68074ABE
:1024A0001A403B68190280235B000B401A437B688B
:1024B0005A60C046BD4602B080BDC046FFFEFFFF69
:1024C00080B582B000AF786039607B685B68074A8E
:1024D0001A403B68590280239B000B401A437B68DB
:1024E0005A60C046BD4602B080BDC046FFFDFFFF3A
:1024F00080B582B000AF786039607B685B68074A5E
:102500001A403B6899028023DB000B401A437B682A
:102510005A60C046BD4602B080BDC046FFFBFFFF0B
:1025200080B582B000AF786039607B689B687B685B
:102530003A689A60C046BD4602B080BD80B582B0A0
:1025400000AF786039607B68DB681B0D1A053B685B
:102550001B031B0B1A437B68DA60C046BD4602B002
:1025600080BD80B582B000AF78607B68DB68802278
:1025700052031A437B68DA60C046BD4602B080BD94
:1025800080B582B000AF786039607B68DB68074A4D
:102590001A403B6899058023DB030B401A437B6894
:1025A000DA60C046BD4602B080BDC046FFFFBFFF37
:1025B00080B582B000AF786039607B68DB68074A1D
:1025C0001A403B68D90580231B040B401A437B68E3
:1025D000DA60C046BD4602B080BDC046FFFF7FFF47
:1025E00080B582B000AF78607B68DB68802292049F
:1025F0001A437B68DA60C046BD4602B080BD80B534
:1026000082B000AF78607B68DB68802212061A43D4
:102610007B68DA60C046BD4602B080BD80B582B03E
:1026200000AF7860C023DB055B68074A13401900E0
:102630007B68064A1A40C023DB050A435A60C0463D
:10264000BD4602B080BDC0464F000200B0FFFDFF96
:1026500080B582B000AF7860C023DB059B6908229B
:10266000934319007B68DB0008221A40C023DB0576
:102670000A439A61C046BD4602B080BD80B582B0B3
:1026800000AF7860C023DB059B69012293431900EA
:102690007B6801221A40C023DB050A439A61C046C9
:1026A000BD4602B080BD90B589B000AF78600C0027
:1026B00010001900FB1C221C1A70BB1C021C1A7093
:1026C0007B1C0A1C1A707B683B610023BB61FB1CEE
:1026D0001B78012B00D079E0BB1C1B78002B06D1A6
:1026E0007B1C1B78002B02D104237B616AE0BB1C9E
:1026F0001B78002B06D17B1C1B78012B02D10323F6
:102700007B615FE0BB1C1B78002B0AD17B1C1B7814
:10271000062B03D07B1C1B78042B02D104237B6186
:1027200050E0BB1C1B78012B0ED17B1C1B78002BAF
:1027300007D07B1C1B78062B03D07B1C1B78042B3B
:1027400002D106237B613DE0BB1C1B78012B06D127
:102750007B1C1B78012B02D104237B6132E0BB1C64
:102760001B78062B03D0BB1C1B78042B06D17B1CCB
:102770001B78002B02D105237B6123E0BB1C1B7857
:10278000062B03D0BB1C1B78042B06D17B1C1B78AB
:10279000012B02D104237B6114E0BB1C1B78062BA8
:1027A00003D0BB1C1B78042B0AD17B1C1B78062B87
:1027B00003D07B1C1B78042B02D105237B6101E035
:1027C00006237B617B690233FB6115E0FB1C1B78F0
:1027D000002B05D10423BB60BB680333FB610BE016
:1027E000FB1C1B78022B05D10223FB60FB68053321
:1027F000FB6101E00023FB61FB1C1B78012B03D074
:10280000FB1C1B78022B0AD13023FB181B78012BF1
:1028100002D19B23BB6114E03D23BB6111E0FB1C93
:102820001B78002B03D0FB1C1B78032B09D1302312
:10283000FB181B78012B02D19923BB6101E03B23DC
:10284000BB61BA69FB69D3183A69D31A3B613B692A
:102850001800BD4609B090BD80B582B000AF786069
:102860007B681800FFF7DAFEC046BD4602B080BDA7
:1028700080B500AF0120FFF7EBFEC046BD4680BD2E
:1028800080B500AF0120FFF7F9FEC046BD4680BD10
:1028900080B500AFFFF79CFBC046BD4680BD80B54C
:1028A00000AFFFF787FBC046BD4680BD80B582B054
:1028B00000AF0200FB1D1A70FB1D1B781800FFF70C
:1028C00063FBC046BD4602B080BD000080B582B04B
:1028D00000AF78607B68034A13401800BD4602B021
:1028E00080BDC04630DFC90080B582B000AF7860DF
:1028F0007A688023DB0313401800BD4602B080BD18
:1029000080B582B000AF786000231800BD4602B0E9
:1029100080BD80B582B000AF78607A6880239B0468
:1029200013401800BD4602B080BD80B582B000AF34
:1029300078607A6880235B0213401800BD4602B0BD
:1029400080BD80B582B000AF78607A6880239B0339
:1029500013401800BD4602B080BD80B582B000AF04
:1029600078607A6880239B0013401800BD4602B04F
:1029700080BD80B582B000AF78607A6880231B018B
:1029800013401800BD4602B080BD80B582B000AFD4
:1029900078607B68DB0FDB071800BD4602B080BDA6
:1029A00080B582B000AF78607B6840221340180089
:1029B000BD4602B080BD80B582B000AF78607B6854
:1029C0001800FFF755FDC046BD4602B080BD80B57A
:1029D00082B000AF78607B6800211800FFF70AFD25
:1029E000C046BD4602B080BD80B582B000AF786001
:1029F0007B681022002118000DF002FAC046BD4687
:102A000002B080BD80B582B000AF78607B680121E4
:102A10001800FFF718FDC046BD4602B080BD80B566
:102A200082B000AF786039603A687B6811001800A6
:102A3000FFF776FDC046BD4602B080BD80B582B0CE
:102A400000AF78607B681800FFF7CAFDC046BD463E
:102A500002B080BD80B582B000AF78607B6818009E
:102A6000FFF7CDFDC046BD4602B080BD80B582B047
:102A700000AF78607B6801211800FFF7CFFCC046EB
:102A8000BD4602B080BD80B582B000AF78603960CD
:102A90003A687B6811001800FFF79EFCC046BD46EF
:102AA00002B080BD80B582B000AF78607B68002145
:102AB0001800FFF7EDFCC046BD4602B080BD80B5F2
:102AC00082B000AF78600A00FB1C1A70C046BD4699
:102AD00002B080BD80B582B000AF78607B68012114
:102AE0001800FFF7D5FCC046BD4602B080BD80B5DA
:102AF00082B000AF78607B6801211800FFF77AFC94
:102B0000C046BD4602B080BD80B582B000AF7860DF
:102B10007B6801211800FFF7D3FCC046BD4602B018
:102B200080BD80B582B000AF786039603A687B685C
:102B300011001800FFF702FDC046BD4602B080BD7F
:102B400080B582B000AF78607B681800FFF709FDA0
:102B5000C046BD4602B080BD80B582B000AF78608F
:102B60007B6801211800FFF723FDC046BD4602B077
:102B700080BD80B582B000AF78607B68012118000D
:102B8000FFF7FEFCC046BD4602B080BD80B582B0F6
:102B900000AF78607B6801211800FFF7A9FC7B6813
:102BA00001211800FFF78CFCC046BD4602B080BD75
:102BB00080B582B000AF786039603B681B031B0BA7
:102BC0001800FFF713FAC046BD4602B080BD80B5BD
:102BD00082B000AF02003960FB1D1A703B68002B09
:102BE00005D0FB1D1B781800FFF71AFA04E0FB1D47
:102BF0001B781800FFF732FAC046BD4602B080BD10
:102C000080B582B000AF0200FB1D1A70FB1D1B785F
:102C10005C225343084A944663445C220021180016
:102C20000DF0EEF8FB1D1B7801211800FFF7CFFF18
:102C3000C046BD4602B080BDDC00002080B582B039
:102C400000AF02003960FB1D1A703A68FB1D1B784B
:102C500011001800FFF710FBC046BD4602B080BD52
:102C600080B582B000AF02003960FB1D1A703A686F
:102C7000FB1D1B7811001800FFF71CFBC046BD466A
:102C800002B080BD80B582B000AF0200FB1D1A709B
:102C9000BB1D0A1C1A70BB1D1A78FB1D1B78110086
:102CA0001800FFF72BFBC046BD4602B080BD80B5C3
:102CB00082B000AF0200FB1D1A70BB1D0A1C1A7007
:102CC000BB1D1A78FB1D1B7811001800FFF75CFB79
:102CD000C046BD4602B080BD80B582B000AF0200E4
:102CE000FB1D1A70BB1D0A1C1A70BB1D1A78FB1D38
:102CF0001B7811001800FFF70BFAC046BD4602B062
:102D000080BD80B582B000AF0200FB1D1A70FB1DB4
:102D10001B781800FFF7DEF9C046BD4602B080BD43
:102D200080B582B000AF02003960FB1D1A703A68AE
:102D3000FB1D1B7811001800FFF780FAC046BD4646
:102D400002B080BD80B582B000AF0200FB1D1A70DA
:102D5000BB1D0A1C1A70BB1D1A78FB1D1B781100C5
:102D60001800FFF725FAC046BD4602B080BD80B509
:102D700082B000AF0200FB1D1A70FB1D1B7818000B
:102D8000FFF78AF9C046BD4602B080BD80B582B06B
:102D900000AF02003960FB1D1A703A68FB1D1B78FA
:102DA00011001800FFF72CFAC046BD4602B080BDE6
:102DB00080B582B000AF0200FB1D1A70BB1D0A1C5B
:102DC0001A70BB1D1A78FB1D1B7811001800FFF745
:102DD000C7F9C046BD4602B080BD80B582B000AF25
:102DE0000200FB1D1A70BB1D0A1C1A70BB1D1A784D
:102DF000FB1D1B7811001800FFF7A2FAC046BD4664
:102E000002B080BD1048854602F0B2FA002103E00E
:102E10000E4B5B58435004310D480E4B42189A42FA
:102E2000F6D30D4A02E00023136004320B4B9A42A2
:102E3000F9D30B4A02E0002313600432094B9A4293
:102E4000F9D3FDF751FCFEE700600020BC1305102C
:102E5000EC0C0020880D002094010020EC0C0020D8
:102E6000C000002094010020FEE780B582B000AFD2
:102E70000200FB1D1A70C046BD4602B080BD80B581
:102E800082B000AF0200FB1D1A70C046BD4602B002
:102E900080BD80B500AFC046BD4680BD80B584B062
:102EA00000AF7860074B196E064B7A680A431A66C2
:102EB000044B1B6E7A681340FB60FB68C046BD463E
:102EC00004B080BD0000404880B582B000AF78609B
:102ED000064B1B6E7A6813407A689A4201D101232F
:102EE00000E000231800BD4602B080BD000040484D
:102EF00080B582B000AF7860044B196C034B7A68E0
:102F00000A431A64C046BD4602B080BD0000404876
:102F100080B582B000AF7860054B1A6C7B68D943EE
:102F2000034B0A401A64C046BD4602B080BDC0468D
:102F30000000404880B500AF0120FFF7C5FF031E29
:102F400008D10120FFF7D4FF0120FFF7E1FF0120A6
:102F5000FFF7A4FF00231800BD4680BD90B587B0E1
:102F600000AFF860B9607A60314B1B78DBB2013397
:102F7000DAB22F4B1A7017243B192D4A12781A70A7
:102F8000C023DB05BA6812689A62BB681A1DC023A9
:102F9000DB051268DA62BB6808331A00C023DB0560
:102FA00012681A63BB680C331A00C023DB05126871
:102FB0005A63C023DB05FA6812689A63FB681A1D1E
:102FC000C023DB051268DA63FB6808331A00C023EC
:102FD000DB0512681A64FB680C331A00C023DB059A
:102FE00012685A6400F026F8C023DB059A6C7B68EF
:102FF0001A60C023DA057B680433D26C1A60C023E0
:10300000DA057B680833126D1A60C023DA057B6825
:103010000C33526D1A60064B1B78DBB23A191278EA
:103020009A42A8D100231800BD4607B090BDC04603
:10303000DC07002080B582B000AFFB1D64221A704F
:10304000C023DB05180000F01CF8FB1D1B78DBB269
:10305000013BDAB2FB1D1A70C023DB05180000F03B
:103060001EF8031E05D0FB1D1B78DBB2002BECD134
:1030700000E0C046FB1D1B78DBB21800BD4602B065
:1030800080BD80B582B000AF78607B689B6D012207
:103090001A437B689A65C046BD4602B080BD80B5C4
:1030A00082B000AF78607B68DB6D01221340012B9A
:1030B00001D1012300E000231800BD4602B080BD0D
:1030C00080B582B000AF786039607B681B68054AC4
:1030D0001A403B681B021A437B681A60C046BD4613
:1030E00002B080BDFFC0FFFF80B582B000AF786046
:1030F00039607B681B68054A1A403B681B021A430B
:103100007B681A60C046BD4602B080BDFFC0FFFFAD
:1031100080B582B000AF78607B681B6802221A43DA
:103120007B681A60C046BD4602B080BD80B582B0E3
:1031300000AF78607B681B68802252031A437B686B
:103140001A60C046BD4602B080BD80B582B000AFF7
:1031500078607B681B68802212031A437B681A60C0
:10316000C046BD4602B080BD80B582B000AF786079
:103170007B681B68802292021A437B681A60C046F3
:10318000BD4602B080BD80B582B000AF78607B687C
:103190005A6880235B021A4080235B029A4201D165
:1031A000012300E000231800BD4602B080BD0000EE
:1031B00080B582B000AF7860396005497B68013323
:1031C000FF339B003A685A50C046BD4602B080BDEE
:1031D0000000304880B586B000AFF860B9607A6012
:1031E000FB689B000C4A944663447B610AE07A6862
:1031F000131D7B607B69191D796112681A60BB68B9
:10320000013BBB60BB68002BF1DC7B6900221A60CC
:10321000C046BD4606B080BD0004304880B586B0CB
:1032200000AFF860B9607A60FB689B000B4A944677
:1032300063447B610AE07A69131D7B617B68191D19
:10324000796012681A60BB68013BBB60BB68002BE9
:10325000F1DCC046C046BD4606B080BD0004304823
:1032600080B582B000AF7860034A7B689B009B58B2
:103270001800BD4602B080BD0004304880B500AFE4
:1032800001F0F8FC074B1800FFF750FF054B180042
:10329000FFF75BFF034B1800FFF766FFC046BD4614
:1032A00080BDC0460000304880B584B000AF786073
:1032B000144B00221A60144B00221A6001F0E6FC45
:1032C000124B7A681A600023FB600CE0FB68103335
:1032D0001A000F4BF9688900C9580C4B9200D15065
:1032E000FB680133FB60FB68072BEFDD094B1B68B4
:1032F00006490122524210009847C046BD4604B01C
:1033000080BDC046C0080020C4080020E00700209F
:10331000C8080020E808002080B582B000AFA74BA5
:103320001B68012B00D044E1A54B1B680E2B00D974
:103330003BE19A00A34BD3181B689F46A04B012288
:103340001A6036E19E4B02221A6032E19C4B032246
:103350001A602EE100237B600AE09B4B7A689200A2
:10336000D1589A4B7A689200D1507B6801337B60C8
:103370007B68072BF1DD964A964B1100180000F090
:10338000CBF98F4B04221A60904B93481A00082106
:10339000FFF744FF914B8D4A8C498020400000F09C
:1033A00083F906E18E4AFA235B0008211800FFF733
:1033B00035FF834B05221A60844B8A481A00082186
:1033C000FFF72CFF854B864A80498020400000F0A3
:1033D0006BF9EEE0844AFA235B0008211800FFF73E
:1033E0001DFF774B06221A60784AA9239B0008210B
:1033F0001800FFF713FF794B744A7449802040008E
:1034000000F052F9D5E0794AFA235B000821180050
:10341000FFF704FF6A4B07221A606C4B74481A00CE
:103420000821FFF7FBFE6D4B704A68498020400081
:1034300000F03AF9BDE06F4AFA235B00082118005A
:10344000FFF7ECFE5E4B08221A606A4A66496A4B37
:10345000180000F0F9F8ACE0594B09221A60FA2381
:103460005B001800FFF7FCFE031E04D0634B18003E
:10347000FFF71AFF9DE0554B57481A000821FFF748
:10348000CDFE564B564A51498020400000F00CF9C1
:103490008FE0584AFA235B0008211800FFF7BEFEB0
:1034A000474B0A221A60494B55481A000821FFF77A
:1034B000B5FE4A4B4F4A45498020400000F0F4F8E1
:1034C00077E0474AFA235B0008211800FFF7A6FEC1
:1034D0003B4B0B221A603D4AA9239B000821180090
:1034E000FFF79CFE3D4B414A38498020400000F0E8
:1034F000DBF85EE03C4AFA235B0008211800FFF786
:103500008DFE2F4B0C221A60304B3E481A000821CA
:10351000FFF784FE314B344A2C498020400000F0F4
:10352000C3F846E0314AFA235B0008211800FFF790
:1035300075FE234B0D221A602C4A29492E4B180088
:1035400000F082F835E0FA235B001800FFF788FEF0
:10355000031E04D02C4B1800FFF7A6FE29E0184BE1
:103560000E221A60FFF7D8FE23E0144B00221A60E7
:10357000134B00221A6001F089FB00233B600AE034
:10358000114B3A689200D158104B3A689200D150D2
:103590003B6801333B603B68072BF1DD1B4B1B682D
:1035A0000A4A11000020984703E0A020FFF77CFEA4
:1035B000FFE7C046BD4602B080BDC046C00800203F
:1035C000C4080020EC110510C8080020E007002006
:1035D0002008002000080020E3020000CC110510A4
:1035E000400800207A0200006008002080080020C7
:1035F000B9020000A0080020C411051008FF000057
:103600008F020000CE0200000DFF0000E80800203D
:1036100080B582B000AF7860FFF77EFE01F060FBFE
:10362000C046BD4602B080BD80B582B000AF7860B4
:103630007B689B681800FFF737FE01F051FBC0461E
:10364000BD4602B080BD000080B584B000AFF86018
:10365000B9607A60134B0C211800FFF745FDFB6839
:103660001B6819000120FFF7A3FDBA682E23FF3362
:1036700008211800FFF7AEFD7A689223FF33082176
:103680001800FFF7A7FDC046064B1800FFF77BFDAB
:10369000031EF9D1034B1800FFF73AFDC046BD46A3
:1036A00004B080BD0000304880B584B000AFF86041
:1036B000B9607A603B60164B10211800FFF700FDDF
:1036C000FB6819000120FFF773FDBA682E23FF3352
:1036D00008211800FFF77EFD7A689223FF33082146
:1036E0001800FFF777FD3B680A481A000821FFF72A
:1036F00071FDC046064B1800FFF745FD031EF9D1CA
:10370000034B1800FFF704FDC046BD4604B080BD62
:10371000000030485702000080B582B000AF7860EA
:1037200039607B68002B05D07B681A000821572080
:10373000FFF774FD3B68002B05D03B681A00082199
:103740006C20FFF76BFDC046BD4602B080BD000097
:1037500080B584B000AF7860074B196D064B7A686E
:103760000A431A65044B1B6D7A681340FB60FB68C3
:10377000C046BD4604B080BD0000404880B582B060
:1037800000AF78607B681B68042293431A007B6853
:103790001A60C046BD4602B080BD80B582B000AFA1
:1037A00078607B685B6801221340012B01D1012303
:1037B00000E000231800BD4602B080BD80B582B095
:1037C00000AF78607B685B6804221340042B01D152
:1037D000012300E000231800BD4602B080BD80B583
:1037E00082B000AF78607B689B689BB21800BD46D2
:1037F00002B080BD80B500AF8023DB021800FFF768
:10380000A7FF0B4B1800FFF7B9FFC046084B180085
:10381000FFF7C3FF031EF9D0054B1800FFF7CEFFDB
:10382000031E01D0012300E000231800BD4680BD27
:103830000000604880B582B000AF7860C046094B98
:103840001800FFF7AAFF031EF9D0064B1800FFF778
:10385000C6FF03001A007B681A8000231800BD46CB
:1038600002B080BD0000604890B585B000AF7860C0
:103870007B68FB60C046114B1800FFF78EFF031EEC
:10388000F9D00E4B1800FFF7AAFF03001A00FB68DF
:103890001A80C046094B1800FFF77FFF031EF9D0BE
:1038A000FB689C1C054B1800FFF799FF0300238061
:1038B00000231800BD4605B090BDC046000060481A
:1038C00080B584B000AF78607B681B68FB607B6864
:1038D00000221A817B6800225A817B6800229A812B
:1038E0007B6800229A73FB68BB60BB681B78FF2B68
:1038F0000CD17B685B689AB2FB689BB2D31A9BB20F
:10390000043B9AB27B689A81002328E0BB681B784D
:10391000FE2B06D17B681B8901339AB27B681A8122
:103920000CE0BB681B78002B06D17B685B890133F8
:103930009AB27B685A8101E0032310E0BB685B8880
:103940000333032213431A00FB68D3180133FB60CF
:10395000FB685A1D7B685B689A42C4D30023180039
:10396000BD4604B080BD80B586B000AFF8607A6017
:103970003B600B23FB180A1C1A7020203B181B8885
:10398000002B0AD010217A183B181B8853807B1813
:10399000FE221A707B187B6102E0FB685B687B612A
:1039A000FB685A68FB689B689A4203D27B691B7864
:1039B000FF2B01D104234BE0FB681B7B002B03D0C2
:1039C000FB6800221A7319E0FB685B687A69528809
:1039D000033203210A439B185A1CFB685A60FB6898
:1039E0005B687B61FB685A68FB689B689A4203D2FC
:1039F0007B691B78FF2B01D1042329E07B691B78AD
:103A0000002B23D07B691B78FE2B01D003231FE002
:103A10000B22BB181B78FF2B05D07B695B78BA188B
:103A200012789A42C8D1FB685B6804331A007B683D
:103A30001A607B695A883B681A807B6A002B03D026
:103A40007B695A787B6A1A70002301E0C046B3E7AD
:103A50001800BD4606B080BDF0B58BB002AFF8606F
:103A6000080011007B600B23FB18021C1A7008224F
:103A70001000BB180A1C1A80FB6B00221A801F263C
:103A8000BC191622BD181822BA180B23FB18197876
:103A9000FB689C467B6C019338231B18DB191B8841
:103AA00000932B006046FFF75EFF03002370BB19F5
:103AB0001B78002B02D0BB191B7827E01623FB18BC
:103AC0001B880822BA1812889A4201D306231DE0E7
:103AD000BA6908243B191B88D118302308229B1887
:103AE000DB191A881623FB181B8818003B191B8842
:103AF000C31A9A4200DD1A007B6818000CF0DFF947
:103B00001623FB181A88FB6B1A8000231800BD4689
:103B100009B0F0BD90B589B000AFF8607A600A20B6
:103B20003B180A1C1A807B68BB6101007B181B884C
:103B30009B089AB216203B1892001A807B181B88AB
:103B4000D9B23B181B88DAB21523FB188A1A1A70EF
:103B50000023FB6113E0FB69BA69D1181023FB183D
:103B6000042218000CF0ABF9FA69FB68D3183A6923
:103B70001900002002F00EFAFB690433FB611624E1
:103B80003B191B88FA699A42E5DB01235B423B61E2
:103B90003B191B88BA69D1181523FB181A78102312
:103BA000FB1818000CF08BF93B191A88FB68D31826
:103BB0003A691900002002F0EDF9C046BD4609B08F
:103BC00090BDF0B587B000AFF860080011007B60D1
:103BD0000B257B19021C1A7008243B190A1C1A8039
:103BE00000233B611023FB187B613B191B88013BC1
:103BF0009BB21BB2032213431BB29AB23B19013290
:103C00001A807B69FE221A707B697A1912785A70C1
:103C10003A1920250826AB1908218C46BC44634478
:103C200012881B88D3189AB27B695A803A69FB685C
:103C30001900002002F0AEF9FB68181D7A683B19E4
:103C40001B881900FFF766FF3B191A88FB68D31819
:103C5000181D7A6BAB1908218C46BC4463441B8841
:103C60001900FFF757FF00231800BD4607B0F0BD4D
:103C700090B587B000AFF86008007A6019000A2399
:103C8000FB18021C1A8008231800FB180A1C1A8053
:103C9000BB6A00221A8024221318DB191B88002B10
:103CA0000BD010217B181218D21912885A807B1859
:103CB000FE221A707B187B6102E0FB685B687B6107
:103CC000FB685A68FB689B689A4203D27B691B7841
:103CD000FF2B01D1042333E0FB681B7B002B03D1B6
:103CE0007B691B78FE2B01D0052329E07B695B886B
:103CF0000A22BA1812889A4201D3062320E0FB68F0
:103D000000221A730A243B191A88FB685B68D318CF
:103D1000043318000823FB181A887B695B88190094
:103D20003B191B88CB1A9A4200DD1A007B68010000
:103D300018000CF0C4F87B695A88BB6A1A8000230B
:103D40001800BD4607B090BD80B588B000AF786060
:103D50000A00FB1C1A707B680D4A94466344DB0A18
:103D6000FB6110217B1800221A60FA697B185A60E7
:103D7000FB1C1A787B189A600C23FA187B18110028
:103D8000180002F0E5F9C046BD4608B080BDC04647
:103D90000000FCEF80B586B000AFF860B9607A60D3
:103DA0007B685B055B0D07D1FB687A68B968180012
:103DB0000CF018F8031E26D07B68013B144A13430D
:103DC0000133DB0ADAB2FB6811001800FFF7BCFF11
:103DD00000237B6112E07A69FB68D1187B69002BB4
:103DE00000DA03339B109B00BA68D3181B681A00D3
:103DF000002002F0CFF87B6904337B617B697A682D
:103E00009A42E8D800E0C046BD4606B080BDC04634
:103E1000FF07000080B582B000AF78607B680122A8
:103E20001A707B6800225A807B6800229A80C04604
:103E3000BD4602B080BDF0B58DB004AFF860B9608A
:103E40003B60BB1D1A801E23FB1800221A80BB1D7D
:103E50001A88BB68FF2118000BF0D2FF1023FB1853
:103E6000FE221A70BA1D1E257B1912881B88D31AD0
:103E70009AB21C23FB18043A1A80BB6B1B78002BE8
:103E80004ED07B191B880433BA68D118BB6B9B8852
:103E90001B26BC19F8681022BA180132039202934B
:103EA0001622BB1801931C23FB181B8800930B00E0
:103EB0000022FF21FFF7D0FD030023701622BB185C
:103EC0001A88BB6B9A80BB191B78002B06D03B6805
:103ED0007A1912881A80BB191B78A1E01623FB18E7
:103EE0001A8810217B185A801E257B191B88BA68F6
:103EF000D3180C007918042218000BF0E0FF3B19CE
:103F00005B8803339BB21BB2032213431BB29AB2EA
:103F10007B191B88D3189AB27B1901321A8031E0C1
:103F2000BB6B59881E23FB181B88BA68D518BB6B5E
:103F30009B881B26BC191C22BA181288F8680193AA
:103F40001623FB18009313002A00FFF791FE0300CD
:103F50002370BB191B78002B02D0BB191B785FE0C4
:103F60001623FB181A88BB6B5B88D31A9BB2013BE4
:103F70009BB21BB2032213431BB29AB21E23FB183F
:103F800001321A801623FB181A88BB6B5B88D31A80
:103F90009BB2013B9BB21BB2032213431BB29AB2EA
:103FA00018217B1801321A807A181C217B1812887C
:103FB0001B889A4210D9BB6B00221A70BB6B5A88BF
:103FC0007B181B88D3189AB2BB6B5A803B68BA1D0A
:103FD00012881A80002323E01823FA181C23FB18E8
:103FE00012881B889A420BD1BB6B01221A70BB6BE3
:103FF00000225A803B68BA1D12881A8000230FE005
:104000001823FA181C23FB1812881B889A4200D325
:1040100028E7BB6B01221A70BB6B00225A8021E794
:104020001800BD4609B0F0BDF0B5604CA54402AF24
:1040300002005F4B842109015B18DB191A705C4B8D
:104040005B18DB191A785B4913009B009B189B00D7
:10405000CB180A331B88002B01D10023A0E0564B5C
:10406000FC18564D7A19524B842109015B18DB1953
:104070001B781100180000F04BFC030023707B1923
:104080005B684F4ABA1813604E4BFB181800FFF7D5
:10409000C1FE494EBC194C4BFD1880231A010C235C
:1040A000F918464BF818474BFB1800932B00FFF705
:1040B000C2FE03002370BB191B78042B06D0BB196A
:1040C0001B78002B02D0BB191B7869E03E4BFB1814
:1040D0001A8880231B019A4204D0374BFB181B78A7
:1040E000002BD6D0384ABB181B88002B19D0BB1820
:1040F0001B881A000C23F918314C3B191B68180057
:10410000FFF748FE2200BB181B68802109018C467E
:104110006344BA181360284BFB181B78002B02D19C
:10412000B7E7C04600E0C046244BFB189B68013B44
:10413000264A1A4322497B181B68D31A0133DA0A2C
:1041400023483B181A707B181B68224A9446634424
:10415000DA0A214C3B191A70812109017B180022CF
:104160001A603B191A787B185A603B181A787B182A
:104170009A601A4BFA187B181100180001F0E8FF3A
:104180000B4B842212019B18DB191A7813009B0039
:104190009B189B00074A9B181800FFF791FB030030
:1041A0001800BD460E4B9D44F0BDC046B4F7FFFF5E
:1041B000C7F7FFFFEC0800203B08000024080000C0
:1041C0003C0800001C08000036080000FF07000043
:1041D0003A0800000000FCEF390800000C0800005D
:1041E00044080000F0B57A4CA54402AF7860794BE2
:1041F000FB1800221A70784BFB1800221A7000235B
:10420000764ABA18136023E07B689968734BFB18F1
:104210001A6813005B009B189B00CA1870497B1832
:1042200012781A707B181A786E4913009B009B183D
:104230009B00CB180A331B88002B03D0664BFB185E
:1042400001221A70654ABB181B680133BA18136043
:104250007B681B791A00614BFB181B689342D3DB08
:104260005D4BFB181B78002B01D10023ABE08023B2
:104270001A010823FB18FF2118000BF0C1FD0023D1
:10428000564ABA18136051E07B68996853483B1846
:104290001A6813005B009B189B00CA18504D7B19CD
:1042A00012781A707B6899683B181A6813005B00D3
:1042B0009B189B00CB185B6882221201BA1813600E
:1042C000494EBC1981231B01FA187B191B78110078
:1042D000180000F01DFB03002370BB191B78002B96
:1042E00001D000236FE0414D7B191800FFF792FDCC
:1042F0000823FA18822000013B181B68D1183B18CC
:104300001B689BB280221201D31A9AB2384BFC1858
:1043100081231B01F8187B1900932300FFF78BFD05
:104320002E4ABB181B680133BA1813607B681B79CF
:104330001A002A4C3B191B689342A5DB7B681B685B
:1043400080221201082179181800FFF723FD0023AD
:104350003A1913602CE07B689968204BFB181A68A7
:1043600013005B009B189B00CA181D497B1812782C
:104370001A707B181A7813009B009B189B00194A2F
:104380009B18194D7C191800FFF79AFA0300237047
:104390002A00BB181B78002B04D00E4BFB18BA1850
:1043A00012781A700D4ABB181B680133BA181360D3
:1043B0007B681B791A00094BFB181B689342CADB08
:1043C000044BFB181B781800BD460A4B9D44F0BDFA
:1043D000C4F7FFFF2F08000027080000280800008E
:1043E00026080000EC08002025080000080800004E
:1043F0000E0800003408000090B587B000AF02003E
:104400003960FB1D1A7000237B6116E00B243919FB
:104410002E487A6913005B009B189B00C318063373
:104420001B780B703A19FB1D12781B789A4201D148
:10443000022346E07B6901337B617B69012BE5DD6B
:1044400000233B6139E00023FB6026E020493A6904
:1044500013005B009B189B00CB1808331968FA689F
:1044600013005B009B189B00CA180B217B18127865
:104470001A707A18FB1D12781B789A420AD13A6991
:1044800013005B009B189B00114A9A183B681A6046
:10449000012316E0FB680133FB600D493A69130004
:1044A0005B009B189B00CB1804331B781A00FB6839
:1044B0009342CBDB3B6901333B613B69002BC2DBA1
:1044C00000231800BD4607B090BDC0462812051055
:1044D00018090020F0B589B002AFF860080011009B
:1044E0007B600B23FB18021C1A7008203B180A1C67
:1044F0001A8001007B181B88013B9BB21BB2032270
:1045000013431BB29AB27B1801321A80FB685B68B6
:104510005A1DFB689B689A4210D3FB681B781900F0
:104520004A4A0B009B005B189B00D3180A331B8878
:10453000002B01D00B2384E0022382E0FB685B6840
:104540007B617B691B78FF2B1CD1FB689A68FB6839
:104550005B68D31A80225202934200D33C4B122153
:104560007A181380C04608231800FB181A882823DD
:104570001B18DB191B88D318DA1C7B181B889A427E
:1045800027DB15E07B691B78FE2B05D07B691B7848
:10459000002B01D0032354E0FB685B687A695288E2
:1045A000033203210A439B185A1CFB685A60ADE78B
:1045B000FB681B781900254A0B009B005B189B00C9
:1045C000D3180A331B88002B01D00B2339E00223B8
:1045D00037E0FB6858681126BC197D6808231A006B
:1045E000FB181B889C460B23FB1819787B6B0193E7
:1045F00028239B18DB191B8800932B006246FFF7CA
:10460000E0FA03002370BB191B78002B02D0BB1902
:104610001B7816E0FB681B781A000C4913009B00FE
:104620009B189B00CB1808331B88013398B20749AD
:1046300013009B009B189B00CB180833021C1A80A8
:1046400000231800BD4607B0F0BDC046EC080020AE
:10465000FFFF0000B0B588B000AF0023FB61CDE0E4
:10466000A849FA6913005B009B189B005B58FB602C
:104670000023BB61B1E0A349FA6913005B009B18FA
:104680009B00CB1808331968BA6913005B009B18AC
:104690009B00CA1813203B1812781A709949FA69BE
:1046A00013005B009B189B00CB1808331968BA698C
:1046B00013005B009B189B00CB185B68BB609149A3
:1046C000FA6913005B009B189B00CB18083319682C
:1046D000BA6913005B009B189B00CA18BB1D1289A6
:1046E0001A803B181A78884913009B009B189B007E
:1046F0005B58002B03D13B181B78012B01D90123F8
:10470000FCE013243B191A78F968BB68C8187E4985
:1047100013009B009B189B0058507A49FA691300BC
:104720005B009B189B00CB1804331B78013BBA69D4
:104730009A420ED13B191A78FB6880210901591859
:10474000714813009B009B189B00C3180433196029
:104750001DE06C49FA6913005B009B189B00CB18A5
:1047600008331968BB695A1C13005B009B189B0037
:10477000CB1859681323FB181A78FB68C9186248CC
:1047800013009B009B189B00C3180433196013206F
:104790003B181A785C4913009B009B189B00CB18B0
:1047A0001033BA1D12881A803B181A7813009B0028
:1047B0009B189B00544A9B1812257C191800FFF780
:1047C0007FF8030023707B191B78002B02D07B1924
:1047D0001B7893E0BB690133BB614A49FA69130056
:1047E0005B009B189B00CB1804331B781A00BB6935
:1047F000934200DA3FE7FB690133FB61FB69002B61
:1048000000DA2DE700237B6174E0132439193F4857
:104810007A6913005B009B189B00C31806331B7852
:104820000B703B191A78384913009B009B189B00AA
:104830005B58002B03D13B191B78012B01D90123B5
:104840005CE013243B191A78304879690B005B004F
:104850005B189B0018582C4913009B009B189B0069
:1048600058502A497A6913005B009B189B005958DD
:1048700026487A6913005B009B189B00C318043319
:104880001B8818003B191A7809181F4813009B0051
:104890009B189B00C318043319603B191A781B48F6
:1048A00079690B005B005B189B00C31808331888FC
:1048B000154913009B009B189B00CB181033021C5A
:1048C0001A803B191A7813009B009B189B000E4A14
:1048D0009B1812257C191800FEF7F2FF03002370C5
:1048E0007B191B78002B02D07B191B7806E07B69B3
:1048F00001337B617B69012B87DD00231800BD46F6
:1049000008B0B0BD18090020EC08002028120510DE
:1049100080B582B000AF02003960FB1D1A70FB1D2C
:104920001B78012B01D9012320E0FB1D1A781149C6
:1049300013009B009B189B005A583B685A60FB1D54
:104940001A780C4913009B009B189B00CB1804336A
:104950001A683B689A603B6801221A733B68FA1D2B
:1049600012781A703B6800225A7300231800BD4663
:1049700002B080BDEC08002090B589B004AFF860AB
:10498000080011007B600B23FB18021C1A7008231F
:10499000FB180A1C1A80FB681B781900124A0B00CE
:1049A0009B005B189B00D3180E331B78002B01D0A3
:1049B0000A2315E07C680823FB181A880B23FB18D0
:1049C0001978F86800230393002302937B6A01930C
:1049D0002023FB181B8800932300FFF73DF80300FA
:1049E0001800BD4605B090BDEC08002090B587B01A
:1049F00002AFF86008007A6019000A23FB18021C55
:104A00001A800823FB180A1C1A80FB681B781900FF
:104A10000F4A0B009B005B189B00D3180E331B78CA
:104A2000002B01D00A230FE00823FB181C887A68AA
:104A30000A23FB181988F868002301933B6A009346
:104A40002300FFF715F903001800BD4605B090BD1F
:104A5000EC080020F0B5C64600B588B002AFF8609B
:104A6000080011007B600B231C00FB18021C1A704D
:104A700008203B180A1C1A801726B046B8447D68E7
:104A80003B181A882300FB181978F8687B6B019390
:104A9000282308241B19DB191B8800932B00FFF720
:104AA00019FD030042461370BB191B78002B02D07E
:104AB000BB191B782CE0FB681B781900174A0B0008
:104AC0009B005B189B00D3180C331A88082318002E
:104AD000F91828231B18DB1909881B88CB189BB2EF
:104AE000013B9BB21BB203210B431BB29BB2D31AF7
:104AF0009BB2FA6812781100053B98B2074A0B0086
:104B00009B005B189B00D3180C33021C1A800023F7
:104B10001800BD4606B080BCB846F0BDEC080020C9
:104B2000B0B584B000AF0200FB1D1A700023BB605B
:104B30000F257C190823FA18FB1D1B78110018009B
:104B4000FFF75AFC030023707B191B78022B06D158
:104B5000FB1D1B781800FFF767FA03000BE00F231B
:104B6000FB181B78012B05D1BB681800FFF73AFB37
:104B7000030000E001231800BD4604B0B0BD0000F2
:104B800090B583B000AFFC1D00F016F80300237051
:104B9000FB1D1B787F2B08D8FB1D1B781800FFF727
:104BA000BFFF044B18000AF041FF00231800BD4668
:104BB00003B090BD340A051080B582B000AF2B4B16
:104BC00000229A56FB1D1A70FB1D1A782849130003
:104BD0009B009B189B00CB180A331B88002B28D006
:104BE000FB1D1A78224913009B009B189B00CB18D1
:104BF0000C331988FB1D1A781D4813009B009B1865
:104C00009B00C31810331B88994212D2FB1D1B78DE
:104C10000133DBB25AB2154B1A70144B1B785BB2DE
:104C2000022B02D1114B00221A70FB1D1B785BB2C4
:104C300017E0FB1D1A78FB1D01321A70FB1D1B7853
:104C4000022B02D1FB1D00221A70FB1D1B78074AA4
:104C5000127852B29342B7D1044B00221A7001234A
:104C60005B421800BD4602B080BDC046140900205A
:104C7000EC08002080B500AF034B01221A6000232E
:104C80001800BD4680BDC046100D002080B584B020
:104C900000AF0F217B1800221A70EFF310837B60A6
:104CA0007B68BB6072B6C0460C4B1B68032B03D0FD
:104CB0007B18FE221A7002E0084B01221A60BB68C2
:104CC0003B603B6883F31088C0460F23FB181B78BA
:104CD0005BB21800BD4604B080BDC046100D002078
:104CE00080B500AFC046BD4680BD80B582B000AF84
:104CF00002003960FB1D1A7011231800BD4602B076
:104D000080BD000080B582B000AF0200FB1D1A70AC
:104D1000FB1D1B787F2B09D8FB1D1B781A001F2356
:104D20001A40044B012191400A001A60C046BD465A
:104D300002B080BD00E100E080B582B000AF0200AB
:104D4000FB1D1A70FB1D1B787F2B10D8FB1D1B78D9
:104D50001A001F231340084901229A4013008022A1
:104D60008B50BFF34F8FC046BFF36F8FC046C04616
:104D7000BD4602B080BDC04600E100E080B500AF96
:104D8000054B5B6904221340042B01D1012300E091
:104D900000231800BD4680BD0000504880B500AF1C
:104DA000034BDA698023DB0013401800BD4680BD49
:104DB0000000504880B582B000AF7860064BDB69D8
:104DC000064A13401900044B7A680A43DA61C04668
:104DD000BD4602B080BDC04600005048FFFDFFFF49
:104DE00080B500AF074BDA6980239B001A4080230F
:104DF0009B009A4201D1012300E000231800BD4628
:104E000080BDC0460000504880B582B000AF7860D9
:104E1000064BDB690F2293431900044B7A680A435F
:104E2000DA61C046BD4602B080BDC04600005048B1
:104E300080B582B000AF78608023DB05996B80235A
:104E4000DB057A680A439A63C046BD4602B080BD5E
:104E500080B582B000AF78608023DB059A6B7B68F9
:104E6000D9438023DB050A409A63C046BD4602B0A1
:104E700080BD80B582B000AF02003960FB1D1A70A2
:104E8000FB1D1B78002B09D18023DB05DA6A3B6808
:104E9000D9438023DB050A40DA6207E08023DB0583
:104EA000D96A8023DB053A680A43DA62C046BD4608
:104EB00002B080BD80B582B000AF02003960FB1D3A
:104EC0001A70FB1D1B78042B60D89A00314BD31845
:104ED0001B689F468023DB05196B8023DB053A683E
:104EE0000A431A638023DB055A6B3B68D94380234E
:104EF000DB050A405A6349E08023DB051A6B3B68F7
:104F0000D9438023DB050A401A638023DB05596BF4
:104F10008023DB053A680A435A6337E08023DB05C8
:104F20001A6B3B68D9438023DB050A401A63802350
:104F3000DB055A6B3B68D9438023DB050A405A6383
:104F400024E08023DB051A6B3B68D9438023DB0513
:104F50000A401A638023DB055A6B3B68D9438023E0
:104F6000DB050A405A6311E08023DB051A6B3B68BE
:104F7000D9438023DB050A401A638023DB05596B84
:104F80008023DB053A680A435A63FFE7C046BD4603
:104F900002B080BD4012051080B582B000AF7860CD
:104FA0008023DB05DB6B7A6813407A689A4201D173
:104FB000012300E000231800BD4602B080BD80B58B
:104FC00082B000AF78608023DB057A68DA63C04680
:104FD000BD4602B080BD000080B584B000AF7860EF
:104FE000074B596D064B7A680A435A65044B5B6D53
:104FF0007A681340FB60FB68C046BD4604B080BDC4
:105000000000404880B500AF1F231800BD4680BD9A
:1050100080B500AF1F231800BD4680BD80B582B0AB
:1050200000AF0200FB1D1A70FB1D1B78002B1DD06A
:105030002D4B1B78002B29D12B4B01221A7080237A
:105040005B001800FFF7C8FF01210220FFF732FFC5
:1050500001210020FFF70DFF0120FFF7E9FE0120ED
:10506000FFF7ADFF1920FFF74DFE0FE01E4B1B7839
:10507000012B0BD11C4B00221A700120FFF7E8FE18
:105080001920FFF759FE0120FFF799FFFFF7A8FE4F
:10509000031E24D1FFF782FE02008023DB009A4228
:1050A0001DD080239B001800FFF784FEC046FFF749
:1050B00065FE031EFBD1FB1D1B78002B03D00E20C9
:1050C000FFF7A2FE02E00420FFF79EFE0020FFF79C
:1050D00071FEC046FFF752FE031EFBD000E0C04643
:1050E000BD4602B080BDC0461C09002080B500AF9F
:1050F000164B1B78002B25D00120FFF74DFF031E18
:1051000021D0134AA6239B00D358102213400AD063
:105110000F4A95239B00D3580D4902221A43952329
:105120009B00CA500AE00A4A95239B00D3580849BD
:10513000022293431A0095239B00CA500120FFF7D7
:105140003EFF00E0C046BD4680BDC0461C090020B1
:105150000014006080B500AF8023DB051B680F22C0
:1051600013401800BD4680BD80B500AF8023DB052D
:105170001B681B090F2213401800BD4680BD80B577
:1051800000AF8023DB055B681800BD4680BD0000D2
:1051900080B500AF034B1B681B041B0C1800BD46F9
:1051A00080BDC0461410004080B582B000AF00231F
:1051B0007B607B681800BD4602B080BD80B584B0BE
:1051C00000AF78607B68FF221A70FFF7D8FF0300FA
:1051D000FB60FB68184A934202D17B6805221A7073
:1051E000FFF7C2FF0300DAB27B685A70FFF7B2FF25
:1051F0000300DAB27B689A70FFF7C1FF02007B6898
:105200005A60FFF7C5FF030001339A007B689A607C
:10521000FFF7CAFF031E07D0FFF7C6FF03000133E5
:105220009A037B68DA6003E07B68C022D201DA600F
:10523000C046BD4604B080BD4180020280B582B048
:1052400000AF7860084B1B781A0094235A43074B31
:10525000D018FA239B00391D012205F0A7FB7B68BB
:105260001800BD4602B080BDB4090020200900200E
:1052700090B583B000AF02003960FB1D1A70FB1DB2
:105280001B787F2B28D82F4AFB1D1B785BB29B080D
:10529000C0339B009B58FA1D1278110003220A406C
:1052A000D200FF2191400A00D2431A4011003B680E
:1052B0009B01FF221A40FB1D1B78180003230340AB
:1052C000DB009A401F48FB1D1B785BB29B080A431A
:1052D000C0339B001A5031E01B4AFB1D1B7819009C
:1052E0000F230B40083B9B0806339B00D318043365
:1052F0001B68FA1D1278110003220A40D200FF2118
:1053000091400A00D2431A4011003B689B01FF22E2
:105310001A40FB1D1B78180003230340DB009A4052
:105320000948FB1D1B781C000F232340083B9B08EA
:105330000A4306339B00C31804331A60C046BD46B7
:1053400003B090BD00E100E000ED00E080B500AFEB
:10535000BFF34F8FC046044B044ADA60BFF34F8F50
:10536000C046C046FDE7C04600ED00E00400FA0577
:1053700090B587B000AF5E4A9423D358002B0ED16E
:105380005C4B1B69002B03D15A4B9B6B002B06D047
:10539000594B01229A60FAF727FFFFF7D7FF574BC7
:1053A000574A9A60554B9A68534B1A61514B5A6849
:1053B000504B20210A435A604E4B5A684D4B51497D
:1053C0000A405A60C0464B4B5B6904221340042BD1
:1053D000F9D1484BDB69302293431A00454B202119
:1053E0000A43DA61434BDA69424B47490A40DA61C2
:1053F000404BDA693F4B802149000A43DA61434B55
:105400001B68434A934255D01F233B610823FB602E
:105410000A23BB6003237B60354BDB681E2293436A
:105420001900FB685A00324B0A43DA60304BDA68E5
:105430002F4B01210A43DA602D4BDB68354A1340BC
:1054400019003B691A062A4B0A43DA60284BDA68CE
:10545000274B802109040A43DA60264A9423D35853
:105460002D4A1A40BB689901F0239B000B4021494B
:10547000134394228B501F4A9423D3581D49202252
:10548000134394228B501B4A9423D358234A1A4027
:105490007B68D902E0239B010B40164913439422F9
:1054A0008B50144A9423D35812498022D2001343BC
:1054B00094228B501723FB1800221A700DE017243A
:1054C0003B191B785BB203211800FFF7D1FE2100C6
:1054D0007B181A787B1801321A701723FB181B7877
:1054E0001F2BECD962B6C046C046BD4607B090BD82
:1054F00000004048000050480400002000ED00E09B
:1055000000000410FFFEFFFFFFFBFFFFF81E00106E
:10551000CCECBCFCFFFFFFC03FFCFFFFFFC7FFFF61
:1055200080B582B000AF134B9B685B08DAB2FB1DFD
:1055300001210A401A700F4B9B681B0ADAB2BB1D8F
:1055400007210A401A70FB1D1B78002B07D0BB1DDA
:105550001B78013B084ADA40084B1A6005E0BB1D86
:105560001B78074ADA40054B1A60C046BD4602B0B8
:1055700080BDC046000040480048E801140D0020EE
:105580000090D00380B582B000AFFB1D00221A70DE
:10559000032000F00FF8031E03D0FB1D01221A7038
:1055A00001E0FBF7E1FEFB1D1B781800BD4602B0D1
:1055B00080BD000090B585B000AF78600F23FB1868
:1055C00000221A701D4B1B78002B2CD004F046FED5
:1055D00004001A4B1B781900FA239800FAF728FEEA
:1055E000030019002000FAF723FE0300180000F062
:1055F000C4FC031E12D17B68032B0AD879680123EF
:105600005B420022180000F093FC0D4B7A681A6090
:105610000DE00F23FB1801221A7008E00F23FB187E
:1056200001221A7003E00F23FB1801221A700F23C6
:10563000FB181B781800BD4605B090BD1C0D00205E
:10564000180D002080B500AF054B1B781A00054BE4
:105650001B68D218034B1A60C046BD4680BDC046C9
:105660001C0D0020B809002080B500AF024B1B685C
:105670001800BD4680BDC046B809002080B500AF07
:10568000024B1B681800BD4680BDC046180D0020A7
:1056900080B584B000AF7860FFF7E6FF0300BB6021
:1056A0007B68FB60FB68013305D00A4B1B781A004E
:1056B000FB689B18FB60C046FFF7D6FF0200BB6883
:1056C000D31AFA689A42F7D8C046C046BD4604B01D
:1056D00080BDC0461C0D002080B582B000AF786050
:1056E00039607B685B68054A1A403B681A437B68EF
:1056F0005A60C046BD4602B080BDC046FFFFF7FFFE
:1057000080B582B000AF78607B685B688022D2028F
:105710001A437B685A60C046BD4602B080BD000097
:1057200080B582B000AF78607B685B68034A1A403E
:105730007B685A60C046BD4602B080BDFFFFFBFFDC
:1057400080B582B000AF78607B685B68802292028F
:105750001A437B685A60C046BD4602B080BD000057
:1057600080B582B000AF78607B685B68034A1A40FE
:105770007B685A60C046BD4602B080BDFFFFFDFF9A
:1057800080B582B000AF786039607B685B68054A9D
:105790001A403B681A437B685A60C046BD4602B057
:1057A00080BDC046FF7FFFFF80B582B000AF78604C
:1057B00039607B685B68054A1A403B681A437B681E
:1057C0005A60C046BD4602B080BDC046FFE71FFF1D
:1057D00080B582B000AF786039607B685B683C223E
:1057E00093431A003B68013B9B001A437B685A6055
:1057F000C046BD4602B080BD80B582B000AF7860C3
:105800007B685B6801221A437B685A60C046BD46CC
:1058100002B080BD80B582B000AF78607B685B6805
:10582000012293431A007B685A60C046BD4602B00D
:1058300080BD80B582B000AF78607B689B68202215
:105840001A437B689A60C046BD4602B080BD80B5F1
:1058500082B000AF78607B689B6820221340202BC9
:1058600001D1012300E000231800BD4602B080BD35
:1058700080B582B000AF78607B689B6801221340DE
:10588000012B01D1012300E000231800BD4602B026
:1058900080BD000080B584B000AFF860B9607A6068
:1058A000FB685B690B49BA688A18127811000322F9
:1058B0008A40D2431A400749BB68CB181B781900AD
:1058C0007B688B401A43FB685A61C046BD4604B0F2
:1058D00080BDC0465412051080B584B000AFF8609A
:1058E000B9607A60FB68DB693F2293431A00BB68AA
:1058F000D9007B680B431A43FB68DA61C046BD469A
:1059000004B080BD80B586B000AFF860B9607A6041
:10591000FB6820331900BB681B0A9B00042213405C
:10592000CB187B617B691B68BA68FF210A400F2195
:1059300091400A00D2431A40BB68FF210B407968AE
:1059400099400B001A437B691A60C046BD4606B0F9
:1059500080BD80B586B000AFF860B9607A603B600A
:10596000FB6828331A00BB689B00D3187B617B69F6
:105970001B681B0D1A057B681B05190D3B68180376
:10598000FF231B0303400B431A437B691A60C04685
:10599000BD4606B080BD000080B584B000AFF860A1
:1059A000B9607A607B68002B0AD1FB689B6B302260
:1059B00093431A00BB681B011A43FB689A6315E006
:1059C0007B68022B09D1FB689B6B0A4A1A40BB68B3
:1059D0009B021A43FB689A6308E0FB689B6B064ACC
:1059E0001A40BB681B041A43FB689A63C046BD4655
:1059F00004B080BDFFF3FFFFFFFFFCFF80B584B064
:105A000000AFF860B9607A607B68002B0AD1FB6850
:105A10009B6B0C2293431A00BB689B001A43FB68E4
:105A20009A6315E07B68022B09D1FB689B6B0A4ADD
:105A30001A40BB681B021A43FB689A6308E0FB68C4
:105A40009B6B064A1A40BB689B031A43FB689A6328
:105A5000C046BD4604B080BDFFFCFFFFFF3FFFFF17
:105A600080B584B000AFF860B9607A607B68002BC5
:105A700009D1FB689B6B032293431A00BB681A434E
:105A8000FB689A6316E07B68022B0AD1FB689B6B6C
:105A9000C02293431A00BB689B011A43FB689A63B8
:105AA00008E0FB689B6B054A1A40BB681B031A435E
:105AB000FB689A63C046BD4604B080BDFFCFFFFFC0
:105AC00080B584B000AF78600F23FB1800221A70F5
:105AD0007B68002B01D10123B5E07B681B6B002B99
:105AE0000AD17B681800FBF761FC7B6800225A63CF
:105AF0007B682C22002199547B681B681800FFF7F3
:105B0000A6FE031E04D17B681B681800FFF791FEF8
:105B10007B681B6B1022134000D087E07B681B68FA
:105B20001800FFF7A5FE031E00D07FE07B681B6B0B
:105B3000474A134002221A437B681A637B681A683B
:105B40007B685B6919001000FFF72EFE7B681A68FE
:105B50007B681B6919001000FFF7BEFD7B681B7A8C
:105B6000012B05D17B681B681800FFF745FE04E098
:105B70007B681B681800FFF74DFE7B681A687B681E
:105B80005B6A19001000FFF7FBFD7B681B6A002BA6
:105B90000AD17B681B681800FFF7C2FD7B681B6891
:105BA0001800FFF7DDFD27E07B681B6A012B0AD197
:105BB0007B681B681800FFF7A3FD7B681B68180053
:105BC000FFF7CEFD18E07B681B6A022B0AD17B68C9
:105BD0001B681800FFF7A4FD7B681B681800FFF71F
:105BE000AFFD09E07B681B681800FFF789FD7B6843
:105BF0001B681800FFF7A4FD7B6818687B6899692B
:105C00007B68DB691A00FFF767FE7B681A687B68B0
:105C1000DB6819001000FFF7DBFD7B681B6B0322BC
:105C2000934301221A437B681A6309E07B681B6B6C
:105C300010221A437B681A630F23FB1801221A7083
:105C40000F23FB181B781800BD4604B080BDC0466A
:105C5000FDFEFFFF80B584B000AF786039600F2390
:105C6000FB1800221A707B682C229B5C012B01D14F
:105C70000223A4E07B682C22012199547B681B68D5
:105C80001800FFF7F5FD031E1AD17B6818683B6802
:105C900059683B681B681A00FFF734FE3B681B68B5
:105CA0000D2B17D03B681B680C2B13D07B68186832
:105CB0003B6819683B689B681A00FFF7EBFD09E039
:105CC0007B681B6B20221A437B681A630F23FB1827
:105CD00001221A703B68DB68032B68D03B685B6964
:105CE000002B03D03B685B69BB6013E03B689B689B
:105CF000002B03D03B681B680D2B02D1324BBB60DD
:105D000008E03B689B68022B02D1304BBB6001E08E
:105D10002F4BBB607B6818683B68D9683B681B6980
:105D2000BA68FFF716FE3B681B680D2B34D89A0043
:105D3000284BD3181B689F467B6818683B68D96856
:105D40003B689B681A00FFF78BFE31E07B681868A0
:105D50003B68D9683B689B681A00FFF74FFE27E055
:105D60007B6818683B68D9683B689B681A00FFF736
:105D700013FE1DE07B6818683B68DB68032219008E
:105D8000FFF76EFE14E07B6818683B68DB68002252
:105D90001900FFF733FE0BE07B681B6B20221A43D0
:105DA0007B681A630F23FB1801221A7000E0C046BB
:105DB0007B682C22002199540F23FB181B781800B4
:105DC000BD4604B080BDC046FF0F0000FF070000C5
:105DD000550500006012051080B582B000AF0200CA
:105DE000FB1D1A70FB1D1B787F2B09D8FB1D1B7830
:105DF0001A001F231A40044B012191400A001A6027
:105E0000C046BD4602B080BD00E100E090B583B061
:105E100000AF02003960FB1D1A70FB1D1B787F2B41
:105E200028D82F4AFB1D1B785BB29B08C0339B0010
:105E30009B58FA1D1278110003220A40D200FF215C
:105E400091400A00D2431A4011003B689B01FF2297
:105E50001A40FB1D1B78180003230340DB009A4007
:105E60001F48FB1D1B785BB29B080A43C0339B0095
:105E70001A5031E01B4AFB1D1B7819000F230B4001
:105E8000083B9B0806339B00D31804331B68FA1D9C
:105E90001278110003220A40D200FF2191400A002B
:105EA000D2431A4011003B689B01FF221A40FB1DA0
:105EB0001B78180003230340DB009A400948FB1DB0
:105EC0001B781C000F232340083B9B080A43063322
:105ED0009B00C31804331A60C046BD4603B090BD92
:105EE00000E100E000ED00E080B582B000AF786036
:105EF0007B685A1E80235B049A4201D3012310E081
:105F00000A4B7A68013A5A6001235B420321180068
:105F1000FFF77CFF054B00229A60044B07221A60B2
:105F200000231800BD4602B080BDC04610E000E06E
:105F300080B584B000AFB9607A600F217B18021C75
:105F40001A70BA687B181B785BB211001800FFF753
:105F50005DFFC046BD4604B080BD80B582B000AFD5
:105F60000200FB1D1A70FB1D1B785BB21800FFF7C7
:105F700033FFC046BD4602B080BD80B582B000AFE1
:105F800078607B681800FFF7AFFF03001800BD467C
:105F900002B080BDB0B586B000AFF860B9607A607D
:105FA0001723FB1800221A701D4B1B78012B01D1FF
:105FB000022331E01A4B01221A70194B00225A6059
:105FC00017257C19FA239B00180000F02BF803001A
:105FD00023707B191B78002B18D1FB68002B06D18E
:105FE0007A68BB681100180000F056F805E07A687E
:105FF000BB681100180000F071F81723FC18FA2391
:106000009B00180000F00EF803002370044B0022E0
:106010001A701723FB181B781800BD4606B0B0BDD8
:10602000BC09002080B584B000AF7860FFF71CFB8E
:106030000300FB600CE07B68013309D0FFF714FB21
:106040000200FB68D31A7A689A4201D803231BE046
:106050000F4B1B6901221340012BECD10C4B1B6928
:106060000C2213400C2B0ED1094B9A68094B5B682C
:106070001A43084B5A60064B1A69054B0C210A4318
:106080001A61012300E000231800BD4604B080BD62
:1060900000100040BC09002080B582B000AF7860DD
:1060A00039600C4B1A690B4B0F210A431A617B684C
:1060B000094A944663449A08064B1204120C9A61EA
:1060C000044B3A681A64034B33221A60C046BD463B
:1060D00002B080BD001000400000FCEF80B584B02D
:1060E00000AF786039603B68FB60174B1A69164B4C
:1060F0000F210A431A617B68144A944663449A0844
:10610000114B1204120C9A610F4AFB681B6813644E
:10611000FB680433FB600C4AFB681B685364FB6834
:106120000433FB60084AFB681B689364FB68043314
:10613000FB60054AFB681B68D364034BCC221A60E2
:10614000C046BD4604B080BD001000400000FCEF1A
:10615000B0B584B000AF786039600F23FB1800221F
:106160001A70274B1B78012B01D1022343E0244BEB
:1061700001221A70224B00225A607B681B68FF2B99
:106180000BD100F03FF80F23FC18FA239B001800F6
:10619000FFF748FF0300237027E03B6801225242CB
:1061A0001A607B685B68BB6017E0BB68180000F092
:1061B00039F80F257C19FA239B001800FFF732FFEE
:1061C000030023707B191B78002B03D03B68BA684F
:1061D0001A600AE0BB680133BB607B685A687B6861
:1061E0009B68D318BA689A42DFD3054B00221A7015
:1061F0000F23FB181B781800BD4604B0B0BDC04685
:10620000BC09002080B500AF054B1A69044B0F2173
:106210000A431A61024B22221A60C046BD4680BD65
:106220000010004080B582B000AF7860094B1A6959
:10623000084B0F210A431A617B68DB029A08054B61
:106240001204120C9A61034B11221A60C046BD461B
:1062500002B080BD0010004080B586B000AF78600D
:10626000396000237B6190E13B681B6801217A69FA
:1062700091400A001340FB60FB68002B00D181E1D4
:106280003B685B6803221340012B05D03B685B68C9
:1062900003221340022B30D17B689B683B617B69F2
:1062A0005B0003229A401300DA433B6913403B61D1
:1062B0003B68DA687B695B009A4013003A691343D4
:1062C0003B617B683A699A607B685B683B6101224D
:1062D0007B699A401300DA433B6913403B613B689A
:1062E0005B681B0901221A407B699A4013003A69D6
:1062F00013433B617B683A695A603B685B680322E1
:106300001340032B17D07B68DB683B617B695B0024
:1063100003229A401300DA433B6913403B613B6818
:106320009A687B695B009A4013003A6913433B61AA
:106330007B683A69DA603B685B6803221340022B92
:1063400023D17B69DA087B6808329200D3583B611D
:106350007B69072213409B000F229A401300DA4307
:106360003B6913403B613B681A697B6907210B401D
:106370009B009A4013003A6913433B617B69DA083A
:106380007B68083292003969D1507B681B683B6199
:106390007B695B0003229A401300DA433B69134098
:1063A0003B613B685B6803221A407B695B009A4053
:1063B00013003A6913433B617B683A691A603B6892
:1063C0005A68C0239B02134000D1DBE03B685A6847
:1063D0008023DB02134030D08023DB05DB683B6188
:1063E0007A689023DB059A4211D101227B699A4099
:1063F0001300DB431A003B6913403B6101227B69B8
:106400009A4013001A003B6913433B6111E00122DB
:106410007B699A4013001B04DB431A003B6913405D
:106420003B6101227B699A4013001B043A691343C4
:106430003B618023DB053A69DA603B685A68802358
:106440005B03134030D08023DB051B693B617A6816
:106450009023DB059A4211D101227B699A401300F7
:10646000DB431A003B6913403B6101227B699A4080
:1064700013001A003B6913433B6111E001227B6961
:106480009A4013001B04DB431A003B6913403B6135
:1064900001227B699A4013001B043A6913433B6154
:1064A0008023DB053A691A613B685A688023DB0365
:1064B000134030D08023DB055B693B617A68902311
:1064C000DB059A4211D101227B699A401300DB431C
:1064D0001A003B6913403B6101227B699A4013001B
:1064E0001A003B6913433B6111E001227B699A402A
:1064F00013001B04DB431A003B6913403B6101227C
:106500007B699A4013001B043A6913433B61802363
:10651000DB053A695A613B685A6880235B02134085
:1065200030D08023DB059B693B617A689023DB05D3
:106530009A4211D101227B699A401300DB431A0071
:106540003B6913403B6101227B699A4013001A00AA
:106550003B6913433B6111E001227B699A401300C0
:106560001B04DB431A003B6913403B6101227B693A
:106570009A4013001B043A6913433B618023DB05F7
:106580003A699A617B6901337B613B681A687B6970
:10659000DA40131E00D067E6C046C046BD4606B0CE
:1065A00080BD80B584B000AF78600A00BB1C1A8043
:1065B0007B685B69FB60BB1C1B88FA6813401A048C
:1065C000FB68DB43B91C09880B401A437B689A615E
:1065D000C046BD4604B080BD80B582B000AF7860D3
:1065E0007B68002B01D101238FE07B6841229B5CFB
:1065F000DBB2002B07D17B684022002199547B68D5
:106600001800FAF70DFF7B684122242199547B681A
:106610001B681A687B681B6801218A431A607B68C3
:106620005A687B681B683B490A401A617B681B6893
:106630009A687B681B6838490A409A607B68DB6807
:10664000012B08D17B689A687B681B68802109024E
:106650000A439A6007E07B689A687B681B6884211C
:1066600009020A439A607B68DB68022B09D17B68C8
:106670001B685A687B681B68802109010A435A60BD
:1066800007E07B681B685A687B681B6823490A40DF
:106690005A607B681B685A687B681B6820490A43FC
:1066A0005A607B681B68DA687B681B681A490A4075
:1066B000DA607B681A697B685B691A4311007B6842
:1066C0009B691A027B681B680A43DA607B68D96998
:1066D0007B681A6A7B681B680A431A607B681B68C0
:1066E0001A687B681B6801210A431A607B680022D4
:1066F0005A647B684122202199547B6800221A63E6
:106700007B6842220021995400231800BD4602B044
:1067100080BDC046FFFFFFF0FF7FFFFFFFF7FFFFD9
:106720000080000290B589B002AFF86008007A607E
:1067300019000A23FB18021C1A800823FB180A1CE4
:106740001A80FB6841229B5CDBB2202B00D00AE15F
:10675000FB6840229B5C012B01D1022304E1FB6812
:10676000402201219954FEF77FFF03003B61802303
:106770001902F8683B6900931923012200F044FBD9
:10678000031E01D00123EFE0FB684122212199542F
:10679000FB68422210219954FB6800225A64FB686E
:1067A0007A685A62FB680822BA1812885A85FB6810
:1067B00000225A63FB685B8D9BB2FF2B06D9FB68F6
:1067C000FF221A8580235B047B6107E0FB685B8DF9
:1067D0009AB2FB681A8580239B047B61FB681B8D42
:1067E000002B27D0FB685B6A1A78FB681B689A62EB
:1067F000FB685B6A5A1CFB685A62FB685B8D9BB244
:10680000013B9AB2FB685A85FB681B8D013B9AB22B
:10681000FB681A85FB681B8DDBB20133DAB27C6939
:106820000A23FB181988F868514B0093230000F0E5
:1068300063FD6FE0FB681B8DDAB27C690A23FB18ED
:106840001988F8684A4B0093230000F055FD61E079
:106850003A69B96AFB68180000F02EFB031E01D0EC
:10686000012381E0FB685B6A1A78FB681B689A6207
:10687000FB685B6A5A1CFB685A62FB685B8D9BB2C3
:10688000013B9AB2FB685A85FB681B8D013B9AB2AB
:10689000FB681A85FB685B8D9BB2002B3AD0FB68C6
:1068A0001B8D002B36D1BA6AF8683B690093130040
:1068B0000022802100F0A8FA031E01D0012353E03A
:1068C000FB685B8D9BB2FF2B11D9FB68FF221A85F9
:1068D000FB681B8DDAB280235C040A23FB1819883D
:1068E000F86800230093230000F006FD12E0FB6827
:1068F0005B8D9AB2FB681A85FB681B8DDAB2802328
:106900009C040A23FB181988F868002300932300CD
:1069100000F0F2FCFB685B8D9BB2002B98D13A69CA
:10692000B96AFB68180000F00DFB031E01D00123BB
:106930001AE0FB681B682022DA61FB681B685A6852
:10694000FB681B680B490A405A60FB684122202102
:106950009954FB68422200219954FB68402200218F
:106960009954002300E002231800BD4607B090BDF3
:106970000020008000E800FE90B589B002AFF8600A
:1069800008007A6019000A23FB18021C1A800823E9
:10699000FB180A1C1A80FB6841229B5CDBB2202B8F
:1069A00000D0E8E0FB6840229B5C012B01D1022370
:1069B000E2E0FB68402201219954FEF755FE0300F6
:1069C0007B6180231902F8687B69009319230122F7
:1069D00000F01AFA031E01D00123CDE0FB6841222A
:1069E00022219954FB68422210219954FB6800220D
:1069F0005A64FB687A685A62FB680822BA181288DF
:106A00005A85FB6800225A63FB685B8D9BB2FF2BA3
:106A100011D9FB68FF221A85FB681B8DDAB280232F
:106A20005C040A23FB181988F868554B009323006F
:106A300000F062FC76E0FB685B8D9AB2FB681A8519
:106A4000FB681B8DDAB280239C040A23FB1819888B
:106A5000F8684B4B0093230000F04EFC62E07A692B
:106A6000B96AFB68180000F0B1FA031E01D00123D7
:106A700082E0FB681B685A6AFB685B6AD2B21A70D4
:106A8000FB685B6A5A1CFB685A62FB681B8D013B02
:106A90009AB2FB681A85FB685B8D9BB2013B9AB288
:106AA000FB685A85FB685B8D9BB2002B3AD0FB6874
:106AB0001B8D002B36D1BA6AF8687B6900931300EE
:106AC0000022802100F0A0F9031E01D0012353E031
:106AD000FB685B8D9BB2FF2B11D9FB68FF221A85E7
:106AE000FB681B8DDAB280235C040A23FB1819882B
:106AF000F86800230093230000F0FEFB12E0FB681F
:106B00005B8D9AB2FB681A85FB681B8DDAB2802315
:106B10009C040A23FB181988F868002300932300BB
:106B200000F0EAFBFB685B8D9BB2002B97D17A6982
:106B3000B96AFB68180000F005FA031E01D00123B2
:106B40001AE0FB681B682022DA61FB681B685A6840
:106B5000FB681B680B490A405A60FB6841222021F0
:106B60009954FB68422200219954FB68402200217D
:106B70009954002300E002231800BD4607B090BDE1
:106B80000024008000E800FE80B58AB002AFF86003
:106B90007A603B600A23FB180A1C1A8000237B6181
:106BA0001F23FB1800221A70FB6841229B5CDBB29A
:106BB000202B00D0FDE0FB681B689A6980231B0234
:106BC0001A4080231B029A4201D10223F2E0FB68A3
:106BD00040229B5C012B01D10223EBE0FB684022A9
:106BE00001219954FB68412224219954FB68002219
:106BF0005A64FB68DB68012B07D10A23FB181B884A
:106C00009B059B0D6D4A1A4306E00A23FB181B885F
:106C10009B059B0D6A4A1A43FB681B685A60FEF786
:106C200023FD0300BB61FB681B689B6920221340A6
:106C3000203B5A425341DAB21E23FB181A70FB68FC
:106C40001B689B6910221340103B5A425341DAB231
:106C50001D23FB181A7035E03B6801331AD0FEF78C
:106C600003FD0200BB69D31A3A689A4202D33B681B
:106C7000002B0FD1FB68412220219954FB685B6CEB
:106C800020221A43FB685A64FB6840220021995471
:106C900001238FE0FB681B689B6920221340203B87
:106CA0005A425341DAB21E23FB181A70FB681B6864
:106CB0009B6910221340103B5A425341DAB21D2304
:106CC000FB181A701E23FB181B78002B04D11D2300
:106CD000FB181B78002BBFD0FB681B689B69102238
:106CE0001340102B29D03A68F868BB690093130051
:106CF0000022202100F088F8031E10D0FB685B6C96
:106D0000042B07D1FB681B682022DA61FB68002294
:106D10005A642AE01F23FB1801221A7025E0FB6841
:106D20001B682022DA61FB68412220219954FB680C
:106D300040220021995400233CE0FB681B6810228C
:106D4000DA613A68F868BB690093130000222021D9
:106D500000F05AF8031E04D01F23FB1801221A70FA
:106D600003E0FB681B682022DA617B6901337B61E9
:106D70007B697A689A4207D91F22BB181B78012BBE
:106D800002D1BB1800221A707B697A689A4200D936
:106D90002FE7FB68412220219954FB685B6C20227D
:106DA0001A43FB685A64FB6840220021995401236E
:106DB00000E002231800BD4608B080BD002000029C
:106DC0000028000280B582B000AF78607B681B6845
:106DD0009B6902221340022B03D17B681B680022AF
:106DE0009A627B681B689B6901221340012B07D0C4
:106DF0007B681B689A697B681B6801210A439A615A
:106E0000C046BD4602B080BD80B584B000AFF8601A
:106E1000B9603B60FB1D1A703AE0BA693968FB68DB
:106E2000180000F071F9031E01D0012340E03B6817
:106E300001332DD0FEF718FC0200BB69D31A3A6863
:106E40009A4202D33B68002B22D1FB681B689B69E6
:106E5000BA681340BA68D31A5A425341DBB21A00D7
:106E6000FB1D1B789A4213D1FB685B6C20221A43EE
:106E7000FB685A64FB68412220219954FB68422236
:106E800000219954FB6840220021995401230FE00E
:106E9000FB681B689B69BA681340BA68D31A5A42E8
:106EA0005341DBB21A00FB1D1B789A42B5D0002378
:106EB0001800BD4604B080BD80B584B000AFF86056
:106EC000B9607A6032E07A68B968FB68180000F04F
:106ED0001BF9031E01D0012330E0BB68013325D02C
:106EE000FEF7C2FB02007B68D31ABA689A4202D34B
:106EF000BB68002B1AD1FB681B689B6902221340F8
:106F0000022B13D0FB685B6C20221A43FB685A6487
:106F1000FB68412220219954FB68422200219954A8
:106F2000FB68402200219954012307E0FB681B689D
:106F30009B6902221340022BC5D100231800BD46D5
:106F400004B080BD80B584B000AFF860B9607A60ED
:106F50002FE07A68B968FB68180000F0D5F8031EC6
:106F600001D001232DE0FEF77FFB02007B68D31ADE
:106F7000BA689A4202D3BB68002B1AD1FB681B681F
:106F80009B6920221340202B13D0FB685B6C2022CE
:106F90001A43FB685A64FB68412220219954FB681C
:106FA000422200219954FB68402200219954012378
:106FB00007E0FB681B689B6920221340202BC8D187
:106FC00000231800BD4604B080BD000080B586B027
:106FD00000AFF860B9607A601723FB1800221A70BE
:106FE0007BE07A68B968FB68180000F08DF8031E32
:106FF00003D01723FB1801221A70FB681B689B69DA
:1070000020221340202B40D117217B181B78002B06
:107010003BD1FB681B689B6904221340042B06D1FB
:10702000FB681B8D002B02D07B1800221A70FB68B6
:107030001B689B6910221340102B23D1FB681B682F
:107040001022DA61FB6804225A64FB681B68202264
:10705000DA61FB681B685A68FB681B6829490A40AB
:107060005A60FB68412220219954FB68422200218A
:107070009954FB684022002199541723FB180122E0
:107080001A7002E0FB6800225A64FEF7EDFA020073
:107090007B68D31ABA689A4202D3BB68002B1CD112
:1070A00017203B181B78002B17D1FB681B689B69C6
:1070B00004221340042B10D0FB685B6C20221A437F
:1070C000FB685A64FB68412220219954FB684022E6
:1070D000002199543B1801221A70FB681B689B69B8
:1070E00004221340042B05D01723FB181B78002B18
:1070F00000D176E71723FB181B781800BD4606B0B1
:1071000080BDC04600E800FE80B58AB000AFF860E0
:10711000B9607A602723FB1800221A70FB681B688D
:107120009B69BB6100233B627B68FB61BB691022EA
:10713000134000D179E0FB681B681022DA6157E048
:107140002722BB18BA1812781A70BB6801334FD0C7
:10715000FEF78AFA0200FB69D31ABA689A4202D390
:10716000BB68002B44D1FB681B685A688023DB0195
:1071700013407B6113203B18FA684221525C1A705D
:10718000FB681B689A6980231B021A4080231B023C
:107190009A4226D17A698023DB019A4221D03B189A
:1071A0001B78202B1DD0FB681B685A68FB681B6886
:1071B0008021C9010A435A60FEF756FA0300FB61B9
:1071C0000FE0FEF751FA0200FB69D31A192B08D918
:1071D0003B6A202213433B622723FB1801221A70CB
:1071E00006E0FB681B689B6920221340202BE8D136
:1071F000FB681B689B6920221340202B04D02723A7
:10720000FB181B78002B9BD02723FB181B78002B27
:1072100003D1FB681B682022DA613B6A0422134316
:107220003B622723FB1801221A70FB681B689B69CD
:10723000BB61BA6980235B0013400CD03B6A01221A
:1072400013433B62FB681B6880225200DA612723EC
:10725000FB1801221A70BA698023DB0013400CD09E
:107260003B6A082213433B62FB681B688022D20002
:10727000DA612723FB1801221A70BA6980239B0068
:1072800013400CD03B6A022213433B62FB681B682D
:1072900080229200DA612723FB1801221A7027232B
:1072A000FB181B78002B1DD0FB681800FFF78AFD28
:1072B000FB681B685A68FB681B680E490A405A60E5
:1072C000FB685A6C3B6A1A43FB685A64FB684122AC
:1072D00020219954FB68422200219954FB684022E6
:1072E000002199542723FB181B781800BD460AB0CB
:1072F00080BDC04600E800FE90B587B000AFF860E2
:10730000080011007B600A243B19021C1A80092026
:107310003B180A1C1A703B191B889B059A0D3B18D9
:107320001B781904FF231B040B401A437B681A4384
:10733000BB6A13435B005B087B61FB681B685B688F
:10734000BA6A510D8022D2000A4007490A43D2434B
:107350001A401100FB681B687A690A435A60C046EC
:10736000BD4607B090BDC046FF63FF0380B582B045
:1073700000AF786039607B6841229B5CDBB2202BD8
:1073800038D17B6840229B5C012B01D1022332E083
:107390007B684022012199547B6841222421995421
:1073A0007B681B681A687B681B6801218A431A6026
:1073B0007B681B681A687B681B6811490A401A6061
:1073C0007B681B6819687B681B683A680A431A6007
:1073D0007B681B681A687B681B6801210A431A6076
:1073E0007B684122202199547B68402200219954D6
:1073F000002300E002231800BD4602B080BDC04655
:10740000FFEFFFFF80B584B000AF786039607B6824
:1074100041229B5CDBB2202B39D17B6840229B5CF4
:10742000012B01D1022333E07B68402201219954D2
:107430007B684122242199547B681B681A687B6809
:107440001B6801218A431A607B681B681B68FB600C
:10745000FB68114A1340FB603B681B02FA68134348
:10746000FB607B681B68FA681A607B681B681A6897
:107470007B681B6801210A431A607B684122202136
:1074800099547B68402200219954002300E0022394
:107490001800BD4604B080BDFFF0FFFF80B584B08A
:1074A00000AF78600F23FB1800221A707B68002B56
:1074B00045D07B681B79DBB2002B03D17B681800B9
:1074C000F9F7ECFFFEF7D0F80300BB607B680222FF
:1074D0001A7111E07B681B6801221A60FEF7C4F87C
:1074E0000200BB68D21AFA239B009A4204D90F23E8
:1074F000FB1803221A7006E07B681B681B680122D8
:107500001340012BE6D10F23FB181B78002B0FD162
:107510007B681B689A687B681B68D02149030A4313
:107520009A607B6800229A607B6801221A710AE0E7
:107530007B6804229A607B6803221A7103E00F23A0
:10754000FB1801221A700F23FB181B781800BD4688
:1075500004B080BD80B586B000AF78607B6818004D
:1075600000F068F803007B617B681B681B683B6167
:107570007B681B685B68FB603A6980235B03134090
:107580000FD0FA6880235B0313400AD07B689B68A6
:1075900001221A437B689A607B681B688022520331
:1075A0009A603A6980231B0313400FD0FA68802346
:1075B0001B0313400AD07B689B6802221A437B6836
:1075C0009A607B681B68802212039A607B69242B77
:1075D0000BD17B681B68164A9B58002B05D07B6833
:1075E0009B6808221A437B689A607B689B68002B23
:1075F00003D07B681800FCF717F83A6980239B02D8
:10760000134010D0FA6880239B0213400BD07B6894
:107610001B68802292029A607B6801221A717B6843
:107620001800FBF7F5FFC046BD4606B080BDC0465A
:10763000E80E000080B582B000AF78607B681B6800
:107640001B681B0A3F2213401800BD4602B080BDD4
:1076500080B582B000AF7860114B5B680E22934317
:1076600019007B681A680E4B0A435A608023DB05B9
:107670001A6A8023DB0502218A431A627B685B68F1
:107680000222134007D08023DB051A6A8023DB0522
:1076900002210A431A6200231800BD4602B080BDD1
:1076A0000000504880B500AF044B5A68034B0121DD
:1076B0000A435A60C046BD4680BDC04600005048DF
:1076C00080B584B000AF786039600F23FB180022CA
:1076D0001A707B68002B03D07B68012B0ED01BE057
:1076E000134B196A124B3A680A431A62104B5A6AD2
:1076F0003B68D9430E4B0A405A6212E00C4B996A20
:107700000B4B3A680A439A62094BDA6A3B68D943E1
:10771000074B0A40DA6204E00F23FB1801221A70BB
:10772000C0460F23FB181B781800BD4604B080BD6F
:107730000000504880B584B000AF786039600F23F6
:10774000FB1800221A707B68002B03D07B68012B8A
:1077500008D00FE00D4B1A6A3B68D9430B4B0A4027
:107760001A620CE0094B9A6A3B68D943074B0A40FE
:107770009A6204E00F23FB1801221A70C0460F23FF
:10778000FB181B781800BD4604B080BD00005048AF
:1077900080B584B000AF786039600F23FB180022F9
:1077A0001A707B68002B03D07B68012B0ED01BE086
:1077B000134B596A124B3A680A435A62104B1A6AC1
:1077C0003B68D9430E4B0A401A6212E00C4BD96A4F
:1077D0000B4B3A680A43DA62094B9A6A3B68D94311
:1077E000074B0A409A6204E00F23FB1801221A702B
:1077F000C0460F23FB181B781800BD4604B080BD9F
:107800000000504880B584B000AF786039600F2325
:10781000FB1800221A707B68002B03D07B68012BB9
:1078200008D00FE00D4B5A6A3B68D9430B4B0A4016
:107830005A620CE0094BDA6A3B68D943074B0A40AD
:10784000DA6204E00F23FB1801221A70C0460F23EE
:10785000FB181B781800BD4604B080BD00005048DE
:1078600080B582B000AF7860044B1B68034B7A6828
:107870001A60C046BD4602B080BDC046C0000020B0
:1078800080B582B000AF7860074B5B68074A134051
:1078900019007B681B021B041A0C034B0A435A6035
:1078A000C046BD4602B080BDC0000020FF00FFFF03
:1078B00080B582B000AF7860084B5B68084A13401F
:1078C00019007B681A04FF231B041A40034B0A4368
:1078D0005A60C046BD4602B080BDC046C000002010
:1078E000FFFF00FF80B582B000AF7860064B5B6899
:1078F0001B02190A7B681A06034B0A435A60C046EA
:10790000BD4602B080BDC046C000002080B582B038
:1079100000AF7860074B9B68FF22934319007B6898
:10792000FF221A40034B0A439A60C046BD4602B08C
:1079300080BDC046C000002080B582B000AF786036
:10794000074B9B68074A134019007B681B021B0406
:107950001A0C034B0A439A60C046BD4602B080BD74
:10796000C0000020FF00FFFF80B582B000AF78604C
:10797000084B9B68084A134019007B681A04FF23D0
:107980001B041A40034B0A439A60C046BD4602B02E
:1079900080BDC046C0000020FFFF00FF80B582B060
:1079A00000AF7860064B9B681B02190A7B681A06B9
:1079B000034B0A439A60C046BD4602B080BDC04634
:1079C000C000002080B582B000AF7860074BDB6854
:1079D000FF22934319007B68FF221A40034B0A439E
:1079E000DA60C046BD4602B080BDC046C00000207F
:1079F00080B582B000AF7860074BDB68074A134060
:107A000019007B681B021B041A0C034B0A43DA6043
:107A1000C046BD4602B080BDC0000020FF00FFFF91
:107A200080B582B000AF7860084BDB68084A13402D
:107A300019007B681A04FF231B041A40034B0A43F6
:107A4000DA60C046BD4602B080BDC046C00000201E
:107A5000FFFF00FF80B582B000AF7860084BDB68A5
:107A6000084A134019007B681A06FC239B051A403C
:107A7000034B0A43DA60C046BD4602B080BDC04633
:107A8000C0000020FFFFFFC080B582B000AF78606B
:107A9000074B1B69FF22934319007B68FF221A40A2
:107AA000034B0A431A61C046BD4602B080BDC046C2
:107AB000C000002080B500AF044B5A69034B04217D
:107AC0000A435A61C046BD4680BDC046C000002082
:107AD00080B500AF044B5A69034B802109040A4367
:107AE0005A61C046BD4680BDC000002080B500AFD1
:107AF000044B5A69034B802189050A435A61C046E9
:107B0000BD4680BDC000002080B500AF044B5A695F
:107B1000034B8021C9050A435A61C046BD4680BD5A
:107B2000C000002080B582B000AF7860074B9B6931
:107B30007F22934319007B687F221A40034B0A433C
:107B40009A61C046BD4602B080BDC046C00000205C
:107B500080B582B000AF78607B68DB680322934316
:107B60001A007B68DA60C046BD4602B080BD80B5B1
:107B700082B000AF78607B68DB68032293431A0011
:107B80007B68DA60C046BD4602B080BD80B582B079
:107B900000AF78607B689B6A034A1A407B689A62F0
:107BA000C046BD4602B080BDFFFFFFBF90B58DB09F
:107BB00000AF7860144B7B61144B1B68144A9342EE
:107BC0002AD1144B1B681B0A0F221340FB62114B76
:107BD0001B681B0B0F221340BB620E4B1B681B0C58
:107BE0000F2213407B620B4B1B681B0D07221340B7
:107BF0003B62084B1B681B0E07221340FB611B23D3
:107C0000FB1801221A7018E0E4090020F81E001089
:107C1000CCECBCFCE81E00100823FB620723BB620F
:107C200008237B621B217B1800221A7003233B620E
:107C30000323FB617B1801221A70FC4B00221A718E
:107C40007B68002B03D07B681800F9F743FCC02346
:107C5000DB051800FFF77CFFC023DB051800FFF7EA
:107C600086FFF34B1800FFF791FFF24A9E239B001B
:107C7000D3580F2293431A007B6A0F210B40ED4922
:107C80001A439E239B00CA50EA4A9D239B00D35867
:107C9000F02293431A00BB6A1B01FF210B40E54908
:107CA0001A439D239B00CA50E24A9D239B00D35850
:107CB0000F2293431A00FB6A0F210B40DD491A4340
:107CC0009D239B00CA501B23FB181B78002B1ED042
:107CD000D84A92239B00D358072293431A003B6A49
:107CE00007210B40D3491A4392239B00CA50D14A23
:107CF00092239B00D358382293431A00FB69DB0080
:107D000038210B40CB491A4392239B00CA50C94AE1
:107D1000A4235B00D358FF229343C64955221A433C
:107D2000A4235B00CA50C34AAA235B00D358FF2296
:107D30009343C04966221A43AA235B00CA50BD4A36
:107D4000B4235B00D358FF229343BA4955221A4308
:107D5000B4235B00CA50B74AC4235B00D358FF2248
:107D60009343B4491D221A43C4235B00CA50B14A4D
:107D7000C2235B00D358FF229343AE4959221A43D2
:107D8000C2235B00CA50AB4AC6235B00D358FF2214
:107D90009343A84932221A43C6235B00CA50A54A1E
:107DA000B6235B00D358A34901221A43B6235B00D4
:107DB000CA50A04AD0239B00D358FF2293439D4929
:107DC0001F221A43D0239B00CA509A4AD1239B00FA
:107DD000D358FF229343974909221A43D1239B008A
:107DE000CA504020FFF74CFD3F20FFF761FD0920FE
:107DF000FFF778FD5A20FFF7B7FD3220FFF7CEFDE1
:107E00005A20FFF783FD3220FFF796FD1020FFF781
:107E100007FE1820FFF71EFE0420FFF735FE142092
:107E2000FFF7D0FD0520FFF7E3FDFFF743FEFFF767
:107E30004FFEFFF75BFE0020FFF774FE13203B1898
:107E400000221A703B181B783A18591C11701A003E
:107E50007B699B1801221A703B181B783A18591C31
:107E600011701A007B699B185E221A70714A9E235A
:107E70009B00D1583B181B7804003A18581C10700E
:107E80001A007B699B18CAB21A7020003B181B7835
:107E90003A18591C11701A007B699B1801221A703C
:107EA0003B181B783A18591C11701A007B699B18F3
:107EB0005D221A705F4A9D239B00D1583B181B78A6
:107EC00004003A18581C10701A007B699B18CAB23B
:107ED0001A7020003B181B783A18591C11701A00B0
:107EE0007B699B1801221A703B181B783A18591CA1
:107EF00011701A007B699B1852221A704D4A922306
:107F00009B00D1583B181B7804003A18581C10707D
:107F10001A007B699B18CAB21A7020003B181B78A4
:107F20003A18591C11701A007B699B1801221A70AB
:107F30003B181B783A18591C11701A007B699B1862
:107F400012221A703B4AA4235B00D1583B181B78BD
:107F500004003A18581C10701A007B699B18CAB2AA
:107F60001A7020003B181B783A18591C11701A001F
:107F70007B699B1801221A703B181B783A18591C10
:107F800011701A007B699B1815221A70294AAA23BE
:107F90005B00D1583B181B7804003A18581C10702D
:107FA0001A007B699B18CAB21A7020003B181B7814
:107FB0003A18591C11701A007B699B1801221A701B
:107FC0003B181B783A18591C11701A007B699B18D2
:107FD0001A221A70174AB4235B00D1583B181B7839
:107FE00004003A18581C10701A007B699B18CAB21A
:107FF0001A7020003B181B783A18591C11701A008F
:108000007B699B1801221A703B181B783A18591C7F
:1080100011701A007B699B1822221A70054AC4232A
:108020005B00D1583B181B78040005E0C00000201D
:1080300000180060001400603A18581C10701A00F4
:108040007B699B18CAB21A7020003B181B783A183B
:10805000591C11701A007B699B1801221A703B1879
:108060001B783A18591C11701A007B699B18212241
:108070001A70704AC2235B00D1583B181B78040069
:108080003A18581C10701A007B699B18CAB21A70F3
:1080900020003B181B783A18591C11701A007B6994
:1080A0009B1801221A703B181B783A18591C117042
:1080B0001A007B699B1823221A705E4AC6235B0054
:1080C000D1583B181B7804003A18581C10701A003D
:1080D0007B699B18CAB21A7020003B181B783A18AB
:1080E000591C11701A007B699B1801221A703B18E9
:1080F0001B783A18591C11701A007B699B181B22B7
:108100001A704C4AB6235B00D1583B181B78040008
:108110003A18581C10701A007B699B18CAB21A7062
:1081200020003B181B783A18591C11701A007B6903
:108130009B1801221A703B181B783A18591C1170B1
:108140001A007B699B1890221A703A4AD0239B0030
:10815000D1583B181B7804003A18581C10701A00AC
:108160007B699B18CAB21A7020003B181B783A181A
:10817000591C11701A007B699B1801221A703B1858
:108180001B783A18591C11701A007B699B189122B0
:108190001A70284AD1239B00D1583B181B78040041
:1081A0003A18581C10701A007B699B18CAB21A70D2
:1081B0003B191B783A19591C11701A007B699B18DE
:1081C00000221A701C4A1D4B1A601B4A1B4B5A6036
:1081D0001B4A1A4B9A60194B0022DA60174B1B6836
:1081E0001800FFF73DFB134B01221A61FFF78CFCCF
:1081F000104B9A6A0F4B01210A439A62C023DB0598
:108200005B68FB60C023DB05FA685A600D4B5A6C53
:108210000C4B01210A435A640A4B1A6C094B012189
:108220000A431A64C023DB055B68FB60C046BD4699
:108230000DB090BD00140060E4090020D4090020B6
:10824000E00900200018006080B582B000AFC023B4
:10825000DB05DB697B60C023DB055B683B60C0231B
:10826000DB053A685A6000F0A3FC7A683B68134368
:108270001800F9F7CCFB00F095FCC023DB055B6828
:108280003B60C046BD4602B080BD000080B582B0F4
:1082900000AF084BDB6A7B60064B7A68DA627B686A
:1082A0001800F9F7C4FB034BDB6A7B60C046BD4690
:1082B00002B080BD0014006080B500AFFCF716FF6F
:1082C000C046BD4680BD000080B582B000AF020050
:1082D000FB1D1A70FB1D1B787F2B09D8FB1D1B781B
:1082E0001A001F231A40044B012191400A001A6012
:1082F000C046BD4602B080BD00E100E080B582B05E
:1083000000AF78607B68DB680322934302221A4344
:108310007B68DA60C046BD4602B080BD80B582B0E1
:1083200000AF78607B68DB68032293431A007B68A8
:10833000DA60C046BD4602B080BD80B582B000AFF5
:1083400078607B68DB68032293431A007B68DA60FD
:10835000C046BD4602B080BD80B582B000AF786037
:1083600039607B683A681A61C046BD4602B080BD7C
:1083700080B582B000AF78607B689B6A8022D205AE
:108380001A437B689A62C046BD4602B080BD0000B9
:1083900080B582B000AF78607B689B6A034A1A4060
:1083A0007B689A62C046BD4602B080BDFFFFFFBF3A
:1083B00080B582B000AF78607B681B6B8022D205ED
:1083C0001A437B681A63C046BD4602B080BD0000F8
:1083D00080B582B000AF78607B681B6B034A1A409F
:1083E0007B681A63C046BD4602B080BDFFFFFFBF79
:1083F00080B582B000AF78600A00FB1C1A70FB1CCD
:108400001A787B689A60C046BD4602B080BD80B5D0
:1084100082B000AF786039607B683A685A62C046C3
:10842000BD4602B080BD80B582B000AF78603960D3
:108430007B683A68DA62C046BD4602B080BD80B54E
:1084400082B000AF78607B681B691800BD4602B03F
:1084500080BD80B582B000AF78607B689B6A802267
:1084600092051A437B689A62C046BD4602B080BD41
:1084700080B582B000AF78600A00FB1C1A70084B10
:108480009B6A072293431900FB1C1B7807221A40A2
:10849000034B0A439A62C046BD4602B080BDC04647
:1084A0000018006080B582B000AF78607B689B6C7C
:1084B00001221A437B689A64C046BD4602B080BD63
:1084C00080B582B000AF78607B68DB6C01221A4314
:1084D0007B68DA64C046BD4602B080BD80B582B01C
:1084E00000AF78607B68DB6C01221340012B01D167
:1084F000012300E000231800BD4602B080BD80B516
:1085000082B000AF786039607B683A685A60C046D4
:10851000BD4602B080BD80B582B000AF78607B6898
:1085200000229A60C046BD4602B080BD80B582B0D0
:1085300000AF78607B689B681800BD4602B080BDC4
:1085400080B582B000AF78607B68DB681800BD46FC
:1085500002B080BD80B582B000AF78607B681B69D7
:1085600001221A437B681A61C046BD4602B080BD35
:1085700080B582B000AF78607B681B690122134030
:10858000012B01D1012300E000231800BD4602B0F9
:1085900080BD0000F0B583B000AF78606D4B18006F
:1085A000FFF78EFF6B4B1800FFF77CFF1720FFF7DC
:1085B0008BFE1420FFF788FE7B685B685A1E934190
:1085C000DBB21A00644B1A70634B1B78002B03D18B
:1085D0007B689B78002B02D000F0FCFB10E05E4B28
:1085E000C82252031A625C4BC8225203DA615A4B0A
:1085F0005A4A9A61584B5A4A1A61574B594A5A611A
:108600007B685B68002B08D1A023DB05180000F015
:10861000E3FA0200504B5A601DE07B685B681B0365
:108620000A211800F7F704FE03001A004A4B5A60AB
:10863000494B5E684C4B180000F0CEFA03009E4296
:1086400002D2454B5A6804E0474B180000F0C4FAC8
:108650000200414B5A60404B00221A737B681B8812
:108660001A003D4B9A663C4B9B6E9AB23A4B9B6903
:108670001900100000F022FD374B8C220021995484
:108680003549002200230A674B67324B1800FFF779
:10869000D6FE0200304B9A672F4B80331900002220
:1086A00000230A604B602C4B3022002199542A4B46
:1086B0005868294B9B6919002C4B1A00F7F700FDED
:1086C0000200254B9A60244B1978234B9C22995425
:1086D000214B9422002199501F4B9822012199543B
:1086E0001D4B9B22002199541B4B99220021995428
:1086F000194B9A2200219954174B61220021995459
:10870000154B622200219954134B63220021995486
:108710001149002200238A65CB650F4B144A9A64E5
:108720000D4B00225A6500F06DFA02000B000A4959
:1087300049680C0000210D0012196B410D49080019
:1087400000F012FD012000F0F5FBC046BD4603B06D
:10875000F0BDC04600180060100A0020C2F52800D5
:108760008D5B0000ECEB6501FFEFFFFF26030000CF
:1087700019910410500A0020B0B588B000AFFB1D5D
:1087800000221A7069E0714B9922995C6F4B9A2212
:108790009A5C1B23FB188A1A1A706C4B94229B5804
:1087A0003A001100180000F0BBFE0200674B942154
:1087B0005A503B68FB6110E0FB691B693B61FB6938
:1087C00000221A73FB699B68002B04D0FB699B682D
:1087D000FA69100098473B69FB61FB69002BEBD1FC
:1087E0005A4B94229B58FA1D1100180000F084FD8A
:1087F0000200564B94215A50FB1D1B78012B21D1AE
:10880000EFF31083FB60FB687B6172B6C0464F4B91
:1088100099229B5C01334D4A9A21525C934203D1C9
:108820004A4B99229B5C04E0484B99229B5C0133A4
:10883000DBB2464A992153547B69BB60BB6883F322
:108840001088C046414B9A229A5C1B23FB181B7868
:10885000D318D9B23D4B9A2299543C4B99229A5C39
:108860003A4B9A215B5C9A420AD3384B99229A5C24
:10887000364B9A215B5CD31A5A1E9341DBB20CE053
:10888000324B99229B5C1900304B9A229B5CCB1A8D
:108890000133FF335A1E9341DBB2002B00D072E745
:1088A0002A4B1B7B002B30D0294B1800FFF760FEB2
:1088B000031E46D0254B00221A73244B9C229B5C3E
:1088C000002B09D1214B9B229B5C002B04D01F4B1A
:1088D0009B220021995401E000F06CFE012000F081
:1088E0002BFF1C4B180000F0B5F900F08BF90200CB
:1088F0000B00164949680C0000210D0012196B414C
:108900001449080000F030FC1BE0104B1B78002BD2
:1089100017D000F077F90D4B1A6F5B6FFA246403E0
:10892000002512196B41994203D80AD1904200D810
:1089300007E0084B180000F08DF9064B180000F016
:10894000EBFBC046BD4608B0B0BDC046100A0020D3
:1089500000100060500A002080B582B000AF78603F
:10896000C023DB055B697A681100180001F04EF83E
:1089700002000B0010001900BD4602B080BD0000CF
:10898000B0B588B000AF786008001100FB1C021C75
:108990001A70BB1C0A1C1A701F23FB1800221A70C5
:1089A000FB1C1B785A1E9341D9B22D4B642299545B
:1089B000BB1C1B785A1E9341D9B2294B6022995493
:1089C000274B612200219954254B632200219954A1
:1089D000234B622201219954EFF310837B617B6961
:1089E000BB6172B6C0467B68180000F0BDF902009A
:1089F0000B001B498A65CB65194B986DD96D184BD7
:108A000080331A685B68801A994102000B00002BC2
:108A100003D10ED113498A420BD9114B6222002196
:108A20009954BB693B613B6983F31088C0460123BD
:108A300011E01F257C19002000F07EFE030023704A
:108A4000BB69FB60FB6883F31088C046012000F01F
:108A50000FFD7B191B781800BD4608B0B0BDC0469D
:108A6000100A002065FEFFFFB0B588B000AFC0233C
:108A7000DB051800FFF752FCC023DB051800FFF7E9
:108A80005CFC314B1800FFF783FC304B6122002166
:108A900099542E4B6222002199542C4B63220021C1
:108AA0009954EFF31083BB60BB68BB6172B6C046DC
:108AB000264B9C6DDD6D00F0A5F802000B00A41A9A
:108AC0009D4122002B0021498C20095C3960002146
:108AD000796038687968121A8B413A617B61BB69A9
:108AE000FB60FB6883F31088C0467B69002B0CDCBD
:108AF0007B69002B02D13B69002B06D1172308228A
:108B00009B18DB1901221A7015E07B69002B0CDC25
:108B10007B69002B02D13B690E2B06D81723082254
:108B20009B18DB1902221A7005E0172308229B18F4
:108B3000DB1900221A70172308229B18DB191B78F7
:108B40001800BD4608B0B0BD00180060100A002033
:108B500080B584B000AFEFF310833B603B68FB60EF
:108B600072B6C0460E4B1800FFF769FC0300BB60ED
:108B7000BB681A1DC023DB0511001800FFF7ECFBD2
:108B8000C023DB051800FFF7B9FBFB687B607B683F
:108B900083F31088C046C046BD4604B080BDC046C1
:108BA0000018006080B500AFC046BD4680BD000023
:108BB00080B500AF074B61229B5C002B03D0054BB7
:108BC000612200219954034B632200219954C0462D
:108BD000BD4680BD100A002080B582B000AF78602D
:108BE000064BDB691900064A7B681800F7F768FA3C
:108BF00003001800BD4602B080BDC046100A002028
:108C00003506000080B500AF00F00CFB034B80334D
:108C10001A685B6810001900BD4680BD100A00206C
:108C200090B587B000AFF8603A607B603A687B68C7
:108C3000F968080000F098FA020017243B191A702E
:108C4000012000F015FC3B191B781800BD4607B049
:108C500090BD000090B589B000AF7860284B942299
:108C60009B587A681100180000F02EFC0300FB618D
:108C70000F217B1800221A707B6800221A73204B88
:108C800094229B58FA699A4231D00C007A18FB69F9
:108C90001100180000F030FB0200194B94215A50CB
:108CA0003B191B78002B26D0EFF310837B617B6987
:108CB000BB6172B6C046124B99229B5C0133104ACD
:108CC0009A21525C934203D10D4B99229B5C04E0A4
:108CD0000B4B99229B5C0133DBB2094A9921535417
:108CE000BB693B613B6983F31088C04603E0044BDA
:108CF0009421FA695A50C046BD4609B090BDC0469D
:108D0000100A002080B582B000AF00237B607B6832
:108D1000134B1800FFF75CFB124B99229B5C01334D
:108D2000104A9A21525C934203D10E4B99229B5CCC
:108D300004E00C4B99229B5C0133DBB2094A992178
:108D40005354074B1800FFF7BBFB054B1800FFF708
:108D5000C5FB03007B60C046BD4602B080BDC04677
:108D600000180060100A0020B0B58CB000AF786227
:108D700000F058FA164B80331A685B681B00BB6121
:108D80000023FB61BB69FB62114B80331A685B688F
:108D90007B6A934202D2FB6A0133FB627B6A3B61CE
:108DA00000237B61FB6ABB600023FB60BB681D0086
:108DB00000231C003A697B691100214339602B4371
:108DC0007B603A687B6810001900BD460CB0B0BDEE
:108DD000100A002080B500AFC0460B4B1800FFF70B
:108DE000C7FB031EF9D0084B17211800FFF787FBBC
:108DF000064B180000F01EF8054BDA69044B1A62A6
:108E0000C046BD4680BDC04600100060200A00205C
:108E1000100A002080B500AF054B1800FFF79AFB41
:108E2000034B1800FFF777FBC046BD4680BDC04628
:108E30000010006080B582B000AF7860FFF7EAFFF5
:108E4000C046074B1800FFF793FB031EF9D07B6861
:108E5000180000F007F8C046BD4602B080BDC0460D
:108E60000010006080B58AB000AF78602E4B18000B
:108E7000FFF75CFB03007B6205E02B4B1800FFF75C
:108E800055FB03007B62284B1800FFF74FFB0200E5
:108E90007B6A9A42F1D17B6A002BEED0234BFB61B7
:108EA0007B6A1B12BB617B6AFF2213407B61FB69FB
:108EB000BA695A437B69F9694B431B12D3181033C3
:108EC0005A117B68DA607A6A7B681A60184B3B61DA
:108ED000154B1800FFF734FB03003B6205E0124B13
:108EE0001800FFF72DFB03003B620F4B1800FFF744
:108EF00027FB02003B6A9A42F1D13B6A002BEED07D
:108F00003B6A9B11FB60FB683A695343BB60BB68DB
:108F100080331A127B689A603A6A7B685A60C0464E
:108F2000BD460AB080BDC04600100060F6BC080017
:108F30005307000090B585B000AF0200FB1D1A700A
:108F4000374B9B7BDBB2002B00DA0733DB10DAB246
:108F50000F243B1901321A70324B9B691900324BB6
:108F60001A001B20F7F7ACF802002D4BD2B25A7151
:108F70002B4B9B79DBB2180000F06EF80300D9B2DE
:108F8000284B3D229954264B1B7ADBB21A003B1921
:108F90001B78D318180000F05FF80300D9B2214BFA
:108FA000382299541E4B5B7ADBB21A003B191B78AE
:108FB000D318180000F050F80300D9B2194B392229
:108FC0009954174B9B7ADBB2180000F045F8030068
:108FD000D9B2144B3A229954114BDB7ADBB2180008
:108FE00000F03AF80300D9B20E4B3B229954FB1D16
:108FF0001B78002B10D00A4B1B7ADBB21A003B19EE
:109000001B78D318180000F011F80300DBB21B33F3
:10901000D9B2044B3C229954C046BD4605B090BD20
:10902000C0000020100A00202603000080B584B094
:1090300000AF78607B6868225343FB607B68DB226B
:109040005343BB60FB681A0ABB681B0CD31818009B
:10905000BD4604B080BD0000B0B588B000AFF86078
:1090600015494969396000217960F9680A000021D1
:109070000B0038687968F7F773F902000B001000ED
:10908000190002000B0092185B4112184B41BA61A3
:10909000FB61BA69FB698020C004002112184B41B2
:1090A0005901D40E0C43DD0E23007B617B6918004F
:1090B000BD4608B0B0BDC046100A002080B584B0DF
:1090C00000AF02003960BB1D1A80BB1D1B883968C8
:1090D0000E4A1800F6F7F4FF0300FB60FA688023DD
:1090E0005B019A4201DB0A4BFB60FB680F2B01DC42
:1090F0001023FB60FB681B11DBB2064A190010004D
:10910000FFF776F9C046BD4604B080BD26030000D7
:10911000FF0F00000018006080B582B000AF7860DB
:109120000F4B1B7B01225340DBB2002B08D00C4BB2
:109130001B78002B01D0FFF76DFE094B01221A733B
:10914000FFF760FD02000B006420002112184B4164
:109150000449080000F008F8C046BD4602B080BDD2
:10916000100A0020500A002090B589B000AFF860C6
:109170003A607B601323FB1800221A70FB681B7B8C
:10918000002B01D0012347E0F9683A687B680A6048
:109190004B60FB6801221A73214B94229B58FA689A
:1091A0001100180000F034F90200FB68934230D13E
:1091B00013243A19FB681100180000F09DF8020012
:1091C000174B94215A503B191B78002B21D0EFF3F9
:1091D0001083BB61BB69FB6172B6C046104B99221C
:1091E0009B5C01330E4A9A21525C934203D10C4B93
:1091F00099229B5C04E00A4B99229B5C0133DBB211
:10920000074A99215354FB697B617B6983F310887A
:10921000C0461323FB181B781800BD4609B090BD4B
:10922000100A0020B0B588B000AFEFF31083FB60E8
:10923000FB687B6172B6C0462C4B1A6F5B6FBA61DC
:10924000FB612B4B1800FFF7FAF80200274B88212F
:109250005A50264B88229A58244B9B6FD31A3B6155
:10926000224BDB691900234A3B691800F6F728FFF7
:1092700003003B6000237B60BA69FB69386879684A
:1092800012184B41BA61FB61184B80331A685B6856
:10929000F969994205D3F969994215D1B9699142A1
:1092A00012D2124BDB691900124A01235B421800EB
:1092B000F6F706FF03001C0000231D00BA69FB69D6
:1092C00012196B41BA61FB61084B80331900BA690E
:1092D000FB690A604B607B69BB60BB6883F31088E5
:1092E000C046C046BD4608B0B0BDC046100A00200A
:1092F000001800603506000080B58AB000AF7860C5
:1093000039607B687B627B683B623B6800221A7035
:1093100035E07B6A1B7B002B2ED0EFF31083FB60C4
:10932000FB68FB6172B6C046FFF77CFF7B6A18687A
:1093300059681A4B80331A685B68801A9941020099
:109340000B003A617B617B69002B05DC7B69002B9C
:1093500008D13B69002B05D03B690121180000F0C2
:109360001FF802E03B6801221A70FB69BB60BB6812
:1093700083F31088C04605E07B6A1B697B627B6AC9
:10938000002BC6D13B681B78002B01D03B6A00E064
:109390007B6A1800BD460AB080BDC046100A002096
:1093A00080B584B000AF78600A00FB1C1A70154BC2
:1093B0009B691900144A7B681800F6F781FE0300C8
:1093C0007B607B68202B00D220237B600F4B180032
:1093D000FFF735F80300FB607A68FB68D3180833A1
:1093E0000A4A19001000FFF71EF8084B1800FFF793
:1093F00030F8064B1800FEF7DBFFFB681800BD468F
:1094000004B080BD100A0020260300000018006090
:1094100080B586B000AF786039607B687B610023DF
:109420003B617B68FB6004E07B693B617B691B6996
:109430007B617B69002B0AD07B691A685B6839689D
:10944000086849689942EFD801D19042ECD83B684E
:109450007A691A613B69002B02D13B68FB6002E02C
:109460003B693A681A61FB681800BD4606B080BDCA
:1094700080B582B000AF0200FB1D1A70FB1D1B7887
:10948000002B10D00E4B98229B5C01225340DBB284
:10949000002B10D00B4B1800FFF73EFE084B982214
:1094A0000121995407E0074B1800FFF7D3FB044B49
:1094B000982200219954C046BD4602B080BDC046E6
:1094C000100A0020500A002080B586B000AF7860F6
:1094D00039607B687B6100233B617B68FB6004E053
:1094E0007B693B617B691B697B617B69002B03D0D6
:1094F0007A693B689A42F3D17B69002B0BD07A6979
:109500007B689A4203D17B691B69FB6003E07B693E
:109510001A693B691A61FB681800BD4606B080BD38
:10952000B0B588B000AF786039607B68FB6100231C
:10953000BB617B687B613B687A681A6000233B6192
:1095400021E0FB691B7B002B15D0FB691C685D6863
:10955000FFF758FB02000B00A41A9D4122002B00CC
:10956000BA60FB60FB68002B11DCFB68002B02D1AA
:10957000BB68052B0BD8FB69BB61FB691B69FB61F1
:109580003B6901333B61FB69002BDAD100E0C04647
:109590003B69002B05D0BB6900221A61FB697B6126
:1095A00002E03B6800221A607B691800BD4608B0E3
:1095B000B0BD000080B590B000AF254B1B78002BEC
:1095C00033D03B001800FFF74DFC214B9B6E9AB245
:1095D0003B009B6819001000FFF770FDEFF310834C
:1095E0003B633B6BBB6372B6C046194B3022012113
:1095F00099543B005A68164B5A613B009A68144BC9
:109600009A613B001A68124B1A613B00DA68104BF2
:10961000DA6100F01FF8BB6B7B637B6B83F3108810
:10962000C0460020FFF786FC0EE0EFF31083BB621C
:10963000BB6AFB6372B6C04600F00CF8FB6BFB62C2
:10964000FB6A83F31088C046C046BD4610B080BD9B
:10965000100A0020B0B584B000AF344B1800FEF7FC
:10966000EEFE0200324B88215A50314B88229A5824
:109670002F4B9B6FD01A2E4B1B6A19002D4B1A00D3
:10968000F6F71EFD01002A4B1A6F5B6FB9600021CF
:10969000F960B868F96812184B4125490A674B67A9
:1096A000234B1B78002B20D1214B88229A58204B2A
:1096B0009B6FD21A1E4B9B689A4216D21C4B1B6A98
:1096C00019001C4A01235B421800F6F7F9FC01005F
:1096D000174B1A6F5B6F39600021796038687968C1
:1096E00012184B4112490A674B67114B1A6F5B6F97
:1096F0000F4980310A604B600D4B88229A580C4B01
:109700009A670B4B1A6F5B6F094949680C0000217F
:109710000D0012196B4106498A62CB62044BDA696B
:10972000034B1A62C046BD4604B0B0BD00180060CD
:10973000100A002035060000B0B586B000AF020068
:10974000FB1D1A701723FB1800221A70384B622277
:109750009B5C002B00D163E0EFF31083FB60FB68A0
:109760003B6172B6C046FB1D1B78012B01D1FFF790
:1097700059FD2F4B9A6DDB6D2D49886AC96AC82443
:10978000A402002500196941994213D801D19042E1
:1097900010D8274B803318685968254B9A6ADB6AC2
:1097A000B9246400002512196B41994202D831D1C5
:1097B00090422FD91E4B9A6DDB6D4C204042C11751
:1097C000801859411A4B80331A685B680A240025B7
:1097D00012196B41994202D814D1904212D9172321
:1097E000FC1800F027F803002370114B62220021BF
:1097F00099540F4B6122012199540D4B6322012191
:10980000995407E00A4B6222002199541723FB1850
:1098100001221A703B69BB60BB6883F31088C046A5
:109820001723FB181B781800BD4606B0B0BDC04614
:10983000100A002080B586B000AF6F4B64229B5C9D
:10984000002B16D06C4B60229B5C002B08D06A4B1F
:1098500038229B5C3B61684B3C229B5CFB601EE0BA
:10986000654B39229B5C3B61634B3C229B5CFB60FC
:1098700015E0614B60229B5C002B08D05E4B3A22C6
:109880009B5C3B615C4B3C229B5CFB6007E05A4B62
:109890003B229B5C3B61584B3C229B5CFB60564BE4
:1098A0009A6DDB6D1100544B80331A685B681300AE
:1098B000CB1A7B60504B9B691900504A7B6818009B
:1098C000F6F7FEFB03003B604B4B9A6EFB68D31828
:1098D000C8337A689A4231D9494B5B79DBB21A00B6
:1098E0003B689A1A3B69D31A7B61434B88229A588A
:1098F0007B69D318434A19001000FEF788FD414BDD
:1099000000211800FEF7B4FDC023DB051800FEF7A8
:1099100005FDC023DB051800FEF70FFD394B1800CD
:10992000FEF726FD374B1800FEF793FD344B5B79AD
:10993000DBB21A003B699B183B6123E02E4B3D22B2
:109940009B5C1A003B689A1A3B69D31A7B612A4BCD
:1099500088229A587B69D218C023DB0511001800B1
:10996000FEF7FAFC274B1800FEF712FDC023DB05BB
:109970001800FEF7C3FC204B3D229B5C1A003B699C
:109980009B183B611C4B88229A583B68D2181A4B93
:1099900090215A507A693B69D2183B6905339A4243
:1099A00012D2C023DB051800FEF7B8FCC023DB058C
:1099B0001800FEF7C2FC134B1800FEF7E9FC0B235E
:1099C000FB1801221A7010E00B4BDB6919000E4ADC
:1099D0003B691800F6F774FB0300D9B2064B8C22E2
:1099E00099540B23FB1800221A700B23FB181B78C9
:1099F0001800BD4606B080BD100A002026030000F6
:109A0000C00000200018006035060000B0B586B028
:109A100000AF78603960EFF31083BB60BB687B6197
:109A200072B6C046FFF7FEFB144B80331A685B68C2
:109A300039680A604B60114B88229A587B68D01AAB
:109A40000E4BDB6919000E4B1A00F6F739FB0300C9
:109A50003B617B69FB60FB6883F31088C0463B6811
:109A60001A685B6839690C0000210D00121BAB41BC
:109A700010001900BD4606B0B0BDC046100A002057
:109A80003506000080B500AFFFF73CF9F7F7B8FFE7
:109A9000C046BD4680BD80B582B000AF00237B606C
:109AA0007B68C023DB055A6FC023DB0501210A4315
:109AB0005A67C023DB055B6F7B60C046BD4602B0C2
:109AC00080BD000080B582B000AF7860084B9A6A14
:109AD0007B68D943064B0A409A62054BDA6A7B6879
:109AE000D943034B0A40DA62C046BD4602B080BD8E
:109AF0000000504880B500AF044B1A68034B80212A
:109B000049020A431A60C046BD4680BD0000404875
:109B100080B500AF044B1A68034B04490A401A6031
:109B2000C046BD4680BDC04600004048FFFFFEFF66
:109B300080B500AF074B1A6880239B021A40802330
:109B40009B029A4201D1012300E000231800BD4688
:109B500080BDC0460000404880B582B000AF78604C
:109B60000B4A9823D3580B4A1A407B681B020849BA
:109B7000134398228B50064A9823D35804498022D5
:109B8000134398228B50C046BD4602B080BDC046EC
:109B900000004048FFC0FFFF80B582B000AF786092
:109BA000074A9823D358702293431A0004497B68CC
:109BB000134398228B50C046BD4602B080BDC046BC
:109BC0000000404880B500AF074B9A68064B04215F
:109BD0008A439A60044B9A68034B02218A439A6035
:109BE000C046BD4680BDC0460000404880B500AFBD
:109BF000074B9A68064B02210A439A60044B9A6805
:109C0000034B04210A439A60C046BD4680BDC0464E
:109C10000000404880B500AF074B1A688023DB0086
:109C20001A408023DB009A4201D1012300E0002387
:109C30001800BD4680BDC0460000404880B582B0D7
:109C400000AFC0460F4B1A6880239B021340F9D027
:109C50000C4B9A680B4B02210A439A6000237B60ED
:109C600003E0C0467B6801337B607B68052BF8DD31
:109C7000044B9A68034B04210A439A60C046BD46D0
:109C800002B080BD0000404880B582B000AF78606F
:109C9000064B9B68064A13401900044B7A680A4336
:109CA0009A60C046BD4602B080BDC0460000404834
:109CB000FF7FFEFF80B500AF044B1A68034B1021F5
:109CC0000A431A60C046BD4680BDC04600004048F9
:109CD00080B500AF044B1A68034B10218A431A6009
:109CE000C046BD4680BDC0460000404880B500AFBC
:109CF000054B1B6820221340202B01D1012300E0DB
:109D000000231800BD4680BD0000404880B500AF6C
:109D1000044B1A68034B40210A431A60C046BD46F3
:109D200080BDC0460000404880B500AF044B1A68B3
:109D3000034B40218A431A60C046BD4680BDC046E1
:109D40000000404880B500AF054B1B68402213401F
:109D5000402B01D1012300E000231800BD4680BD47
:109D60000000404880B582B000AF7860064BDB68E9
:109D7000602293431900044B7A680A43DA60C046B4
:109D8000BD4602B080BDC0460000404880B500AF6F
:109D9000044B1A68034B04210A431A60C046BD46AF
:109DA00080BDC0460000404880B500AF044B1A6833
:109DB000034B04218A431A60C046BD4680BDC0469D
:109DC0000000404880B500AF054B1B6808221340D7
:109DD000082B01D1012300E000231800BD4680BDFF
:109DE0000000404880B500AF044B1A68034B802147
:109DF00089010A431A60C046BD4680BD0000404844
:109E000080B500AF044B1A68034B04490A401A603E
:109E1000C046BD4680BDC04600004048FFDFFFFF92
:109E200080B500AF074B1A688023DB011A408023FE
:109E3000DB019A4201D1012300E000231800BD4656
:109E400080BDC0460000404880B582B000AF786059
:109E5000064B9B68E02293431900044B7A680A433F
:109E60009A60C046BD4602B080BDC0460000404872
:109E700080B584B000AF78607B68002B01D10123EE
:109E80003CE17B681B681022134033D07B689B68E1
:109E9000002B02D1FFF796FE01E0FFF7A7FE7B68DB
:109EA0009B68042B13D1FBF7DFFB0300FB6008E08A
:109EB000FBF7DAFB0200FB68D31A642B01D90323FA
:109EC0001CE1FFF7A7FE0300012BF1D012E0FBF726
:109ED000CBFB0300FB6008E0FBF7C6FB0200FB685E
:109EE000D31A642B01D9032308E1FFF793FE030083
:109EF000012BF1D17B681B680122134039D020204F
:109F0000FFF72AFE3020FFF747FE7B685A68802360
:109F10005B029A4202D1FFF7EDFD01E0FFF7F8FD89
:109F20007B685B68002B12D0FBF79EFB0300FB6095
:109F300008E0FBF799FB0200FB68D31A642B01D9F8
:109F40000323DBE0FFF7F4FD031EF2D011E0FBF783
:109F50008BFB0300FB6008E0FBF786FB0200FB685D
:109F6000D31A642B01D90323C8E0FFF7E1FD031ED8
:109F7000F2D17B681B68042213403AD07B681B69CE
:109F8000002B22D0FFF710FFC046FFF71BFF031E78
:109F9000FBD1FFF79DFE80235B021800FFF774FEE4
:109FA000FFF7F4FEFBF760FB0300FB6008E0FBF744
:109FB0005BFB0200FB68D31A022B01D903239DE04F
:109FC000FFF700FF031EF2D013E0FFF7EDFEFBF7F3
:109FD0004BFB0300FB6008E0FBF746FB0200FB685D
:109FE000D31A022B01D9032388E0FFF7EBFE031EEF
:109FF000F2D17B681B680222134047D0FFF7D4FEE2
:10A00000FFF766FEC046FFF771FE031EFBD1C023BB
:10A010009B011800FFF756FD80231B021800FFF775
:10A0200033FE2020FFF79EFE7B68DB68102B02D1F9
:10A03000FFF740FE01E0FFF74BFE7B68DB68002B7B
:10A0400012D0FBF711FB0300FB6008E0FBF70CFBF1
:10A050000200FB68D31A642B01D903234EE0FFF7FB
:10A0600045FE031EF2D011E0FBF7FEFA0300FB6091
:10A0700008E0FBF7F9FA0200FB68D31A642B01D958
:10A0800003233BE0FFF732FE031EF2D17B681B681F
:10A090000822134031D07B685B69402B02D1FFF767
:10A0A00035FE01E0FFF740FE7B685B69002B12D0B4
:10A0B000FBF7DAFA0300FB6008E0FBF7D5FA0200D1
:10A0C000FB68D31A642B01D9032317E0FFF73AFE8C
:10A0D000031EF2D011E0FBF7C7FA0300FB6008E0B3
:10A0E000FBF7C2FA0200FB68D31A642B01D90323E1
:10A0F00004E0FFF727FE031EF2D100231800BD463F
:10A1000004B080BD80B584B000AF786039607B68F2
:10A11000002B01D1012398E04E4B5B683022934322
:10A1200019004C4B3A680A435A607B681B68022B43
:10A130000ED1FFF747FDFFF76DFD031E01D101238F
:10A1400083E0FFF75DFE7B685B681800FFF77CFE2D
:10A150007B681B68002B24D1FFF75CFD031E01D137
:10A16000012372E0FFF7E4FC031E01D101236CE040
:10A17000FFF738FEFBF778FA0300FB6008E0FBF717
:10A1800073FA0200FB68D31A022B01D903235CE0A7
:10A19000FFF746FE031EF2D07B685B681800FFF7EE
:10A1A00053FE7B681B68012B17D1FFF747FDFFF7B4
:10A1B00031FD031E01D0012347E0FFF7B9FC031E68
:10A1C00001D1012341E0244B9B68E0229343190015
:10A1D0007B685A68204B0A439A601E4B5B683022AA
:10A1E00013403A689A421DD01A4B5B683022934361
:10A1F0001900184B3A680A435A60FBF735FA030016
:10A20000FB6008E0FBF730FA0200FB68D31A022B70
:10A2100001D9032319E00F4B5B68302213403A68E1
:10A220009A42EFD10023BB6003E0C046BB68013314
:10A23000BB60BB68052BF8DDFBF772F9FBF71EFA74
:10A2400003001800FBF7B6F903001800BD4604B080
:10A2500080BDC046001000400000404880B500AFFF
:10A26000024B1B681800BD4680BDC046140D00207F
:10A2700080B582B000AF7860064B9B68064A1340F9
:10A280001900044B7A680A439A60C046BD4602B082
:10A2900080BDC04600004048FF7FFEFF80B582B011
:10A2A00000AF7860064B1B6E042293431900044BE9
:10A2B0007A680A431A66C046BD4602B080BDC046F1
:10A2C0000000404880B582B000AF7860064B9B68C4
:10A2D000064A13401900044B7A680A439A60C04644
:10A2E000BD4602B080BDC04600004048FFEFFFFF02
:10A2F00080B582B000AF7860064B9B68064A134079
:10A300001900044B7A680A439A60C046BD4602B001
:10A3100080BDC04600004048FFDFFFFF80B582B02F
:10A3200000AF7860064B9B68064A13401900044B47
:10A330007A680A439A60C046BD4602B080BDC046F6
:10A3400000004048FFFF3FFF80B582B000AF78605B
:10A350007B681B680122134004D07B681B691800CE
:10A36000FFF79CFF7B681B680222134004D07B68C8
:10A370005B691800FFF7A6FF7B681B680822134083
:10A3800004D07B685B681800FFF7C8FF7B681B6818
:10A390001022134004D07B68DB681800FFF7A8FF89
:10A3A0007B689B682022134004D07B689B68180060
:10A3B000FFF75EFF00231800BD4602B080BD00001D
:10A3C000B0B584B000AF78600F23FB1801221A707B
:10A3D0007B68002B01D101236BE07B685B7EDBB2E5
:10A3E000002B06D17B6800221A767B681800F7F7ED
:10A3F000BDF87B6802225A767B681B68DB681022F6
:10A400001340102B46D07B681B68CA225A627B68B7
:10A410001B6853225A620F257C197B68180000F0D4
:10A4200077F80300237028003B181B78002B2CD1F1
:10A430007B681B689A687B681B6820490A409A60A1
:10A440007B681B6899687B685A687B681B691A433C
:10A450007B685B691A437B681B680A439A607B6868
:10A460001B687A68D2681A617B681B6819697B6807
:10A470009B681A047B681B680A431A613C187B6856
:10A48000180000F088F8030023707B681B68FF2227
:10A490005A6203E00F23FB1800221A700F23FB18E7
:10A4A0001B78002B02D17B6801225A760F23FB1800
:10A4B0001B781800BD4604B0B0BDC046BFFF8FFF7B
:10A4C00080B584B000AF78600023FB607B681B68B8
:10A4D0000E4ADA60FBF7C8F80300FB600AE0FBF7FE
:10A4E000C3F80200FB68D21AFA239B009A4201D9F2
:10A4F000032306E07B681B68DB6820221340EED054
:10A5000000231800BD4604B080BDC0465D050100B3
:10A5100080B584B000AF78600023BB600F23FB18C8
:10A5200000221A707B681B68DB68402213402BD125
:10A530007B681B68DA687B681B6880210A43DA60E5
:10A54000FBF792F80300BB6013E0FBF78DF8020005
:10A55000BB68D21A0F203B18391809781970FA23F2
:10A560009B009A4205D97B6804225A763B18012247
:10A570001A707B681B68DB684022134004D10F23EC
:10A58000FB181B78012BE0D10F23FB181B78180058
:10A59000BD4604B080BD90B585B000AF78600F2493
:10A5A0003B1900221A707B681B68DA687B681B689D
:10A5B00080218A43DA607B681B689B6820221340F5
:10A5C0000BD17B681800FFF77BFF031E05D07B686B
:10A5D00004225A763B1901221A700F23FB181B78AC
:10A5E0001800BD4605B090BD80B582B000AF786060
:10A5F0007B68002B01D1012336E07B6835229B5C10
:10A60000DBB2002B07D17B683422002199547B6890
:10A610001800F6F7D7FF7B683522022199547B6832
:10A620001A687B6804331900100000F05DF87B683D
:10A630003B22012199547B683622012199547B6881
:10A640003722012199547B683822012199547B6873
:10A650003922012199547B683A22012199547B685F
:10A6600035220121995400231800BD4602B080BD57
:10A6700080B582B000AF786039607B6834229B5C23
:10A68000012B01D102232AE07B6834220121995455
:10A690007B683522022199543A687B6811001800C2
:10A6A00000F07EF8031E09D07B6835220121995401
:10A6B0007B68342200219954012310E07B681B68D9
:10A6C000DA687B681B6840218A43DA607B68352240
:10A6D000012199547B6834220021995400231800E9
:10A6E000BD4602B080BD000080B584B000AF786088
:10A6F00039607B681B68FB607B68254A934208D100
:10A70000FB6870229343FB603B685B68FA68134305
:10A71000FB607B681E4A934207D07B681D4A9342C8
:10A7200003D07B681C4A934208D1FB681B4A134044
:10A73000FB603B68DB68FA681343FB60FB688022C0
:10A7400093431A003B685B691343FB607B68FA68BC
:10A750001A603B689A687B68DA623B681A687B68B3
:10A760009A627B680A4A934207D07B68094A9342FF
:10A7700003D07B68084A934203D13B681A697B681F
:10A780001A637B6801225A61C046BD4604B080BD91
:10A79000002000400050004000600040FFFCFFFF30
:10A7A00080B586B000AF786039601723FB180022AF
:10A7B0001A707B681B689B683B613B6970229343FE
:10A7C0003B613B685B683A6913433B613B69364ACE
:10A7D00013403B613B681B683A6913433B617B68EC
:10A7E0001B683A699A603B685B68702B08D04FD849
:10A7F000602B43D04CD8402B0DD0502B34D047E0A9
:10A800007B6818683B68D9683B689A683B681B6935
:10A8100000F0ACF841E03B681B68052B01D1012337
:10A820003EE07B681B681B6AFB607B681B681A6ADA
:10A830007B681B6801218A431A627B681B689B69DD
:10A84000BB60BB68F0229343BB603B681B691B0184
:10A85000BA681343BB607B681B68BA689A617B68FF
:10A860001B68FA681A6218E07B6818683B68996888
:10A870003B681B691A0000F019F80EE07B68186845
:10A880003B6899683B681B691A0000F03DF804E0DA
:10A890001723FB1801221A70C0461723FB181B78D8
:10A8A0001800BD4606B080BDF8FFFEFF80B586B03B
:10A8B00000AFF860B9607A60FB681B6A7B61FB6877
:10A8C0001B6A012293431A00FB681A62FB689B69AA
:10A8D0003B613B69F02293433B617B681B013A6912
:10A8E00013433B617B690A2293437B617A69BB68AE
:10A8F00013437B61FB683A699A61FB687A691A6263
:10A90000C046BD4606B080BD80B586B000AFF860D9
:10A91000B9607A60FB681B6A7B61FB681B6A102266
:10A9200093431A00FB681A62FB689B693B613B69B1
:10A930000D4A13403B617B681B033A6913433B613B
:10A940007B69A02293437B61BB681B017A69134337
:10A950007B61FB683A699A61FB687A691A62C04652
:10A96000BD4606B080BDC046FF0FFFFF80B586B074
:10A9700000AFF860B9607A603B60FB689B687B6100
:10A980007B69094A13407B613B681A027B681A4362
:10A99000BB6813437A6913437B61FB687A699A60E9
:10A9A000C046BD4606B080BDFF00FFFF80B58AB03F
:10A9B00002AFF860B9603B60BB1D1A80FB6888225B
:10A9C0009B58202B00D09AE0BB68002B03D0BB1D06
:10A9D0001B88002B01D1012392E0FB689A68802339
:10A9E0005B019A4209D1FB681B69002B05D1BB684A
:10A9F0000122134001D0012382E0FB689022002154
:10AA00009950FB68882221219950FAF72DFE030006
:10AA10007B61FB68BA1D542112885A52FB68BA1D2B
:10AA2000562112885A52FB689A6880235B019A4229
:10AA300008D1FB681B69002B04D10023FB61BB68B4
:10AA4000BB6103E0BB68FB610023BB613AE07A694C
:10AA5000F8683B68009313000022802100F054F84E
:10AA6000031E05D0FB68882220219950032347E06C
:10AA7000FB69002B0BD1BB691B881A00FB681B68A4
:10AA8000D205D20D9A62BB690233BB6107E0FB6954
:10AA90001A78FB681B689A62FB690133FB61FB68EB
:10AAA00088229B5821221340212B09D1FB68562272
:10AAB0009B5A9BB2013B99B2FB685622995201E026
:10AAC00001231DE0FB6856229B5A9BB2002BBED18E
:10AAD0007A69F8683B68009313000022402100F077
:10AAE00013F8031E05D0FB68882220219950032308
:10AAF00006E0FB68882220219950002300E0022311
:10AB00001800BD4608B080BD80B584B000AFF860C5
:10AB1000B9603B60FB1D1A7051E0BB6901334ED038
:10AB2000FAF7A2FD02003B68D31ABA699A4202D32F
:10AB3000BB69002B01D1032351E0FB681B681B6834
:10AB4000042213403BD0BB68802B38D0BB68402B1D
:10AB500035D0FB681B68DB6908221340082B11D134
:10AB6000FB681B6808221A62FB68180000F03CF8BA
:10AB7000FB68902208219950FB6884220021995497
:10AB800001232CE0FB681B68DA6980231B011A4053
:10AB900080231B019A4212D1FB681B68802212019C
:10ABA0001A62FB68180000F01FF8FB689022202151
:10ABB0009950FB6884220021995403230FE0FB681D
:10ABC0001B68DB69BA681340BA68D31A5A4253410A
:10ABD000DBB21A00FB1D1B789A429ED0002318009E
:10ABE000BD4604B080BD000080B58EB000AF786077
:10ABF000EFF310837B617B697B630123BB61BB69DE
:10AC000083F31088C0467B681B681A687B681B68E2
:10AC100026490A401A607B6BFB61FB6983F310884D
:10AC2000C046EFF310833B623B6A3B6301237B62C8
:10AC30007B6A83F31088C0467B681B689A687B68D0
:10AC40001B681B490A409A603B6BBB62BB6A83F37B
:10AC50001088C0467B68DB6E012B18D1EFF31083A0
:10AC6000BB60BB68FB620123FB60FB6883F3108859
:10AC7000C0467B681B681A687B681B6810218A4382
:10AC80001A60FB6A3B613B6983F31088C0467B68AE
:10AC90008C22202199507B680022DA667B68002292
:10ACA0005A67C046BD460EB080BDC046DFFEFFFFFE
:10ACB000FEFFFFEF80B588B000AF78600A00BB1CD4
:10ACC0001A801B23FB1800221A707B681B78042B48
:10ACD00003D07B681B78822B16D17B6801337B61A4
:10ACE0007B681B78042B03D17B690233FB6105E091
:10ACF0007B6801333B613B690333FB617B691B78F4
:10AD0000FF2B01D1FB69FB601B23FB181B78002B79
:10AD100003D17B681800F6F7BFFEC046BD4608B0F9
:10AD200080BD000080B590B000AF7860754B1B68A7
:10AD3000BB62744B1B687A681A40724B1A60724B84
:10AD40001B68BB63714B1B687B63714B1B683B6368
:10AD5000704B1B68FB6290E00023FB6302E0FB6B1F
:10AD60000133FB636C4BFA6BD200D3583A6B1A4039
:10AD7000644B1B681340F2D0674BFA6BD200D35878
:10AD80003A6B1A405F4B1B6813407B62624AFB6B55
:10AD9000DB00D31804331B687A6A134007D15E4A7C
:10ADA000FB6BDB00D3180433012252421A605A4A6B
:10ADB000FB6BDB00D31804331B687A6A134018005E
:10ADC00000F006F903001A00544B1A60524AFB6B5C
:10ADD000DB00D31804331A68504B1B6801219940DB
:10ADE0000B00DB431A404C49FB6BDB00CB180433F0
:10ADF0001A60EFF31083BB61BB693B6272B6C04659
:10AE0000464B1B6801229A401300DA433E4B1B68F5
:10AE10001A403D4B1A600223FB6313E0FB6B5A1E82
:10AE20003D4BD200D1583D4B1B6801229A40130084
:10AE3000DB43FA6B013A1940374BD200D150FB6B20
:10AE4000013BFB63FB6B002BE8D13B6A7B617B69B9
:10AE500083F31088C046314B1A68314B9200D358A7
:10AE60009847294B1B68BB63284B1B687B63284BA7
:10AE70001B683B63274B1B68FB62BB6B3A6B1A403A
:10AE8000204B1B68134004D07B6BFA6A134000D13F
:10AE900062E7224B012252421A601E4B1B687A6BFA
:10AEA000134027D1F5F7A9FBEFF310833B613B6912
:10AEB000FB6172B6C046144B1B68BB63134B1B6827
:10AEC0007B63134B1B683B63BB6B3A6B1A400D4BA8
:10AED0001B68134006D10F4B1B687A6B134001D1DE
:10AEE000F5F790FBFB69FB60FB6883F31088C046B5
:10AEF00000F068F8034BBA6A1A60C046BD4610B04D
:10AF000080BDC046240D0020B00A0020B40A0020F5
:10AF1000200D0020B80A0020400B0020BC0A0020B1
:10AF2000C00A002080B588B000AFF860B9607A60D0
:10AF3000EFF310837B617B69FB6172B6C046FB68EF
:10AF4000180000F045F803001A00074B92007968DA
:10AF5000D150FB69BB61BB6983F31088C046C04612
:10AF6000BD4608B080BDC046C00A002080B586B08E
:10AF700000AF78603960EFF31083FB60FB687B61A2
:10AF800072B6C0460D4B1A687B681A430B4B1A60A9
:10AF90000B4B3A68D200D2587B681A431100084B19
:10AFA0003A68D200D1507B693B613B6983F31088DA
:10AFB000C046C046BD4606B080BDC046B00A0020AF
:10AFC000400B002080B500AFC046BD4680BD0000EC
:10AFD00080B584B000AF78600F217B1800221A7012
:10AFE0007B68BB60BA6880235B029A4205D27B18FB
:10AFF00010221A70BB681B04BB60BA6880235B0414
:10B000009A4208D20F22BB18BA18127808321A7066
:10B01000BB681B02BB60BA6880235B059A4208D2FA
:10B020000F22BB18BA18127804321A70BB681B01C1
:10B03000BB60BB681B0F084AD15C0F203B183A1855
:10B0400012788A181A703B181B781F22D31ADBB2A9
:10B050001800BD4604B080BD9812051080B50228C6
:10B0600001D9122080BD00F045FE80BD1FB51C46F1
:10B0700008460A9903910999029108990191079943
:10B080000091069B1146224600F056FF04B010BD09
:10B0900080B51946104601F0A5F880BD80B500F0D6
:10B0A0009DFF80BDF0B593B01F4615460E46129029
:10B0B0001C9C08461146224600F010FF002824D1AF
:10B0C00022980D901FAB0DCB11901E980F901D98DC
:10B0D0000E901B980C901A9919981097189F089227
:10B0E00009930D9A0A920097019002910C9803908F
:10B0F00004940E9805900F98069011980790129856
:10B1000031462A46109BFFF7B1FF13B0F0BD80B562
:10B11000FFF7BEFF80BD80B5FFF7C0FF80BD0020F8
:10B1200070470000F0B58BB015460C4636490B68E9
:10B130000646283E062212210B2E10D900281CD0CC
:10B14000FF2835D0082817D0182815D080283CD0E3
:10B15000812847D0FE284BD006280BD013E0C046EC
:10B160007E4436797600B744050E050E110E080EA2
:10B170000E0E0E18022200E0102222701918284626
:10B18000F6F71EFE002108460BB0F0BD012020702E
:10B190002C21595C01402970F4E700F097FE01A9C9
:10B1A0000870012628463246F6F70AFE2670E9E7BF
:10B1B00001A8FFF7B4FF00281DD001A904262846E6
:10B1C0003246F6F7FDFD002117E00620207001A8A9
:10B1D00003F09FFD002812D02278FF212846F6F7C1
:10B1E000FFFDCFE706222270084801686631C6E7F6
:10B1F00000202070C7E7122100262670C3E72278BE
:10B2000001A92031BBE7C046500B0020580B00209D
:10B2100080B5FFF787FF80BD80B500F001F880BDE5
:10B22000F8B50E4605461224F6F72EFEB04217D3A7
:10B23000012D15D80B4800688179009185714779F7
:10B2400046712846F6F730FE0024B74202D1009836
:10B25000A84205D0FF207F2201210B4602F027F8EB
:10B260002046F8BD600B002080B5044800685C30C3
:10B2700000210422F6F7B4FD80BDC046600B00201B
:10B28000142803D840B202A1085C70470820704718
:10B29000000101030303020508080808080808085C
:10B2A000080808070600000070B50346094804684E
:10B2B00072B6207C00252574257B0F262E401E703B
:10B2C000237B1B090B70A1681160411E884162B687
:10B2D00070BDC046600B0020034800680021017467
:10B2E000C18101737047C046600B002010B586B065
:10B2F0001548046802A801A96A46FFF7D5FF00288F
:10B300001FD002A80178E089C840C00719D0019A6F
:10B31000009B03A8082484701C0EC4721C0C847249
:10B320001C0A44720372C2718171FF214170822133
:10B3300001700021417104220271C1700C21FFF7DC
:10B34000B9FC06B010BDC046600B0020002070475D
:10B3500080B5002003F000FD80BD0000F0B58DB089
:10B36000099308920E46079003F0CAF90124382188
:10B37000204603F0DDF92D21062242542E49C97AD8
:10B38000342281542D4F3860302101850CAD0BA93A
:10B390000AAA2846F6F734FD0A980002297809011E
:10B3A00001430B9800030843001D396848851821A4
:10B3B000204603F0BDF9224908600021017503F021
:10B3C000C1FC1A980690199C059418980490179837
:10B3D00003901698029015980190139D0095079878
:10B3E000089F079631463A46099B03F01BF803F085
:10B3F00085F91B9E012C01D1FFF7A8FF00F08EF903
:10B40000012E01D100F0BAF80C4800682C21405CF4
:10B41000C0070ED1012C06D1149801F046F803F0B4
:10B4200075FC00F046FF079839462A46234600F08F
:10B43000C5FB0DB0F0BDC046680B0020500B0020CE
:10B440009C0B0020F0B595B00120810414912E488A
:10B450000160BFF34F8FBFF36F8FF7F719FAF6F75D
:10B4600073FD00201290C043F7F7F6F901F010F8D1
:10B47000139001F011F8119002F027FF109001F0E5
:10B4800015FA0F9003F043FC01F008F80E9001F05C
:10B4900009F80D9001F002FA0C9001F001FA0B90FE
:10B4A00000F0F2FF044600F0F5FF054600F0F8FF5B
:10B4B000064601F0F7FE074600F061F8C0B2F9B2A7
:10B4C00008910990F0B2E9B2E2B20B9BDBB20C9C9E
:10B4D000E4B20D9DEDB20E9EF6B2129F009701965A
:10B4E0000295039404930592069107901398C0B2B5
:10B4F0001199C9B20F9AD3B2109AFFF72FFF0348E0
:10B500001499016015B0F0BD80E100E000E100E0B9
:10B51000B0B50546C07A1224802829D8298C17296D
:10B5200026D31448821D914222D8298A17291FD375
:10B5300081421DD8A87E00281AD001F0B1F9002858
:10B5400008D0E87E002813D0802811D8287F401E1C
:10B550000E280DD8084834222946F6F731FC03F0AE
:10B56000F1F8002803D4FFF76DFF002400E08724E2
:10B570002046B0BDFA030000680B00207047002091
:10B5800070470000FEB515460C460646080614D462
:10B5900002AA01AF304619463B4600F04FF800289A
:10B5A0001FD0600634D402988178FC220A40827051
:10B5B00001990180718001272BE072B602AA01AFC8
:10B5C000304619463B4600F039F800280BD0029966
:10B5D0008A78FC2313408B70019A0A8072800127BD
:10B5E00002E0002703E0002762B6002811D172B6FE
:10B5F000A0060AD410480068016808220A430260C5
:10B60000002003F0E9FBF6F71EFA62B600260AE016
:10B610000027029EF570A00060210140B07803224F
:10B6200002405018B070002F04D0002003F0D4FB6B
:10B63000F6F709FA3046FEBD540B0020F8B500922B
:10B640004588AC081C80491C8AB2A6188788BE426F
:10B6500000D9091B0A199200BE4200D96D1C0326AD
:10B66000354052191A80A3001B180833009C236030
:10B6700092B20588521B174637408488674335408D
:10B6800052199208D21995B2C688B54200D9C28023
:10B69000A5420AD809B2002907D59978FC220A40A8
:10B6A000511C9970083000990860A54201D900200A
:10B6B000F8BD0120F8BD80B5400605D48878FC228D
:10B6C0000240901C887080BD084600F001F880BDE3
:10B6D00070B58678C578041D2846214600F0F6F836
:10B6E00000281AD0142D04D8B008226821469047AB
:10B6F00070BD3F2D04D80020214600F0FDF870BD3C
:10B70000412D04D80020214600F008F970BD622DBB
:10B7100003D80020214600F0F6F870BDF8B50120EE
:10B720001C21294A9047294F3860294DA88D401E79
:10B7300003263043401C8008C01C04242146224AB2
:10B74000904739684860E88D401E3043401C8008AF
:10B75000C01C21461C4DA8472A46396888601C4DEC
:10B76000288E401E3043401C8008C01C2146904754
:10B770003968C860FFF7B0FD386842680021118061
:10B78000518083681980D180AF8D7F1E37437F1C25
:10B79000BF0897805980D980EF8D7F1E37437F1C6B
:10B7A000BF089F80C768398002614361F9802A8E93
:10B7B000521E3243521C9208BA8079808761224619
:10B7C000F6F70EFBF8BDC04631E70410540B00201D
:10B7D000680B0020FEB53B4D28681030002106297B
:10B7E00005D004C8528801AB5A52891CF7E772B6DB
:10B7F000286804680027076062B6E00702D00020CE
:10B8000000F0D7F8A00702D5012000F0D2F86007B9
:10B8100002D5022000F0CDF8200702D5032000F069
:10B82000C8F8E00648D5042000F0C3F844E07800EA
:10B8300001A90E5A0097BF002868C0190069018845
:10B840000288B2422AD08908891C89004418A1784C
:10B8500003220A40012A02D0002A03D11EE0817A85
:10B8600008300446480603D42046FFF731FF0AE0BB
:10B87000E078132807D2800013490A58211D20467A
:10B880009047002805D12868C019006921880180E7
:10B89000D5E7002003F0A0FAF6F7D5F872B62868CD
:10B8A000C019006941880288914202D100210180BB
:10B8B000418062B6009F7F1C032FB8D1FFF716FDB1
:10B8C000FEBDC046540B0020A8120510B0B51F22C3
:10B8D000D443084A234608330AD014192025645D4E
:10B8E00084421C46F7D1D018C26908469047B0BDC3
:10B8F0000120B0BDF412051080B508468978C91C36
:10B90000FFF7D8F980BD80B508468978C278120261
:10B910005118091D89B2FFF7CDF980BD80B50846E1
:10B92000C978027912025118491D89B2FFF7C2F98C
:10B9300080BD002070470020704700207047002025
:10B94000704700207047002070470020704700209B
:10B95000704700207047002070470020704700208B
:10B960007047002070470020704780B5808800F045
:10B97000B3FF002804D0BA21405C411E884180BD3D
:10B98000002080BD80B5017940790002401800F0A8
:10B99000A3FF411E884180BD80B500F073FF3821B0
:10B9A000415C002903D0007A411E884180BD0020FF
:10B9B00080BDE0B501AAD0700120907010205070B9
:10B9C000042111701046FFF775F98CBDF8B50446D7
:10B9D000C0062DD415460F4600931848006861072D
:10B9E000C90E40180069511E03220A43093291080A
:10B9F0008BB242222146FFF7C5FD00281AD0064629
:10BA0000C57287720C3000992A46F6F7D9F90027DB
:10BA1000777206203072281D010AF171B071FF2083
:10BA200070718220307120463146FFF744FE02E0FB
:10BA3000862700E007273846F8BDC046540B002093
:10BA4000F8B50446C0062DD416460D4618480068C1
:10BA50006107C90E40180069432204232146FFF7FD
:10BA600091FD002820D001460A300671057000279C
:10BA70004F7210220A72CF710A228A71FF224A7114
:10BA800082220A71320EC271320C8271320A427104
:10BA90002A0EC2702A0C82702A0A42702046FFF7D2
:10BAA0000AFE02E0862700E007273846F8BDC046B8
:10BAB000540B002080B54069014903F096FA80BD1F
:10BAC000C5BA041080B5022807D0012809D0002883
:10BAD00006D1002000F078F980BD002003F0E5FBDE
:10BAE00080BD002000F002F880BD0000F0B587B0F6
:10BAF0003148046806A9049100200190087005AE41
:10BB00000120307000F050F95D200394275C781E0E
:10BB10003D468541202038404442029044410498EB
:10BB2000314600F089FB002F01D101283ED12C4085
:10BB300038D105A80078002834D0039C20465D3019
:10BB4000C07B002834D02834029D002D03D02178FA
:10BB5000002003F0A7FB06A80078012802D10020EE
:10BB600000F02EFB00F094F9002804D10020012100
:10BB700000F066F90190002D0AD02178012003F031
:10BB800091FB002804D00198002801D000F01EF994
:10BB900006A80078012809D1062003F01DF9F5F761
:10BBA00052FF03E00120014600F04AF907B0F0BD62
:10BBB00000200121F8E7C046580B0020FEB51F46C3
:10BBC00001920291054601247821204602F0B0FD41
:10BBD000E12189005A228152244E3060012D17D173
:10BBE0000120062102F0A4FD014630688163012F87
:10BBF0000ED101250E272846394602F099FD3168FD
:10BC0000C8642846394602F093FD01463068016554
:10BC1000029901290BD10198012805D11C2001218D
:10BC200002F086FD3168C8621148847E01E000217F
:10BC3000C1621421204602F07BFD316848650D4C3D
:10BC400004210122204602F061FD316808620325CB
:10BC500002222046294602F059FD31684862064A10
:10BC600007230846294603F0E7F8FEBD580B0020DD
:10BC7000680B0020640B0020B5BA0410B0B5044670
:10BC8000002108252A46F6F7ABF82078DF2101438A
:10BC900021706078092101436170A1782943A17066
:10BCA000114909685C22895C890602D50F21084385
:10BCB000607002F00AFB012807D16078122101436D
:10BCC0006170A07807210143A17000F0E7FDC0B2C8
:10BCD000012807D16078E02101436170A0788021BC
:10BCE0000143A170B0BDC046580B002080B502F0E2
:10BCF000ECFA80BDF0B585B0054604A800270770B2
:10BD00001224012901D9204648E00E462448006843
:10BD1000009003F049FA002840D100995C3108787E
:10BD2000C00711D1C87830430E46C87003A8072158
:10BD30000170002D12D0022D08D0012D20462DD1EA
:10BD400004A81021017009E00C2027E004A820219C
:10BD5000017003A900F06CF800281FD100F06EF804
:10BD600000281BD10098603000F064F8002815D13D
:10BD70000498012131740843307000F015F801ACCB
:10BD80002046FFF77BFF204600F056FBF84301906A
:10BD900004480290204600F03FFB384605B0F0BD55
:10BDA000580B0020FF9F0020064800685C21415C82
:10BDB0008906890F04D05C30C17802220A43C27020
:10BDC0007047C046580B0020704700007CB50D4CF2
:10BDD00025685C20285C8006800F12D05C35E878EE
:10BDE000022630400DD101A8694600F025FA697895
:10BDF000014306D1E8783043E8702068012103F060
:10BE000030F87CBD580B0020084800685C21415C7C
:10BE1000CA0606D4890606D45C30C17801200840E1
:10BE200070470120704703207047C046580B002020
:10BE30001220704780B500F0EBFA80BD00207047FB
:10BE4000B0B502461048006805465A35002908D1A9
:10BE5000A97889060024890F14D0697902230B4040
:10BE600010D0002A01D0094B03E07D21C9002B88A6
:10BE70004B4301242146224603F029F86879FD212D
:10BE8000014069712046B0BD580B0020307500009C
:10BE9000BCB50D4D28685F21405C800701D40C249F
:10BEA0000FE06C46204602F0E9FE2046FFF7C2FF95
:10BEB0000446002805D12868663069460622F5F751
:10BEC0007FFF2046BCBDC046580B002002480068DA
:10BED0006C21405C7047C046580B0020431E022B6B
:10BEE00009D300280CD0032809D101200140494280
:10BEF000122008407047002A01D1104670471220D6
:10BF0000704700000146103905290AD80020C046B4
:10BF10007944097949008F4402080A09080C032072
:10BF200070471D2801D1012070470520704702206D
:10BF30007047042070470000F0B58BB015460F46DF
:10BF40000146FA061220002A3FD51C4601239A0317
:10BF500095423AD8944238D80A9313980990129887
:10BF60000890119806901098079019480068466D3F
:10BF70000020049070703170FFF746FF059038463E
:10BF8000FFF7C0FF02467078202101437170042A38
:10BF900008D81721D140C90704D051B20DA3595C6C
:10BFA00008437070069800900898019007980290D6
:10BFB00009980390A8B2A1B2059B00F080F900286F
:10BFC0000A9902D10498B07431740BB0F0BDC04628
:10BFD000580B00202870287030000000F8B5044687
:10BFE00019480068476D002C0DD0387C002823D0FC
:10BFF0000020014600F02AF80546002822D1FFF76C
:10C0000047FF064600E00C26204600F0B8F905463A
:10C01000002817D10025204629462A4600F070F84E
:10C02000002C0BD001207874002E0BD1002528465F
:10C030002946FFF705FF05E0D32503E000257D74C1
:10C04000FFF7C4FE2846F8BD580B0020F8B5284A73
:10C05000927E12258A4225D9002800D10146142259
:10C060004A4324480068436D99184C78A006C60FCF
:10C070000020002E02D01027274014D1002E02D11C
:10C08000082634400FD19E5C4C688889214600F018
:10C09000BBF81949884208D00019817848070BD4A9
:10C0A000D42000E02846C0B2F8BD032E2846FAD8B6
:10C0B000F1001248C840F6E7032E2846F3D8C046E0
:10C0C0007E4436797600B74401060D010320014015
:10C0D00005D10846E7E703200140012906D02B20BF
:10C0E000C043E0E7032001400229F8D10020DAE74D
:10C0F000680B0020580B0020FFFF000000D4D40084
:10C1000070B50346002900D10A4629480068416DF0
:10C11000012B0CD114235343CA5C012A33D0022AC9
:10C120003ED1CA1894780420204390703AE014233A
:10C130005343C9188E1C8978890721D500242146CC
:10C1400002F08FFE1B4800684721405CC00717D0F3
:10C150001948006880694622022529462B46FFF7C8
:10C1600011FA00280CD001468571C4710472FF20B9
:10C17000487182200871042048722846FFF79BFA14
:10C180000020307070BDC9184A788B7813430222A2
:10C190001A438A7000210122084B02F098FE70BDFC
:10C1A000C8188078C9184A7802438A7070BDC046A2
:10C1B000580B0020600B0020540B002020BF020011
:10C1C00080B500F001F880BD80B505490968496D6A
:10C1D000497C012902D100F0D2F880BD002080BD49
:10C1E000580B0020B0B50C460546C0B201F02EFD3C
:10C1F000002800D0B0BD03490968496D8D814C60AD
:10C20000B0BDC046580B0020B0B50A4A03280FD372
:10C2100000239DB24C5D022C03D16D186D78012D69
:10C2200005D01B195B1C9CB28442F2D300E01A4675
:10C2300090B2B0BDFFFF0000F8B5054600260670BD
:10C24000012400910C7016480068476DFFF74EFD01
:10C25000002801D01348847EE1B2113730463246BF
:10C2600000290FD03B78002B09D0022B00D10120F0
:10C270003A460F3A137801229B0700D51646143729
:10C28000491EEDE7012A01D101212970012802D0C0
:10C29000F0B2012802D1002000990870D0B2F8BD98
:10C2A000580B0020680B002080B50120FFF78CFFA1
:10C2B00080BD704770477047704770477047F0B552
:10C2C00089B01D4616460F460490022001242146DF
:10C2D00000F0C2F8002850D103971220042E4CD849
:10C2E000029000F0DDF8012E03D8002801D11120C2
:10C2F00043E011980090109801900F990E9805AFA7
:10C300003872FD713E710398788004983880384601
:10C3100009300622F5F754FD0099B971019878713A
:10C320003879042801D0012804D105A9097A022905
:10C3300002D321E003291FD801280ED100F0A6F86E
:10C3400005A9C979814217D805A840794007029804
:10C3500013D005A801F044F90FE005A800882028B3
:10C360000AD3A103884207D805AA5288202A03D3FA
:10C370008A4201D89042E1D9029809B0F0BD10B5C7
:10C3800004460220012100F067F8002800D010BD0B
:10C39000012C01D9122010BD204601F0AFF910BDCB
:10C3A000F8B5184E3068002444771E301122164F1D
:10C3B0002146B84730682F30FF2505222946B84767
:10C3C000306834211F22425401463431CA7220227F
:10C3D0008A704C70403007222146B8473068473099
:10C3E00008222946B84730681C3001222146B84748
:10C3F000064800683521445430685621445256306E
:10C400004480F8BD600B0020E11D0410500B00209B
:10C4100080B501F093FB80BD10B52F21054A372967
:10C4200006D043182F3B1B7814686354491CF6E769
:10C43000002010BD600B002010B53F21054A4729A0
:10C4400006D043183F3B1B7814686354491CF6E739
:10C45000002010BD600B0020054A12683523D35C14
:10C46000034201D00C207047353211700020704714
:10C47000500B0020034909683522895C0840411EA1
:10C4800088417047500B0020002070470120704702
:10C490000020704700207047002070470020704740
:10C4A0000020704700207047704700207047000050
:10C4B0000348006890214058C06B00687047C04630
:10C4C000600B0020572189004143044800689022F6
:10C4D0008058C06B406840187047C046600B002011
:10C4E00070470000BFB50C460546FFF7E1FF32215B
:10C4F000405C002801D0002011E00A48006890212B
:10C500004058C06B0168086A496A03AA0123009376
:10C510000192FE2295432A46234602F0B5FD04B05F
:10C52000B0BDC046600B0020F0B58DB00446954804
:10C5300000682C21405CC007C50E6F20C6436E40CA
:10C5400000F0AEF99049096836228B5C2022134036
:10C550003631002866D0002B00D110E1887BC0075F
:10C5600063D0002D00D11222A08A0C90A77DE07D1F
:10C570000890608A0B90208A0990A0890A90206810
:10C58000059060680790A0680690207E0390607E0A
:10C590000490E589A07E02907C4800680069F1B2B1
:10C5A0000A23FEF7EFFF002800D1E8E004460197D8
:10C5B00007461F374572039820730498E07202986B
:10C5C0002072280AA07220460D30062505992A46B9
:10C5D0006F4B98472046133006992A466C4B984774
:10C5E0006B4B2046193007992A4698472120099914
:10C5F00021542520089A225420462130090A4170EE
:10C600000A99080A787039700B99080A787139719B
:10C610000C99080A787239720198F871201D292145
:10C620002222A2E0002B00D1A9E0887A800745D41D
:10C63000487AC00700D1A2E008200543E07D0C90B5
:10C64000608A0B90208A0990A0890A90206808903F
:10C65000207E0690607E0790E789A07E05904B487B
:10C6600000680069F1B206232A46FEF78BFF002816
:10C6700000D184E0044605461335477206982073BE
:10C680000798E07205982072380AA07220460D3093
:10C6900006220899F5F794FB0999080AA0756175B7
:10C6A0000A99080A687029700B99080A687129713B
:10C6B0000C986076201D0121132256E0002D01D038
:10C6C0001C2200E00D22E07D0A90678A208A0B90F0
:10C6D000A0890C902068079060680990A068089075
:10C6E000207E0590607E0690E589A07E0490274814
:10C6F00000680069F1B20923FEF744FF00283ED02C
:10C700000446039707461F3745720598207306981D
:10C71000E07204982072280AA07220460D30062587
:10C7200007992A461A4B98472046133008992A46FB
:10C73000174B9847164B2046193009992A469847B7
:10C7400021200B9A225425200A992154201D21468C
:10C750002131120A4A700C9A110A79703A70039AC0
:10C76000110A79713A710A211F22042323713E2391
:10C770004370E171A271F0B22146FEF79CFF0DB04B
:10C78000F0BDC046500B0020600B0020540B002071
:10C79000C11D0410F0B587B00446007E617E090219
:10C7A0000D186A1E082A00D30822A07E0490E07E9D
:10C7B0000390607D0121284F0191B8470646A07D76
:10C7C000E17D09020818002106912A46B8472B4648
:10C7D000029505463543214800682D21415C19200A
:10C7E000C20118460592B8473B4606462E430398B9
:10C7F000000204994718FF22F432384606999847F8
:10C8000005463543781C02994843800881B20A29BD
:10C8100000D80A21207F627F12021018059A0E4E5E
:10C82000B04705432320215C1F200840052110222A
:10C83000B047284301D006980CE02046223000780B
:10C84000C00606D11E202228F5D0215C401C0029FC
:10C85000F9D0019807B0F0BD15E40410500B00208A
:10C8600080B5FFF72FFE2C210022425480BD704777
:10C8700070477047704700207047002070470020C5
:10C8800070477047044800689021405840683D2137
:10C89000C90040187047C046600B00200020704758
:10C8A00000207047704770477047704700207047FE
:10C8B0007047704770470000C02141430548006839
:10C8C000902280584068982280580068006840187C
:10C8D0007047C046600B0020B0B5044600252846CE
:10C8E000FFF7EAFF0649897F491C491E06D07A22D4
:10C8F000825AC030A242F8D1C038B0BD2846B0BD7F
:10C90000680B00207047704710B5012810D101292D
:10C910000ED1012A0CD100242046FFF7CDFF443070
:10C920000449897F002903D00460C030491EF9E71B
:10C9300010BDC046680B0020024800689021405896
:10C9400040687047600B002070477047F8B5114889
:10C95000006800901048C27A0020044603469042C6
:10C9600012D2E1B201258D40DEB200990F69B95DA6
:10C970000D420BD0641CE5B2082D00D15B1C082DC4
:10C9800000D10024401CEAE7FF2001E02943B9550B
:10C99000C0B2F8BD5C0B0020680B002010B5084940
:10C9A000C97A81420BD9C108064A12681269535CE0
:10C9B000CC00001BC0B201248440A343535410BDDB
:10C9C000680B00205C0B002010B504468069E1690B
:10C9D000A2681018401A2062E07DF5210140881CF1
:10C9E000E075064801681831204600F009F8204635
:10C9F00000F032F8002100F047F810BD5C0B002079
:10CA0000B0B50A68002A09D0C369DC431346002B7D
:10CA100009D0DD692D190ED59B6AF8E700228262E4
:10CA20000860C16204E0002282624A68C26210604B
:10CA300028304860B0BD9A4207D0D96A8362C1628B
:10CA4000D96A08602830D862B0BD03462833D36263
:10CA500082620860C162B0BD01460846C96A496881
:10CA6000096800290AD0CA7D1207F6D4CA690B6A80
:10CA7000D218C3699A1A843AEFD470470148006803
:10CA8000806970475C0B0020FEB50091002800D142
:10CA9000EDE005462E46AD6A002D00D1E7E0B06915
:10CAA000B1680A18EF69D01B8230714801684C697F
:10CAB00065D4F369A64201D0029308E0D8430194FB
:10CAC00034464E68029630182646019CF4D4687DA0
:10CAD000737D83425FD304D1307DC0070BD1002723
:10CAE00028E0AC4201D100F0FDF8E87D08210143C7
:10CAF000E975012728E00298391AF368994206D2AD
:10CB0000287DC00705D1EA7D00210F4608E00027F7
:10CB100009E000202862E87D02220243012719462D
:10CB200008201043E8753162F07D02210143F17560
:10CB3000A64204D0AC4207D100F0D4F804E0029839
:10CB4000F061304600F0A1FA287DC00714D1307D95
:10CB5000C00711D16878697D491CCAB2824200D8E9
:10CB600008466875424801681831284600F0B0F858
:10CB7000284600F0F5F93546002F8CD18AE7A5420A
:10CB800005D1F068316A814201D300F0ABF800981A
:10CB900000286CD07EE7307DC00717D1A6422F4613
:10CBA00000D0374678787A7D521CD3B2834200D8C1
:10CBB000104678751831384600F08AF8384600F08B
:10CBC000CFF9A64200D02E46354663E702983F1AB9
:10CBD000833F00D20027306A874200D30746F068BF
:10CBE00087421ED2D043AA691018AA68801825D49B
:10CBF000A64207D14878400733D400F073F81C48A8
:10CC00000168737D70785A1CD3B2834200D81046F5
:10CC100070751831304600F05BF8304600F0A0F92E
:10CC200038E73762F07D02210143F175A64212D048
:10CC3000AC4200D02EE700F055F82BE70020306220
:10CC4000F17D02200843F075A64202D100F04AF8B7
:10CC5000F07D082108E00298F061304600F015FAF6
:10CC600018E73762F07D0A210143F17512E7FEBD36
:10CC70005C0B002070B50446144E3168084628301D
:10CC80000268002A08D010462830A242F8D1283184
:10CC9000204600F01DF870BD4869A04201D100F0A7
:10CCA00021F8E06A40680068002803D0FFF7D4FE4E
:10CCB000054600E0A56A31681831204600F008F802
:10CCC00000212846FFF7E0FE70BDC0465C0B002047
:10CCD000826AC36A002A02D0D362C36A00E04B6052
:10CCE0001A60704780B501F0FBFC07480068416995
:10CCF000002242614278EE2313404370C87D012236
:10CD00000243CA7580BDC0465C0B002010B50446C6
:10CD1000C07D800717D400F019F8E07D022101439F
:10CD2000E175E069216A0818074909684A68D14332
:10CD30004118831A0020832B024600D31A4600298B
:10CD400000D41046206210BD5C0B00201CB50C4CBA
:10CD500020684078000711D46846F5F7FEF821688E
:10CD6000009A4A6088604B7808241C434C70101A63
:10CD7000400B424242419808104008701CBDC0461A
:10CD80005C0B002080B5054800684069002800D091
:10CD900080BD0020014600F003F880BD5C0B002040
:10CDA000F8B5009104460027344B3D467F1C1868B7
:10CDB000064618363668002E50D0F168326A8A422C
:10CDC00001D22836F6E7009886420ED0F07D012188
:10CDD0000143F175F5F777F8284909684860002C98
:10CDE00003D0F169081AE92841D83069416800295F
:10CDF00003D0706A8847002817D0F169304600F0E8
:10CE0000C3F81E490968002832D018313046FFF7B0
:10CE10005FFFF07D40070ED47078717D491CCAB267
:10CE2000824200D80846707505E014480168183140
:10CE30003046FFF74DFF304600F092F8002C01D14C
:10CE400000F01EF8092D0D4BAFD300F03BFAA120E6
:10CE5000062100221346FEF7B9FDF8BD002C04D1CF
:10CE600000201C4600F0D2F8206800214161F8BD86
:10CE70004E61304600F0CAF8F8BDC0465C0B002099
:10CE800070B5104D2868283000260068002816D09C
:10CE9000761E2830F9E729688C6A28312046FFF78A
:10CEA00017FF0021204600F00FF8012803D120468B
:10CEB00000F034F802E02046FFF786FD761C002ED5
:10CEC000E9D170BD5C0B00207CB50D46044680693D
:10CED000E1690190009120694669002E05D0606AE1
:10CEE00001AA6B462946B04700E00120012D08D178
:10CEF000A169A268E3685118C943009A5118C9187A
:10CF000009D5012801D101207CBD0099E1610228E9
:10CF100002D10198A06102207CBD000080B50169AA
:10CF20000969002909D005490968203100F008F88D
:10CF3000152001F051FFF4F786FD80BD5C0B002049
:10CF400000228262024628320B68002B04D04B6814
:10CF5000C36218604A60704705C10839C1627047F2
:10CF600080B54168002909D0C17DFB220A40C27505
:10CF7000044909682831FFF7E3FF80BDFFF7CEFFC2
:10CF800080BDC0465C0B0020F8B50D460446C07D50
:10CF9000C0070DD01C4800684178FE263140417022
:10CFA000F5F766FCA07DF5F781FCE07D3040E0758B
:10CFB000F4F789FF144F39684860227D110701D4C6
:10CFC000281A05E0C143491911D4281A66280ED33E
:10CFD0008626002815D49007C10F5007C20F284697
:10CFE000F4F798FF002804D0207D000709D5F4F756
:10CFF000C3FFF5F754FC3868417810220A434270A9
:10D0000000263046F8BDC0465C0B002070B50446D3
:10D0100000280AD0A078FEF733F916490D682E468D
:10D020000836002805D0297B07E0124805682E46FF
:10D030000836297B10291BD30020FF2202322A82C6
:10D0400000010906090F40182873002C01D0E0697F
:10D0500001E000F0F5F83060287B0F210140E889FD
:10D06000C840C00704D0002001F0B6FEF4F7EBFC86
:10D0700070BDC046600B00204178427D521CD3B287
:10D080008B4200D81146417570477CB50446006953
:10D090004669002E12D0A069E16901900091606A92
:10D0A000022501AA6B462946B047002806D0FFF7A3
:10D0B00019FE00202062E07D2843E0757CBD000061
:10D0C0000B4909680A4618321368002B04D01A4627
:10D0D00028328342F8D107E028310A68002A05D0B7
:10D0E000114628318242F8D1012070470020704754
:10D0F0005C0B0020B0B501243021204601F018FB64
:10D10000074D28600748C07AC01DC008401E032193
:10D110000143491C204601F00BFB29680861B0BDA2
:10D120005C0B0020680B002070B5134E3068056959
:10D13000002430222146F4F753FE1048C07AC01D67
:10D14000C008401E032101434A1C28462146F4F72B
:10D1500047FE306805610146283102461832034611
:10D1600020338461C261046243628462C162044804
:10D1700000680482047370BD5C0B0020680B002003
:10D18000600B002010B5044600213022F4F728FE81
:10D19000FF20A07510BD000010B58161C369002B90
:10D1A00002D0DB435B1800D4C161017841750F21C7
:10D1B0000A400275C168832900D88321C160EFF35A
:10D1C000108472B6FFF700FC0848006840784007FA
:10D1D00001D4FFF755FE84F31088EFF3108472B684
:10D1E000FFF7D0FD84F31088002010BD5C0B0020F9
:10D1F000B0B50446EFF3108572B6FFF761FF002863
:10D200000FD02046FFF736FDFFF73AFEFFF7BAFDD5
:10D2100085F3108820690169002904D0606A884775
:10D2200001E085F310880020E061B0BD80B5FFF714
:10D230008DFD02480068007880BDC0465C0B002070
:10D2400080B5FFF783FD02480068406880BDC04696
:10D250005C0B002070B50B4D2868046A002C10D0C0
:10D26000EFF3108672B6296820312046FFF730FDB3
:10D2700086F31088206901690029EDD0606A88472B
:10D28000EAE770BD5C0B0020801EC0B2032801D30A
:10D29000002002E0C1000248C840C0B27047C0464A
:10D2A00001040600002070477047704770477047C0
:10D2B0000248006890214058006D7047600B0020C4
:10D2C0007047704770470000B0B50E48006898215D
:10D2D0004458462000252554FFF7D6F801280FD1E1
:10D2E000FFF7E6FF242208498A5C002A2A4600D07C
:10D2F0000268E2642322895C002900D04568256524
:10D30000B0BDC046600B0020680B002010B5017C4A
:10D31000022909D10124047401688268C3680CC021
:10D32000A120FEF78DFB00E00024204610BDF8B5DB
:10D330001E4617460D460446F5F756FB2046F5F700
:10D3400061FB2046F5F792FB20462146F5F79BFB53
:10D3500020463946F5F763FB20463146F5F7E1FBF9
:10D36000069F002E02D02046F5F7EAFB2046F5F78F
:10D3700022FB2046F5F762FB2046F5F707FC204626
:10D38000012F09D12946F5F79AFB2046F5F7AFFBA7
:10D390002046F5F7E1FBF8BDF5F7EBFB2046F5F786
:10D3A00081FBF8BDF8B51E4617460D460446F5F755
:10D3B0001BFB2046F5F726FB2046F5F757FB2046DA
:10D3C0002146F5F760FB20463946F5F728FB204655
:10D3D0003146F5F7A6FB079F002E02D02046F5F751
:10D3E000AFFB2046F5F776FB2046F5F7E4FA20463A
:10D3F000F5F724FB2046F5F7BCFB2046F5F72AFBA2
:10D400002046F5F781FB012F07D120462946F5F785
:10D4100056FB2046F5F7DBFAF8BD2046F5F767FB2B
:10D42000F8BD0000F8B51D4616460F460446F5F750
:10D43000E7FB11492046F5F701FC10492046F5F7B6
:10D440000FFC20463946F5F7C8FC20463146F5F773
:10D450009DFC20462946F5F763FC0698012803D178
:10D460002046F5F784FCF8BD2046F5F74AFC01217B
:10D470002046F5F71CFCF8BDD6BE898E55555500E3
:10D4800070B5044601F032F94D21415C094D00228E
:10D49000AA2391420BD00668F65AA642164600D03F
:10D4A0002E464725AD005B19521C3546F1E7A8B260
:10D4B00070BDC046FFFF00000146AE31CA78FF21B3
:10D4C0006831032A01D0B32301E00B46F333042A69
:10D4D00000D01946AE22805C012202408307DB0F98
:10D4E0009A184007C00F10184843BB307047B0B5BA
:10D4F0000446C220205C800701D40020B0BD254630
:10D5000084352846FFF7D6F9A16F2846FFF7CCF9F6
:10D51000A06F08300021FFF7C5F9606FA16F616748
:10D52000A0670120B0BD0000F0B585B004920F46A1
:10D5300006464D2401F0DAF80655076003900146CF
:10D540004D31012002914870C00401900025EC2764
:10D55000049CF0B285423CD203980068C61930465C
:10D56000FFF710FE304630381B4A0280304628381C
:10D570001A4901803146323900200880314642394B
:10D580000A8031463839019A0A6031465C390860B0
:10D5900031466039086031466C390A60314670396D
:10D5A0000A6031462639087031462A3908703146FA
:10D5B0003E3907220A800499002902D060659C3E0A
:10D5C0003460472080003F185C34029806786D1C58
:10D5D000BFE705B0F0BDC046FFFF0000FF0100003F
:10D5E000F8B5044601F082F80546354E3046FFF79F
:10D5F00047FF3449884214D100F06AF8FF283CD034
:10D6000047218900414328684118AA200E524C2026
:10D6100000220A5438200A54CA630A648A62CA6221
:10D620000AE047218900414328684118BA20085C74
:10D63000012801D10C2541E0B92000250D54607965
:10D64000AE2288540E46AE360120F070A07970707C
:10D65000208800020090C867084684300B46B43327
:10D660002779042F16D8C0467F443F797F00BF44F6
:10D6700002060B0D0F00F3210BE007251EE0124FF1
:10D68000CF67FD21018406E0F22102E0F02100E0F5
:10D69000F5210184009F217AE279056045601F60D1
:10D6A0009A73D973217A0170401C093406222146ED
:10D6B000F4F786FB054800684079B0702846F8BD4D
:10D6C000FCFF0000FFFF0000DC050000600B0020F5
:10D6D00010B501F00BF84D21425C0021AA238A42CB
:10D6E00008D00468E45A240B05D14724A4001B1970
:10D6F000491CF4E7FF21C8B210BD0000BCB50446C8
:10D7000000F016F8002300930121074D20462A4619
:10D7100000F02CF80446054801684F31284600F017
:10D72000A5F92046BCBDC046FCFF0000600B0020F0
:10D730001FB50C48FFF7A4FE0B49884210D16C4678
:10D74000002121720120C0022080072000020190E8
:10D75000204609300622F4F743FB2046FFF740FF3E
:10D760001FBDC046FCFF0000FFFF0000F0B58BB0FE
:10D770000A9316460F460546074300F0B7FF0446D6
:10D78000002F07D03046FFF77BFEB54988421AD1FB
:10D79000422615E025464D35002637460A9628785C
:10D7A00086420CD22068C019BA21415C012901D1FE
:10D7B00000F0AEF9472080003F18761CEFE70A9E84
:10D7C00030460BB0F0BD47218A0011464143236823
:10D7D0005C18BA21615C012D21D142439F18C220FF
:10D7E000385C01252840002920D000280AD08C2050
:10D7F0003858B96F3A468C32526805C1786FB96FA4
:10D800007967B8679420385800260028D8D0943714
:10D810000A980403F4F757FB20183860D0E7002675
:10D820000129CDD1204600F073F9C9E7002807D0BF
:10D830008C203858002803D190203858002806D072
:10D84000A420385AC10704D0F98DF52901D9122630
:10D85000B6E7122601463140022903D14221795A06
:10D8600000293AD000070CD57C48AA21795A814278
:10D8700001D00A9800E080208028A1D80A900028D2
:10D880009ED01098A62178520A9909039422B95083
:10D89000002801D0BB217D54A8217852204600F0F9
:10D8A000EEFC064600288BD13946C231384664303A
:10D8B0003A4654327A67B8673E4678360978C907DF
:10D8C0000DD100210160B9666648016820466530C7
:10D8D0000622F4F775FA306808E00C2670E78C2110
:10D8E00079583A468C32526806C0083884217958F3
:10D8F0003A46843252688160C2602046FFF7F7FDE5
:10D90000002802D0FEF7D4FF05E0384674300168E5
:10D91000326802603160384694300A90B020395C39
:10D92000BC26B85D00953B46143322460893FFF7AA
:10D9300079FD2046FFF7C0FD112109017C50F82137
:10D940007850B4203958F0203950B85D8122520007
:10D95000B854FF220432BB5C2B43BB54CA087D2A57
:10D9600001D37D21C9003E46A436F422B9502521B9
:10D97000F5F788F9F4F7A7FA02460A990868B5326C
:10D98000002801D0101808603946BC313088C00624
:10D9900009960A9104D42046114600F094FC44E014
:10D9A0003846EC3005900E46069200F089FE039052
:10D9B00000F08EFE0490B120385CFFF765FC079004
:10D9C000204600F07BFB30780290002600969420E1
:10D9D0003146079A1346F4F766FE03460095204643
:10D9E0000299039AFFF7A3FC0A9800780390009627
:10D9F00096202946079A1346F4F755FE03460096EB
:10DA0000019508980399049AFFF7CCFCEE203D5449
:10DA1000FC2015493950ED20072139540221059881
:10DA2000017006220699FFF7B7FB0646002811D0C1
:10DA30000A980078FEF7B2FFBD20385CFEF7AEFF13
:10DA400009980088C00700D1BAE6C420385CFEF708
:10DA500007FFB5E6BA3425700026B1E6FCFF0000EA
:10DA6000FFFF0000500B00200C130510F8B50C460A
:10DA70000546FFF705FD0321C943C91C1A4FBD42E6
:10DA800004D08AB2904201D112262BE089B288429A
:10DA90001ED047218E00464300F028FE0068801902
:10DAA000AA214552A421415CC90705D0BA21415C95
:10DAB000012901D10C2615E08C210122425001469A
:10DAC0008C3100224A608D3006222146F4F778F925
:10DAD0000026BD4206D1054800684F300622214687
:10DAE000F4F76EF93046F8BDFCFF0000600B002033
:10DAF00010B50446002001F032FB044901402088A3
:10DB0000401A424242414A40228010BDFF0F0000AD
:10DB100010B50446EC30FFF76BFBBA200021215210
:10DB2000BA34A07AFF2801D0FEF79AFEFF20A07237
:10DB3000207A800701D5FEF7BCFE10BDB0B50446C3
:10DB4000FEF7ACFC012806D1FF25DC35FEF7F4FE1C
:10DB5000405DC00706D1FFF7EBFD03482146FFF704
:10DB600085FFB0BD0C20B0BDFCFF0000FEB50293E8
:10DB700014460F46054600F0B9FD06463148854279
:10DB800001D11F2007E001200221FEF765FC0028DB
:10DB900000D0FEBD2C481221A04201D20846FEBD95
:10DBA00001912846FFF76CFC47218900414330680A
:10DBB00046182046314600F084FB0028E9D1BA20FF
:10DBC000315C3820305C042F12D1002937D0002876
:10DBD000019A20D01B4885421DD1F08D00281AD013
:10DBE000A420305A1021014021431046D1D10CE02D
:10DBF00035463835002910D0032F06D10220287071
:10DC0000F4860020B08602983063A2363046FFF7D3
:10DC10006FFF0020FEBD1046FEBD374628370028A6
:10DC2000029A05D03968A120029AFDF709FF029AED
:10DC30003A6001202870F4850020B085FEBD01986F
:10DC4000FEBDC046FCFF000072060000F8B50C46A1
:10DC5000054600F04BFD0746FFF76AFD0D4E3046C6
:10DC6000FFF70EFC0C4988420AD1FFF731FDFF286F
:10DC70000DD047218900414338684018AA214652F7
:10DC8000032130462A462346FFF770FFF8BD0120E6
:10DC9000F8BDC046FCFF0000FFFF0000A0220021ED
:10DCA0008152084670470000F0B58FB0054600F07D
:10DCB0000FFD064600F0E8F807462C46A03408950C
:10DCC000C735079500F0ECF8002F36D00590FFF728
:10DCD000ADFA049000250E950D953078C0090DA978
:10DCE0000870481C3146083106273A46F4F768F8B0
:10DCF0000C950B9530784006C00F0BA90870481C96
:10DD0000B11C3A46F4F75CF8069630780F270740C6
:10DD1000052F01D1F4F718F9E37B2279029509AEBA
:10DD200001960898843000900BA8394601F020FB3A
:10DD300041087E2909D8014608E0002300281E4634
:10DD40005CD100262680012358E001213170089A19
:10DD5000526F13680D9EB34227D152680E9B9A42B0
:10DD6000069E23D10546FF3D6A1E9541032F1DD116
:10DD7000FF281BD0A0880125800717D5049801280B
:10DD800014D1607E012808D160893D4A904204D0B8
:10DD9000C0B209AA521C00F08FF80126079806703D
:10DDA0000021089800F0BAF825E0069EA088C00778
:10DDB0001FD0052F1DD13046FEF7ECFC012818D1ED
:10DDC0000A990998FEF78EFB4142414129400129F9
:10DDD0000FD1049801280CD109AA08983146FFF701
:10DDE0005DFF002849D0F4F7AFF8FF202077042525
:10DDF00040E0002626800598434243412188A27FC7
:10DE0000002A17D0002917D1F4F79EF800250798AB
:10DE10000570A07F401EA077A08803210140481E06
:10DE20008141480020800121089800F077F8F4F73C
:10DE3000A3F81AE0002912D00025002B15D1607C30
:10DE4000012801D00F4900E0462108981430F4F76A
:10DE5000AFFE2088401E2080F4F721FD05E0F4F796
:10DE600073F8E088401EE0800325002E02D0208851
:10DE7000401E208028460FB0F0BD0026BBE7C046FC
:10DE8000FCFF0000EE02000080B504480068C06896
:10DE9000F4F77BFD411E884180BDC0465C0B00202D
:10DEA00080B504480068C068F4F77AFD411E8841D7
:10DEB00080BDC0465C0B0020F8B50E4605461548EF
:10DEC00000683621415C890622D53630C07A400789
:10DED0001ED51446104800684069A1212B22032357
:10DEE000FDF750FB002813D00746467205720A3032
:10DEF00006222146F3F764FF1320F8710920B87158
:10DF00003E20787104203871A1203946FDF7D3FBFB
:10DF1000F8BDC046600B0020540B0020F8B50D463C
:10DF20000446B120205CFFF7AFF906462746B1371B
:10DF3000F87A3146F4F73CFFF87A3146F4F702FFFD
:10DF4000F87AF4F714FF2046002D09D000F0C0F94C
:10DF50000146F87AF4F7C0FE2046F4F7C8FD01E068
:10DF6000F4F735FDF4F79BFC00F0AAFB0246B87D00
:10DF7000214600F01FF9F8BDB0B504460546BA3594
:10DF8000A878FEF70BFDBA2000212152FF24AC70C7
:10DF9000A87AFF2801D0FEF763FCAC72B0BD70B563
:10DFA0000346012400268B42254600D335468018BF
:10DFB000984200D33446254201D18842F1D370BD46
:10DFC000F0B58BB001930092044641208500FFF725
:10DFD00037F901466059B422A258FFF7E0FF07461F
:10DFE000A420205A000725469435002805D4012096
:10DFF00001F0BCF82E490140CF192646B436204620
:10E0000000F05CF82868698A002902D1F1790129B9
:10E0100003D0C11B31D500282FD0B07900282CD0D7
:10E02000288A00071ED509A900228A80099202A821
:10E03000012343763C238376FF238375C2811D4BE6
:10E040008382636F1C7A04768281C27503910933DF
:10E05000029306920491FEF767FAB07B800701D520
:10E06000FEF727FC0220FEF705FA0124012809D15A
:10E070006A8A002A09D03C2108E0009807600198CC
:10E080000760022420460BB0F0BD43210A48006817
:10E090002C23C05C0001C043A1230343B1201840DE
:10E0A0002B7D9A1AD3B2AA7D00F022F8EAE7C04687
:10E0B000FF0F0000FFFF0000500B0020C7210022CF
:10E0C00042540146A0318A88032313405A1E9341CB
:10E0D0005A00A023C252887B012202408307DB0F33
:10E0E000D2184007C00F1018401E887770470000F4
:10E0F000F8B51F4616460D460446C0060BD4174811
:10E1000000683621415C890627D53630C07A800701
:10E1100023D51F2202E0BF200440112210480068CE
:10E120006107C90E4018006903232146FDF72AFA4A
:10E13000002812D001460F20C872FF2088720F738A
:10E140004E720D721220C871062088713E204871EF
:10E15000042008712046FDF7AEFAF8BD600B0020E0
:10E16000540B002010B501242146FFF7D7FE2046AE
:10E1700010BD70B504462830FFF7C8F8054626469E
:10E18000C63620463C30FFF7C1F8002D02D031786A
:10E19000C90704D1002805D03078800702D5204671
:10E1A000FFF7A5F900F08CFA02467078214600F0DE
:10E1B00001F870BDFEB514464F6F002834D0CB6B0C
:10E1C00042310888851DC0B20290042006462070A6
:10E1D0003878C00703D02078402101432170012EF8
:10E1E00014D13E4608363078C00703D0207880210D
:10E1F000014321706570A01C791C06252A46F3F79F
:10E20000DFFD0834711C20462A460AE06570A01C18
:10E21000791C06221D46F3F7D3FD08342046294613
:10E22000029AF3F7CDFDFEBD0846A43002885007E0
:10E2300012D4032002408B6AC88D851DC0B20290A3
:10E240000620022AC2D05042504140002070002ACD
:10E2500013D00193002605E00126267000200C252E
:10E260000290019000F027F8002804D021782020A7
:10E270000843019BABE7019BAAE70226A8E7F8B594
:10E280000446C420FF212154A420275AA434FEF7B9
:10E290005DFB20760726FF280AD00025F80608D463
:10E2A000FEF754FB6076FF2803D1207EFEF776FB55
:10E2B00035462846F8BD80B500F018FA4E21405C7E
:10E2C00080BD002070478620704700207047000006
:10E2D000FEB50446AE20275C01253D40BA07D00FAD
:10E2E00028187907C90F4018401EC0B2AE34267CEA
:10E2F000B0420FD101920120029000F030FF012EB8
:10E300000AD0022E0ED1C0B20621F2F717F812A0E1
:10E31000405C12E0607C11E002990840002D04D1BD
:10E320000CA108E0B808381A07E00199002901D4C7
:10E3300007A100E005A10818007860747100C2B25E
:10E34000CA40032010402430FEBDC046060900002C
:10E35000070D00000B0E00001B1E272D3639000094
:10E36000704780B501F02EFA80BD0000F0B581B095
:10E3700025490C680025657401F086F8234E306845
:10E38000C068F4F7D2FA002801D0042723E03068EF
:10E39000C068F4F7A9FA002801D001271BE0306813
:10E3A000C068F4F7ADFA002801D0022713E0306806
:10E3B000C068F4F7D2FA052700280CD13068C0688D
:10E3C000F4F7D7FA002806D13068C068F4F77EFA6F
:10E3D00000282F460BD00120B8400D4909680A6873
:10E3E00002430A60002000F0F7FCF3F72CFB607C8E
:10E3F000012807D1217B0F200840A2680909FFF7F7
:10E40000AFFF657401B0F0BD600B00205C0B002015
:10E41000540B0020904201D8884201D2122070474C
:10E4200000207047F0B591B00B9316460D910C90FB
:10E430009F48C17E0A91017F0991817E0891C77F23
:10E440000125D821284600F073F99A4C2060582104
:10E45000284600F06DF921683446902207928850D2
:10E46000FEF748FE384600F0ABFF072139400B9815
:10E4700000F0BAFF1798059001901C98009019AB16
:10E480000ECB0D9804910D93FEF72AF8012E00D0C3
:10E4900008950020012C00D00990012C00D00A9092
:10E4A00041208500012C069409D129462031012004
:10E4B00000F03EF97F4909688822885033E025261C
:10E4C0007B48815D28462030002901D0014600E0CC
:10E4D00044212627764AD25D002A00D0014629240D
:10E4E000734A125D002A00D001460C9A012A00D11D
:10E4F0000146012000F01CF96E4909688822885005
:10E500000C98012829460FD06948005D002829464B
:10E510000AD16748C05D0028294605D16448805D5E
:10E52000002800D1C1E0294618980B901698039056
:10E530000127614C3846A0475E4E31688C228850D6
:10E5400004213846A04731689422885058210C97FE
:10E550003846A0473168982288500898C6B21835C6
:10E5600030462946A0470546069C012C05D15C2172
:10E57000304600F0DDF8024600E000223046294631
:10E58000FEF7D2FF10AB0998D8700A9898700D9FCB
:10E590005F700B9818702046059D2946324600F0A2
:10E5A0001FFF039E30462146FEF7CFF93046214635
:10E5B0002A46FEF7A8F9304621462A463B4600F097
:10E5C00011FF0097304621462A460B9BFEF79CF927
:10E5D000FEF757F9012C07D1012D05D100F095FE6A
:10E5E000012E01D100F092FE0D98012801D100F01A
:10E5F0008EFEFEF73FF90498314622462B46FEF781
:10E6000060FE2B4FF87A411C2C4D28460C9A00F0E6
:10E610007DF8284E3168C0228850F97A02222846B7
:10E6200000F074F831683746C42288502046FEF75F
:10E630008BF9FEF767F9FEF777FDFEF745FE00F070
:10E64000D0FEFEF73DFEFDF7ABFEF3F725FC31688B
:10E6500000248C7148712046F3F726FCFCF704FE79
:10E660003068006EFEF722FE3068079D40590C307E
:10E6700000F06EFD0C9E3046FEF715F938684159E2
:10E6800040228C540A4A128B82821F200F90E04352
:10E690000E9048310EA8052200F0E8FC3868405979
:10E6A000F1025422815211B0F0BD2C213CE7C0464A
:10E6B000680B0020600B002031E70410640B002081
:10E6C00002480068882140587047C046600B00200F
:10E6D000024800688C2140587047C046600B0020FB
:10E6E00080B5F3F731FCF4F7CBF880BD0248006841
:10E6F000902140587047C046600B002000207047B2
:10E700000148416801607047640B002070B51446F1
:10E7100005464C430068401E032101434E1C002166
:10E7200030462246F3F75CFB30192860304670BD56
:10E7300080B50A4601460248FFF7E8FF80BDC046A3
:10E74000640B0020F0B59BB0EC4C7F20C643FDF776
:10E75000A7FEEB4D012802D0E87A002810D027460A
:10E7600034467834FDF79CFEE97A614378433818E3
:10E770004418FDF795FEE3494843E97A414364189C
:10E780006234FDF78DFE01280ED13046783029899C
:10E79000414330465C30AA7A4243501831466031DA
:10E7A0002A7B4A43801800E000200490E8891490F6
:10E7B000FDF76EFE012801D0FFF787FDFDF76CFE27
:10E7C0000128159409D134465034FDF769FE6043A1
:10E7D000E97A414308390A9101E000200A90CA4CC5
:10E7E000FFF773FD0128204616D0FDF751FE0128E2
:10E7F000204611D02920285C002820460CD1252055
:10E80000285C0028204607D12620285C002801D05B
:10E81000204601E030463C301390204620301690D0
:10E82000FFF753FD012815D0FDF732FE012811D066
:10E830002920285C00280DD12520285C002809D13A
:10E840002620285C002802D02046203001E03046F7
:10E8500054301690FFF739FD1190A87E0190E87FA3
:10E860001090FDF71DFE1290E87F0290FEF71EF853
:10E870000990E87F039000F04AFA0027FDF70EFEAA
:10E88000012838461A96199760D1E87F11278740EA
:10E8900003242743022181404E1E2643FFF715FD26
:10E8A000012817D117960F94687F0A2800D30A20F1
:10E8B0001A9C24344443C03C0026FDF7EFFF012896
:10E8C000189620D1FDF7ECFD012805D01A9B1846BB
:10E8D0006C3004E0002031E01A9B18466030D349C8
:10E8E0006431AA7F4A43101829461D467835C97FEE
:10E8F0002A468A408618FDF7D3FD012803D1C9486E
:10E90000C07A45437619A519FDF7CAFF0646FDF7FB
:10E91000C5FF04463440FDF7C3FD20400128189888
:10E92000179E09D1BF49C87E401E0F9A1043897FA8
:10E93000E0224A43D143081A2818BA4DB919BA4AF5
:10E94000511A08181A301A9EB84C199F0890FDF7F2
:10E95000A7FD0128394609D1FDF7A4FD0128394654
:10E9600004D12220285C31462C3141430F91FDF720
:10E9700095FF0128384620D120465830A97E4143D2
:10E9800030466030EA7A424354180025FDF788FF8C
:10E99000012810D1FDF784FD01280CD130467030DC
:10E9A000A04B197F414330467430DA7E4243501801
:10E9B000E4389D7E454360199A4D0E90FDF764FD45
:10E9C0000128384636D1FDF76BFD012803D02C46CF
:10E9D0003546743505E0304678302C46ED7A4543AF
:10E9E0000C3D2327E05D00260028304605D0FDF7CA
:10E9F00057FDE05D40420321884340192425615DB5
:10EA00001A9A7C324A438718FDF748FD01280DD138
:10EA1000FFF75BFC012809D1FDF740FF012805D174
:10EA20008048465D002E01D01A9E6836B8197D4D8B
:10EA30001A9E199F0D90FDF733FD0128394609D123
:10EA4000FDF728FD0128394604D130465C30E97ACB
:10EA5000414314390C91FDF723FD0128394608D1B3
:10EA6000FEF720FC0128394603D130466430E97AAC
:10EA700041430B9126201890285C06902520179082
:10EA8000285C05903E462927E85D0790FFF71DFCAE
:10EA90000446FDF703FFE04234461AD01898285C7C
:10EAA0002821695C1A9E344678344C43F43C444334
:10EAB000FDF7F4FC00280AD01798295C2720285C71
:10EAC0006C364643594880190C30484300E000201A
:10EAD0000419E85D002819D0FDF7E2FC0028049B2A
:10EAE00015D02A20285C514970314143E85D1A9ABB
:10EAF000504340183838199009E0C0467CFBFFFFAE
:10EB0000680B00206CFDFFFFDCFEFFFF049B1598E7
:10EB100018181A9B19465C31149A514340180A99E7
:10EB200040181399401816994018194678310A462A
:10EB3000109EB2408018119A012A07D13B4A683AC8
:10EB4000019E72431018132212018018099F069A21
:10EB5000059EB218129E012E02D1029EB1404018AD
:10EB6000199E07995118012F05D11A463032039F7B
:10EB7000BA4010187038089A80180F9A80180E9AA8
:10EB800080180D9A80180C9A80180B9A801800290A
:10EB900004D01A4648324A4310180C380019841918
:10EBA0002820285C199018982F5C2A20285C18903F
:10EBB0002720285C169017982E5CFDF771FC012821
:10EBC00005D12B20285C1A99383141436418FCF791
:10EBD000D6FC012801D1164824181998189A1699BC
:10EBE0004E43B1184743B818C84208D01A9B1A467A
:10EBF00058324A434433434398180419183C094D8A
:10EC0000686820180321C943EA8DD21C0A40AB8DE5
:10EC1000DB1C0B409A182B8EDB1C0B40D118401AC2
:10EC20001BB0F0BD680B00206CFDFFFFDCFEFFFF9A
:10EC300014F6FFFFBFB50D786C46257049786170FA
:10EC40001178A1705178E170002103910291019136
:10EC500021461A4600F034FBBFBD0000E0B5034674
:10EC600001A9012008806A4600201080024800683F
:10EC70001830FFF7DFFF8CBD500B0020F0B587B0D8
:10EC8000009003AE3046FFF7E9FF0027384600F05A
:10EC900066FA010A02AD69703F24044040343846E8
:10ECA00000F05DFAAC70287001AF304629463A4654
:10ECB00000F00EF80326009C204639463246F3F752
:10ECC0007FF8E01C29463246F3F77AF807B0F0BD2A
:10ECD000F0B589B000920F46054605AE002110221E
:10ECE0003046F3F77DF80324304639462246F3F7E1
:10ECF00067F801AF284631463A4600F0E1FA00983D
:10ED000039462246F3F75CF809B0F0BD70470020A1
:10ED10007047E0B5034626200090022100200246FD
:10ED2000F2F7D6FF002800D081208CBDE0B5014667
:10ED30000023009302202622F2F77CFF002800D057
:10ED400081208CBD0348006800218160C1600161A1
:10ED5000016070479C0B002070B51D4D296872B68C
:10ED60000A6800260E604B6813434B6062B60028A9
:10ED70000CD028684168CA0708D001225140416080
:10ED800072B6286801681143016062B62C681034BD
:10ED9000206800280DD0204600F02EF88000296859
:10EDA000081872B68268866048681043486062B688
:10EDB000EEE72868041D074D2068002806D020468D
:10EDC00000F01AF8810069588847F5E770BDC04621
:10EDD0009C0B0020241305101F21014001228A40B2
:10EDE00072B604490968400980000B5813430B5060
:10EDF00062B670479C0B002072B601684A420A4016
:10EE00005140016003485043C00E03A1085C62B644
:10EE10007047C046DF3A650400010206030B071085
:10EE2000040E0C150817111A1F050A0F0D141619D8
:10EE30001E0913181D121C1B10B5122400280ED019
:10EE4000002A0CD00B2B0AD841700370036A595466
:10EE5000491E4B1CFAD3026100240475C061204690
:10EE600010BDF8B505461220002D1BD00C466A785F
:10EE70008A4217D92B6A195DA14201D10020F8BD41
:10EE800017463E46DF5D974201D0A742F9D10020E8
:10EE9000974205D09955964202D1284600F003F8D2
:10EEA000296A0C55F8BD10B542788A4207D1017D18
:10EEB0000024002909D00830F3F720F805E04900C4
:10EEC000426A515E00F06AF80446204610BDF0B573
:10EED00085B0122600285ED01F460D4604464378B2
:10EEE0008B4258D920780521090381408F4252D89E
:10EEF00004920293F2F7E7FF02462378206A405D0E
:10EF0000A8420CD00498002845D0204603912946F9
:10EF100004931646FFF7A5FF03993246049B33205E
:10EF200078430E46010A0818010C08187107D20828
:10EF300051184218581DC0B2C24001956800616A5C
:10EF400004920A52F2F7BFFFC00803906278206A69
:10EF500017463B46C75D97420DD07D00666A755BDC
:10EF60002678761D0399F1406D1A2DB2049E711A10
:10EF700009B28D42EDDDC15C019A8154206AC25410
:10EF80000298834206D1049801B2204600F006F8A8
:10EF9000064600E00026304605B0F0BDFEB5019102
:10EFA000044607460837F2F78EFF02900D46267892
:10EFB000207D002804D03846F2F7A0FF227800E038
:10EFC0003246701D029CE108C1400198401A00B20F
:10EFD000401EC1170832F1F7B7F902194D41384602
:10EFE0002B46F2F77AFFC0B2FEBDFEB50291054690
:10EFF0004778006AC45DF2F766FFC00801902046BA
:10F00000C2B2BA420DD053006E6AF35A2E78761D02
:10F010000199F140591A09B2012903DC286A805C80
:10F02000EEE73846296AC855C6B228463146FFF78A
:10F030003AFFE0B2B04206D0296A0F5C0C54029944
:10F0400088473C46F5E7FEBD70B503460120002920
:10F0500009D0002426462546965D9E4204D16D1CAB
:10F06000EEB28E42F8D370BD204670BD002A05D0A6
:10F0700003780B70521E491C401CF7E770470020B4
:10F080007047002070470000F0B587B004460806BE
:10F090000D9D52D00195FF2015468543012605930D
:10F0A0000C9B1F460096374003977E421640F2B2F3
:10F0B00052190692254D059F3A462A401E469D0745
:10F0C000ED173D40049003062B409B180220304072
:10F0D0000290481E0590C8B241080026C8B2C2007E
:10F0E000A01845680298002801D118480540A0588A
:10F0F0000246049FBA43039F002F01D1384600E027
:10F10000C0B282180698904201D1AB4218D0AB42EF
:10F1100003D804D10698904201D94E1C01E0481E44
:10F1200005900598801BC0B2401CC2B251088919D5
:10F130008242D3D00020019D04E00021084601E076
:10F14000019D0098297007B0F0BDC046FFFFFF0089
:10F1500000210171704780B5F2F76EFE80BD1CB5CD
:10F1600001AC2046F2F778FE20881CBDE0B501A86E
:10F17000F2F77EFE01988CBD7CB50C46054600205A
:10F18000C6B2A6420ED20020FFF7E9FFA85501A99A
:10F190000870000A69460870711CA14200D26854C8
:10F1A000B01CEDE77CBD0000F0B595B039480068B3
:10F1B00000900BA8FFF7ADFD002831D001AF062469
:10F1C0000025354B384621462A4698477879C02194
:10F1D000014379710BAE30462030304B3946224620
:10F1E000984707AC1027204639462A462A4B9847AD
:10F1F000304621463A46294B984703AC20463946CB
:10F200002A46254B98473046103021463A46234B34
:10F2100098473046FFF78AFD002803D1054603E0F2
:10F22000002501E00E20C5431D4C22682E32002629
:10F23000062730463946FFF707FF0BA9002801D003
:10F24000203101E021682E31009860303A46F2F713
:10F25000B7FD2268083210213046FFF7F5FE00287E
:10F2600005D0206808300BA91022F2F7A9FD22680A
:10F27000183200201021FFF7E7FE002806D00BA966
:10F280001031206818301022F2F79AFDE8B215B05C
:10F29000F0BDC046580B002079F10410C11D0410C8
:10F2A000500B0020002070477047704780B502481F
:10F2B0000068804780BDC046280D002070470000D0
:10F2C000F0B58FB00292074607A8019010250C4EAA
:10F2D0002A46B0470BAC204639462A46B04703AF12
:10F2E0000026019821463A463346FFF734FF02983C
:10F2F00039462A46024B984730460FB0F0BDC0460B
:10F30000C11D0410704770477047704770477047C1
:10F3100070B584B015460A460446002B07D00A98FB
:10F3200082421FD10B98684000021BD11BE0099854
:10F3300008990123002902D006461E4004D1002965
:10F3400011D1022108400ED0084800689021415890
:10F35000C868096903AE009301962B46FFF794FE37
:10F36000002800D1FF24204604B070BD600B0020AF
:10F37000F0B587B0CD1EFF21FD2425421CD1002A07
:10F380001AD00D9E0C990C68059406934B6882C8A0
:10F39000FF2000063C46844312C603930598029062
:10F3A00006980190684268410090C8B25207D30F96
:10F3B0003A46FFF7ADFF0146084607B0F0BD000032
:10F3C00010B50124844008212046FFF7B1F9034914
:10F3D0000968902289584C74C86010BD600B0020E9
:10F3E0007047704770470000F8B5002846D00E46B9
:10F3F000012568212846FFF79BF9214F39689024A1
:10F4000009598860B540EEB208213046FFF790F9FF
:10F410003968095989684D7248600096750011264F
:10F42000212E0FD008212846FFF782F939680959A3
:10F4300089688919491F08603868005980688555AE
:10F440000836EDE728210098FFF772F93968095965
:10F45000896808600B480225012629463246FFF7D5
:10F4600055F93968095989688864064831462A4639
:10F47000FFF74CF9396809598968C864F8BDC04676
:10F48000600B0020640B0020F0B585B0944F396804
:10F49000C8604A78E32313401A1D4A70F3F751FA03
:10F4A00005463868C068F3F734FA06463868446998
:10F4B000C068F3F70BFA012228431FD138461746DC
:10F4C0000068C068F3F731FA002815D18448006855
:10F4D000C068F3F709FA00280ED181480068C068B7
:10F4E000F3F70EFA002807D17D480068C068F3F7EB
:10F4F00034FA002800D1DDE03A46794F002E07D0DB
:10F50000002D05D1002C03D038684078C0070CD1FD
:10F5100038684078C00700D09FE0002C00D19CE004
:10F52000E07D01210143E17597E00392FDF70EFCB8
:10F5300020786075E07DF9210140081DE075002507
:10F540000495606A21698A6804A9904706462046A6
:10F55000FDF7DCFB38684068E061022E04D10499B5
:10F56000002901D1049001E0022E1ED12E46257DF6
:10F57000F2F7EAFCE80735460BD104992046FDF77F
:10F5800003FD00282ED0207D0121014003264E409E
:10F5900013E0A069A168E2680818C043049908183C
:10F5A0008018002808DA022607E0002E3BD0F2F788
:10F5B000CBFC012EE1D000E00326B01EC0B2022831
:10F5C00036D8396818312046FDF782FB38680025A7
:10F5D0004561042E029507D0032E09D12046FDF780
:10F5E000BFFC08E0012623E02046FDF797FC02E07F
:10F5F0000498E0612546284600F074F80120019047
:10F600002946FDF7CDFB38684069002803D0A842A1
:10F6100001D1029D0CE0002D09D0E87D01210843B5
:10F62000E8750D4604E0F3F73AF92E4600E0019D37
:10F630002069C268002A02D0606A29469047032EDA
:10F6400000D10024002E02D0FDF71AFC04E0386837
:10F65000417810220A434270039A002A1CD038686D
:10F660004569F2F771FC002D11D0E9692846FDF7D4
:10F670008BFC002810D0F2F767FC39680020486145
:10F6800018312846FDF724FB2846FDF769FC0020C9
:10F6900000F028F8FDF7F4FB38684178FB220A40B7
:10F6A00042704069002803D100202146FDF778FB15
:10F6B00005B0F0BD0A480068C068F3F75AF90028A1
:10F6C0003A46074F00D019E73868407801210140D9
:10F6D00048424841611E22468A4102400EE7C04628
:10F6E0005C0B0020FEB5009001A802900020019064
:10F6F000334F38688569002D3BD0E868AC6A296AC9
:10F70000814205D3E9693A685268D243891830D5F5
:10F7100039682A7DD2071AD04A681018C043AA69EE
:10F720001018AA68801812D401212846FDF7CCFBD6
:10F730000646396818312846FDF7CAFA022E0AD063
:10F74000012E10D12846FDF7E9FB2546D3E71831F5
:10F750002846FDF7BDFA2846FDF78EFC2846FDF742
:10F76000FFFB2546C7E701A92846FDF7E9FB25462B
:10F77000C1E7009800281AD001A9FDF7E1FB16E0C7
:10F78000E07D02210143E175A069E169A2681018DA
:10F79000401A206201A92046FDF79AFAE07DF72180
:10F7A0000140E175396818312046FDF729F9019CBF
:10F7B000002CE5D1386880690121FDF765F9FEBDAF
:10F7C0005C0B002010B5094C21684A69002A0CD056
:10F7D000C0070AD010690368002B02D0506A98470E
:10F7E00021684878012202434A7010BD5C0B00205A
:10F7F0007047704770470000002310B50400036095
:10F800004360836081814366C28103614361836198
:10F81000190008225C3000F0F3FA0B4B246263629B
:10F820000A4BA3620A4BE3620A4B23630A4B9C42D6
:10F8300005D00A4B9C4202D0094B9C4203D12000C8
:10F84000583000F039FB10BD15FC04103DFC0410CD
:10F8500075FC0410A1FC0410A00B0020080C002073
:10F86000700C002010B5034A0349044800F06CF8FE
:10F8700010BDC0462C0D0020A50705103C0D002032
:10F8800041680B4B10B50400994201D000F08AFF8B
:10F89000A168084B994202D0200000F083FFE16884
:10F8A000054B994202D0200000F07CFF10BDC046FD
:10F8B000A00B0020080C0020700C002010B5094B94
:10F8C000094A04211A6009480022FFF795FF012226
:10F8D00009210748FFF790FF022212210548FFF790
:10F8E0008BFF10BDD80C002065F80410A00B002081
:10F8F000080C0020700C002010B5024800F0DDFA62
:10F9000010BDC046E10C002010B5024800F0D6FA48
:10F9100010BDC046E10C002010B50400FFF7ECFF5D
:10F92000236A002B02D0FFF7EFFF10BD044B2362C8
:10F93000044B1B68002BF6D1FFF7C0FFF3E7C0466E
:10F9400081F80410D80C0020F7B5140000260090B0
:10F950000191A5686768013F04D52468002CF8D19F
:10F960003000FEBDAB89012B08D90E22AB5E0133FE
:10F9700004D029000098019B984706436835EAE7C0
:10F98000036A70B505000E008468002B01D1FFF7F3
:10F99000C3FF636EDB0705D4A3899B0502D4A06D6A
:10F9A00000F08BFAA3891B0702D52369002B1FD116
:10F9B0002100280000F0BCF9002819D001256D4273
:10F9C000636EDB0705D4A3899B0502D4A06D00F00C
:10F9D00075FA280070BD0136A360002B04DAA26915
:10F9E000934216DB0A2914D023685A1C226019702E
:10F9F000A3683178013B0029EDD1A360002B0FDA19
:10FA0000220028000A3100F051F90130D6D00A2531
:10FA1000D6E72200280000F049F90130E8D1CDE70F
:10FA200023685A1C22600A221A70F0E710B5034BB3
:10FA300001001868FFF7A4FF10BDC046380D002074
:10FA4000F0B51D00574B85B01E6804000F000092F2
:10FA5000002E05D0336A002B02D13000FFF75CFF87
:10FA6000009B022B05D0012B00D997E0002D00DA76
:10FA700094E0636EDB0705D4A3899B0502D4A06DD7
:10FA800000F01BFA2100300000F08CFE616B0029B1
:10FA900008D023004433994202D0300000F018FA15
:10FAA000002363630023A3616360A3891B0603D55E
:10FAB0003000216900F00CFAA3893B4A1340A3816E
:10FAC000009B022B60D003AB2100300002AA00F0A3
:10FAD00095FEA3890343A381002D24D1029D280014
:10FAE00000F040FA0195071E48D1029B0193AB42FA
:10FAF0003FD101256D420C22A35E02221A43A2814E
:10FB00000022A26022004732226022610122616E3F
:10FB10006261114204D19B0502D4A06D00F0CEF9C0
:10FB2000280005B0F0BD002FD9D0336A002B02D1D8
:10FB30003000FFF7F1FE009B012B03D1A389009A4F
:10FB40001A43A2810C22A35E0822190027602761B4
:10FB50006561114013421BD0DA0717D500226D42B0
:10FB6000A260A561626ED20701D49B0512D5002563
:10FB7000D6E7019800F0F6F9071EBAD08023A289D3
:10FB8000019D1343A381D0E70025B4E7A560E9E711
:10FB9000A160E7E7A06D00F091F9E8E701256D426B
:10FBA000BEE7C046380D00205CF3FFFF0CB430B553
:10FBB000174B0C001D689DB0002908DA8B2301202B
:10FBC0002B6040421DB030BC08BC02B018478223F5
:10FBD00002A99B008B81002302904B6608619C4226
:10FBE00000D0631E8B604B6101235B42CB812800F8
:10FBF00021AB209A019300F0D5FA431C01DA8B2344
:10FC00002B60002CDED00022029B1A70DAE7C0467F
:10FC1000380D002070B50C000E25495F00F01EF96C
:10FC2000002803DB636D1B18636570BDA389024A5E
:10FC30001340A381F9E7C046FFEFFFFFF8B51F00AF
:10FC40008B8905000C001600DB0505D50E23C95E67
:10FC50000022022300F0EEF8A389054A2800134091
:10FC6000A38132000E23E15E3B0000F00BF9F8BDEA
:10FC7000FFEFFFFF70B50C000E25495F00F0DAF8CA
:10FC80000C22A35E421C03D1044A1340A38170BD21
:10FC9000802252011343A3816065F8E7FFEFFFFF65
:10FCA00010B50E23C95E00F0B3F810BDF8B506001C
:10FCB0000D001400002804D0036A002B01D1FFF7C7
:10FCC0002BFEA369A360A3891B0702D52369002B20
:10FCD00009D12100300000F02BF8002803D00125C5
:10FCE0006D422800F8BD23692068EFB2C01A63692D
:10FCF000EDB2834205DC2100300000F053FD002806
:10FD0000EDD1A3680130013BA36023685A1C226037
:10FD10001F706369834204D0A389DB07E1D50A2DF4
:10FD2000DFD12100300000F03DFD0028D9D0D6E71A
:10FD30002B4B70B5050018680C00002804D0036A2E
:10FD4000002B01D1FFF7E8FD0C22A35E1A0722D495
:10FD5000DA0607D409222A60373201201343A3812F
:10FD6000404270BD5A0713D5616B002908D02300AB
:10FD70004433994202D0280000F0AAF800236363BC
:10FD80002422A38993430022626022691BB222606D
:10FD900008221343A3812269002A07D19A0501D5BD
:10FDA0001B0603D52100280000F052FD0C23E25E63
:10FDB000012113000B400A420CD00023A3606369A9
:10FDC0005B42A361002023698342CAD11306C8D5D0
:10FDD0004023C2E7910700D46369A360F2E7C046FD
:10FDE000380D002030B500240139A24201D1002095
:10FDF00005E0035D01340D5DAB42F6D0581B30BD0C
:10FE000003008218934200D1704719700133F9E75B
:10FE1000002370B5064D040008002B60F1F7EAFCE2
:10FE2000431C03D12B68002B00D0236070BDC0465B
:10FE3000DC0C002070B50400080011001A0000233B
:10FE4000054D2B60F1F7F7FC431C03D12B68002B09
:10FE500000D0236070BDC046DC0C002070B50400EB
:10FE6000080011001A000023054D2B60F1F789FCF2
:10FE7000431C03D12B68002B00D0236070BDC0460B
:10FE8000DC0C002070B50400080011001A000023EB
:10FE9000054D2B60F1F792FC431C03D12B68002B1E
:10FEA00000D0236070BDC046DC0C0020014B1868F8
:10FEB0007047C046380D00207047704770470023D8
:10FEC00010B59A4200D110BDCC5CC4540133F8E7A0
:10FED00070B505000C1E10D0043C2368002B00DA1E
:10FEE000E418280000F0EAF81D4A1368002B05D139
:10FEF00063601460280000F0E9F870BDA34208D9DF
:10FF0000206821188B42F3D119685B6809182160B9
:10FF1000EEE71A005B68002B01D0A342F9D9116803
:10FF20005018A0420BD12068091850181160834264
:10FF3000E0D118685B68411811605360DAE7A042AD
:10FF400002D90C232B60D5E7206821188B4203D1FE
:10FF500019685B680918216063605460CAE7C0468D
:10FF6000E80C002010B5034B0100186800F026F8DB
:10FF700010BDC046380D002070B50F4E0D00316821
:10FF80000400002902D100F0D3FC306029002000D9
:10FF900000F0CEFC431C03D101256D42280070BD4A
:10FFA0000323C51C9D43A842F8D0291A200000F065
:10FFB000BFFC0130F2D1EFE7E40C0020F7B50322DB
:10FFC000CB1C9343083305001F000C2B34D20C27A5
:10FFD000B94233D8280000F071F8374E33681C005E
:10FFE000002C2FD139002800FFF7C6FF0400431C66
:10FFF0005FD134680094009B002B4AD1002C52D072
:020000041005E5
:1000000023682800E3180099019300F091FC019BFC
:10001000834248D123682800FF1A3900FFF7ACFF5C
:10002000013040D02368DB19236033685A68002A06
:1000300033D1009B336019E0002BC9DA0C232B600D
:100040000020FEBD2168C91B20D40B290AD9E21962
:100050002760A34204D1326063681160536005E0F9
:100060005A60F9E76268A3420ED13260280000F0BE
:100070002DF8200007220B30231D9043C21A98420E
:10008000DFD01B1AA350DCE75A60EFE72300646857
:10009000A6E7009C63680093ADE71A005B68A34283
:1000A000FBD10023DAE70C2328002B6000F00EF8C8
:1000B000C6E70760DAE7C046E80C002010B5024842
:1000C000FFF7FBFE10BDC046E00C002010B5024853
:1000D000FFF7F4FE10BDC046E00C0020F0B58E68BE
:1000E00085B01F000C00330002900392BE4254D82A
:1000F0000C22885E9022D20010422CD00322096983
:1001000023685B1A019363695343019ADD0FED186D
:100110007B1C6D109B182A00AB4201D91D001A00F0
:10012000400527D511000298FFF748FF061E2AD088
:10013000019A2169FFF7C3FEA289194B1A40802357
:100140001343A381019B2661F618266065613E007A
:10015000ED1A3B00A5601F003A000399206800F0EB
:10016000B0FB0020A3689B1BA3602368DB192360FE
:1001700005B0F0BD029800F0F8FB061EE2D121693F
:100180000298FFF7A5FE0C230120029A404213605B
:10019000A28934331343A381EAE73E00DCE7C0467B
:1001A0007FFBFFFFF0B59FB002901D008B890F0011
:1001B00016001B0612D50B69002B0FD14021FFF74B
:1001C000FDFE38603861002806D10C23029A1360C6
:1001D000012040421FB0F0BD40237B61002306ACEC
:1001E0006361203363761033A376059535002B7851
:1001F000002B01D0252B48D1AB1B0393B5420BD06C
:10020000320039000298FFF769FF013000D1AAE0FF
:100210006369039A9B1863612B78002B00D1A2E0DD
:100220000122532100235242626002AA52186E1C1E
:100230002360E360A3601370A365524B052218008E
:100240003178039300F086FB751C226800281ED1CC
:10025000D30604D5202302A9533009180B701307C5
:1002600004D553202B2302A909180B7033782A2BAD
:1002700015D0350000210A20E3682A786E1C303A38
:10028000092A4ED9002910D116E00135AFE7039BAA
:100290002E00C01A0123834013432360CDE7059B42
:1002A000191D1B680591002B01DBE36004E05B4234
:1002B000E3600223134323602B782E2B0CD16B7841
:1002C0002A2B33D1059B02351A1D1B680592002B82
:1002D00001DA01235B4263602B4E03223000297850
:1002E00000F038FB002806D04023801B83402268A2
:1002F0000135134323602978062224486E1C217699
:1003000000F028FB002834D02148002821D1072202
:10031000059B073393430833059363691B18636197
:1003200064E74343350001219B18A6E700230A2018
:100330001900013563602A786E1C303A092A03D906
:10034000002BC9D06160C7E74143350001238918FC
:10035000F1E705AA009221003A000E4B029800E056
:1003600000BF431CD9D1BB895B0600D530E760696B
:1003700030E705AA009221003A00064B029800F0EF
:100380007BF8EEE780130510861305108A1305101D
:1003900000000000DD000510F7B5160001938A6823
:1003A0000B690C000090934200DA130022003360C6
:1003B00043321278002A01D00133336023689B0650
:1003C00002D53368023333602268062315001D40CE
:1003D0001A4227D0230043331B785A1E93412268C8
:1003E000920630D4220001990098089D4332A84714
:1003F000013025D00622236800251340042B05D1A7
:100400003368E568ED1AEB43DB171D40A3682269EA
:10041000934201DD9B1AED180026B54220D1002041
:1004200010E00135E36832689B1AAB42D2DD22004E
:10043000012301990098089F1932B8470130F0D183
:1004400001204042FEBD3020E118433108702100F8
:100450005A1C45310978A218433202331170C1E7A2
:100460002200012301990098089F1A32B8470130F1
:10047000E6D00136D1E70000F0B58BB006920A0055
:1004800043320793059003920A7E0C00109B782A52
:1004900009D8622A0BD8002A00D1BBE07A4904911E
:1004A000582A00D18FE0250042352A7022E0100042
:1004B00063381528F7D8EFF7B1FE16001F00F6FFD6
:1004C000F6FFF6FFF6FF1F00F6FFF6FFF6FFF6FF5A
:1004D000A00036007F00F6FFF6FFB100F6FF360001
:1004E000F6FFF6FF830025001A684235111D1960DA
:1004F00013682B7001239FE018680968021D0D0620
:100500000BD506681A60002E03DA2D23039A764273
:1005100013705D4B0A27049319E006681A604906B8
:10052000F1D536B2EFE71A68096840CA080602D466
:10053000490600D5B6B21A60237E534A0A270492B0
:100540006F2B00D1023F2300002243331A706368EF
:10055000A360002B06DB04212268039D8A432260EE
:1005600033430CD0039D30003900EFF7E7FE049BC6
:10057000013D5B5C2B70330006009F42F3D9082FCE
:1005800009D12368DB0706D5626823699A4202DC39
:100590003023013D2B70039B5B1B2361079B2100D4
:1005A00000930598069B09AAFFF7F6FE013048D193
:1005B000012040420BB0F0BD202209680A432260AE
:1005C000782232490491210045310A701968226865
:1005D00040C9100602D4500600D5B6B21960D30740
:1005E00002D5202313432360002E01D01027AAE751
:1005F0002022236893432360F8E71A680D68101DD2
:100600004969186013682E0601D5196002E06D066D
:10061000FBD519800023039D2361BFE71A68111DD4
:100620001960156800212800626800F093F900281D
:1006300001D0401B6060636823610023039A13703C
:10064000ACE72A00236906990598079DA847013061
:10065000AED023689B0715D4099BE0689842A9DABD
:100660001800A7E72200012306990598079E193272
:10067000B04701309CD00135E368099A9B1AAB4220
:10068000F0DCE9E70025F7E791130510A213051048
:10069000F7B50C228B5E05000C001A075AD44A6885
:1006A000002A02DC0A6C002A4FDDE76A002F4CD0DA
:1006B000002280212E682A601A0049010A400B425C
:1006C00034D0626DA3895B0706D56368D21A636B69
:1006D000002B01D0236CD21A00232800E76A216A7C
:1006E000B8470C23E25E431C06D129681D292ED889
:1006F0002B4BCB40DB072AD50023636023692360A3
:10070000D20405D5431C02D12B68002B00D16065B3
:10071000616B2E60002918D023004433994202D027
:100720002800FFF7D5FB002363630EE001232800B8
:10073000216AB8470200431CC4D12B68002BC1D0EA
:100740001D2B01D0162B1DD12E60002021E040234F
:1007500013431BE00E69002EF7D00F680E60BA1B22
:10076000019200229B0700D14A69A260019B002BE5
:10077000EBDDA36A32001F002800019B216AB84705
:10078000002807DC4023A28913431BB20120A38168
:100790004042FEBD019B36181B1A0193E6E7C04696
:1007A000010040200B6970B505000C00002B02D140
:1007B0000025280070BD002804D0036A002B01D159
:1007C000FFF7AAF80C22A35E002BF1D0626ED207CD
:1007D00004D49B0502D4A06DFFF76FFB2800210015
:1007E000FFF756FF636E0500DB07E2D4A3899B0584
:1007F000DFD4A06DFFF762FBDBE70000F0B50E0071
:100800001D000E23C95E140097B000290CDAB289CE
:100810008023110019401A4214D18023DB000020EC
:100820002960236017B0F0BD6A4600F05DF800282B
:10083000EDDBF02301991B021940044BC9184B4210
:100840005941EAE700214023E9E7C04600E0FFFF05
:10085000F7B502268B8905000C00334206D0230031
:1008600047332360236101236361F7BD6A4601AB0F
:10087000FFF7C4FF009F28003900FFF79FFB0C2201
:10088000A35E002806D19A05EFD4032293431E43AA
:10089000A681E4E780221343A381019B20602061AD
:1008A0006761002BE1D028000E23E15E00F02EF8F6
:1008B0000028DAD00323A2899A43023B1343A38181
:1008C000D3E710B5884202D98B18984208D3002389
:1008D0009A4207D0CC5CC4540133F9E78B5C835453
:1008E000013AFBD210BD0000002370B5064D040094
:1008F000080011002B60F0F787FF431C03D12B6821
:10090000002B00D0236070BDDC0C0020002370B5EC
:10091000064D040008002B60F0F784FF431C03D150
:100920002B68002B00D0236070BDC046DC0C00207B
:10093000002370B5064D040008002B60F0F786FF19
:10094000431C03D12B68002B00D0236070BDC04630
:10095000DC0C0020C9B28218904201D100207047FF
:1009600003788B42FBD00130F6E7F7B506000C00A8
:100970001500002905D11100FFF720FB040020001D
:10098000FEBD002A03D1FFF7A3FA2C00F7E700F021
:100990001CF80700854202D84308AB42EFD3290078
:1009A0003000FFF70BFB0190002801D1019CE6E726
:1009B0002A00BD4200D93A0021000198FFF77FFAD2
:1009C00021003000FFF784FAF0E70B1F1B68181FA7
:0C09D000002B01DA0B58C0187047000023
:0409DC00F8B5C04664
:0409E000F8B5C04660
:1009E40054454D50205241573A20257500000000CF
:1009F40048554D205241573A20257500880D002056
:100A0400661400000000010200001E00F700000050
:100A1400FFFFFFFF64000310080201031700010039
:100A240000010101010101000001000300040000B4
:100A340048616E646C6520706F737369626C7920B1
:100A44006E6F742076616C696420616E796D6F726B
:100A540065210D00000000000000000000000000FF
:100A64000000000000000000001000100010001042
:100A740000100010000000100000000000280028F2
:100A8400002800000000000000000000000000003A
:100A940000240024007C00240048007C0048004816
:100AA40000000000003800540050003800140054C6
:100AB400005400380010000000200054005800309A
:100AC4000028005400140008000000000010002852
:100AD40000280010003400480048003400000000E2
:100AE40000100010001000000000000000000000D2
:100AF400000000000008001000200020002000205A
:100B04000020002000100008002000100008000849
:100B14000008000800080008001000200010003839
:100B24000010002800000000000000000000000089
:100B34000000000000100010007C001000100000F5
:100B440000000000000000000000000000000000A1
:100B54000000001000100010000000000000000061
:100B64000000003800000000000000000000000049
:100B74000000000000000000000000100000000061
:100B840000080008001000100010001000200020D1
:100B940000000000003800440044005400440044B5
:100BA4000044003800000000001000300050001025
:100BB4000010001000100010000000000038004475
:100BC40000440004000800100020007C0000000025
:100BD40000380044000400180004000400440038F5
:100BE4000000000000080018002800280048007CCD
:100BF4000008000800000000007C0040004000786D
:100C040000040004004400380000000000380044E0
:100C14000040007800440044004400380000000014
:100C2400007C0004000800100010002000200020B8
:100C34000000000000380044004400380044004430
:100C44000044003800000000003800440044004420
:100C5400003C0004004400380000000000000000D4
:100C64000010000000000000000000100000000060
:100C74000000000000000010000000000000001050
:100C84000010001000000000000C00300040003094
:100C9400000C000000000000000000000000007CC8
:100CA4000000007C000000000000000000000000C4
:100CB400006000180004001800600000000000003C
:100CC4000038004400040008001000100000001068
:100CD4000000000000380044004C0054005C004058
:100CE4000040003800000000001000280028002800
:100CF4000028007C00440044000000000078004408
:100D040000440078004400440044007800000000DF
:100D140000380044004000400040004000440038D7
:100D240000000000007000480044004400440044F7
:100D34000048007000000000007C00400040007C7F
:100D4400004000400040007C00000000007C0040A7
:100D540000400078004000400040004000000000D7
:100D64000038004400400040005C00440044003867
:100D740000000000004400440044007C004400449F
:100D8400004400440000000000380010001000106F
:100D940000100010001000380000000000040004DF
:100DA40000040004000400040044003800000000B3
:100DB40000440048005000600050004800480044CF
:100DC400000000000040004000400040004000409F
:100DD4000040007C000000000044006C006C0054E3
:100DE4000044004400440044000000000044006447
:100DF400006400540054004C004C00440000000007
:100E040000380044004400440044004400440038D6
:100E140000000000007800440044004400780040D2
:100E2400004000400000000000380044004400443A
:100E340000440044005400380004000000780044DA
:100E440000440044007800480048004400000000CA
:100E5400003800440040003000080004004400381A
:100E640000000000007C00100010001000100010B2
:100E7400001000100000000000440044004400443E
:100E840000440044004400380000000000440044D2
:100E94000044002800280028001000100000000072
:100EA40000440044005400540054006C00280028FE
:100EB4000000000000440028002800100010002852
:100EC40000280044000000000044004400280028DA
:100ED400001000100010001000000000007C00044E
:100EE40000080010001000200040007C00000000FA
:100EF4000018001000100010001000100010001066
:100F04000010001800200020001000100010001035
:100F1400000800080000000000300010001000105D
:100F24000010001000100010001000300010002805
:100F34000028004400000000000000000000000041
:100F4400000000000000000000000000000000009D
:100F5400000000FE0020001000000000000000005F
:100F64000000000000000000000000000038004401
:100F7400003C0044004C00340000000000400040ED
:100F8400005800640044004400640058000000005D
:100F940000000000003800440040004000440038D5
:100FA40000000000000400040034004C004400442D
:100FB400004C003400000000000000000038004431
:100FC400007C00400044003800000000000C0010C9
:100FD400007C001000100010001000100000000041
:100FE400000000000034004C00440044004C003475
:100FF40000040078004000400058006400440044AD
:1010040000440044000000000010000000700010C4
:10101400001000100010001000000000001000007C
:10102400007000100010001000100010001000E00C
:101034000040004000480050006000500048004458
:1010440000000000007000100010001000100010DC
:1010540000100010000000000000000000780054A0
:10106400005400540054005400000000000000002C
:1010740000580064004400440044004400000000A0
:1010840000000000003800440044004400440038DC
:101094000000000000000000005800640044004408
:1010A4000064005800400040000000000034004C80
:1010B40000440044004C003400040004000000001C
:1010C4000058006400400040004000400000000060
:1010D40000000000003800440030000800440038DC
:1010E40000000000002000200078002000200020E4
:1010F400002000180000000000000000004400442C
:1011040000440044004C00340000000000000000D3
:1011140000440044002800280028001000000000BB
:1011240000000000005400540054006C0028002803
:10113400000000000000000000440028001000101F
:1011440000280044000000000000000000440044A7
:1011540000280028001000100010006000000000AB
:10116400007C0008001000200040007C000000000B
:1011740000180010001000100020002000100010C3
:1011840000100018001000100010001000100010D3
:1011940000100010001000100030001000100010AB
:1011A40000080008001000100010003000000000CB
:1011B40000000074004C000000000000000000006B
:1011C4000001000000000000FFFFFFFFFFFFFFFF22
:1011D400FFFFFFFF0000000000000000000000000F
:1011E40001000000FFFFFFFF3C33041044330410F0
:1011F4004C33041054330410A4330410D4330410B7
:101204000634041036340410583404109234041094
:10121400C2340410F4340410243504104635041088
:101224006A35041000F0061000080000AA0200004D
:1012340000F80610F807010000000000F84E041042
:101244001C4F0410D44E0410424F0410684F041075
:1012540000020406080A0C0E00020406385D04109D
:10126400385D0410385D0410385D04104C5D0410C2
:101274004C5D04104C5D04104C5D0410605D041062
:10128400605D0410605D0410605D0410745D041002
:10129400865D041004030202010101010000000044
:1012A400000000007FF0041083F0041077C80410DD
:1012B4007FC804107BC8041033B9041037B9041074
:1012C4003BB904103FB9041053B9041047B90410D2
:1012D4004BB904104FB9041043B9041057B90410A2
:1012E4005BB904105FB9041063B9041067B9041042
:1012F400030000006BB904102900000085B9041034
:101304003F00000099B9041073E1041065E1041072
:10131400A9DC04100000000079DF0410C1DF041010
:10132400D5B70410A9C4041005F3041009F304107C
:1013340007F30410A9F20410A9C20410B5C20410E2
:10134400B7C20410B9C20410BBC20410BDC2041059
:10135400ADF20410F3F70410F1F70410F5F70410DC
:10136400ABC80410A9D2041073C80410ABD2041083
:101374006FC8041055D2041071C80410232D302BEB
:101384002000686C4C006566674546470030313282
:1013940033343536373839414243444546003031D9
:1013A4003233343536373839616263646566000038
:0813B400A89CFF7F010000006E
:1013BC00070A0000580A05100201060303AAFE11D1
:1013CC0016AAFE2000000000000000000000000033
:1013DC0000000000020000000024F40004000000E3
:1013EC0001000000FFFFFFFFFFFFFFFFBDF2041035
:1013FC000000000003000000A00B00203C0D0020AA
:10140C0000000000A00B0020080C0020700C002035
:10141C0000000000000000000000000000000000C0
:10142C0000000000000000000000000000000000B0
:10143C0000000000000000000000000000000000A0
:0C144C0000000000000000000000000094
:0400000510042E05B0
:00000001FF
