:020000040800F2
:1000000000000320ED5400083D3900084B3900087A
:10001000533900085B39000863390008000000000C
:100020000000000000000000000000006B39000824
:100030007939000800000000873900089539000868
:10004000415500084155000841550008A1390008F4
:100050004155000841550008073A0008153A0008C4
:100060004155000841550008F9390008415500087C
:100070004155000841550008415500084155000808
:1000800041550008415500084155000841550008F8
:1000900041550008415500084155000841550008E8
:1000A00041550008415500084155000841550008D8
:1000B00041550008415500084155000841550008C8
:1000C00041550008415500084155000841550008B8
:1000D000AD39000841550008415500084155000858
:1000E0004155000841550008415500084155000898
:1000F000C1390008CD390008D93900084155000838
:100100004155000841550008415500084155000877
:100110004155000841550008415500084155000867
:100120004155000841550008E539000841550008CF
:0C013000415500084155000841550008E9
:1001400010B5054C237833B9044B13B10448AFF311
:1001500000800123237010BD540200200000000025
:10016000D417010808B5034B1BB103490348AFF38B
:10017000008008BD0000000058020020D4170108CC
:1001800010F8012B11F8013B012A28BF9A42F7D041
:10019000D01A7047000000000000000000000000BE
:1001A00001F0FF01102A2BDB10F0070F08D010F828
:1001B000013B013A8B422DD010F0070F42B3F6D12C
:1001C000F0B441EA012141EA014122F007047FF045
:1001D00000070023F0E80256083C85EA010586EA9C
:1001E000010685FA47F5A3FA87F586FA47F6A5FAD8
:1001F00087F68EB9EED1F0BC01F0FF0102F00702E4
:1002000032B110F8013B013A83EA010313B1F8D18E
:100210000020704701387047002D06BF354603386F
:10022000073815F0010F07D1013015F4807F02BFA8
:10023000013015F4C03F0130F0BC0138704700BFF9
:10024000034613F8012B002AFBD1181A0138704716
:1002500081F0004102E000BF83F0004330B54FEA77
:1002600041044FEA430594EA050F08BF90EA020FE4
:100270001FBF54EA000C55EA020C7FEA645C7FEA77
:10028000655C00F0E2804FEA5454D4EB5555B8BF9A
:100290006D420CDD2C4480EA020281EA030382EA0B
:1002A000000083EA010180EA020281EA0303362D9D
:1002B00088BF30BD11F0004F4FEA01314FF4801C70
:1002C0004CEA113102D0404261EB410113F0004F82
:1002D0004FEA03334CEA133302D0524263EB430339
:1002E00094EA050F00F0A780A4F10104D5F1200ED7
:1002F0000DDB02FA0EFC22FA05F2801841F1000132
:1003000003FA0EF2801843FA05F359410EE0A5F105
:1003100020050EF1200E012A03FA0EFC28BF4CF036
:10032000020C43FA05F3C01851EBE37101F00045EC
:1003300007D54FF0000EDCF1000C7EEB00006EEBF9
:100340000101B1F5801F1BD3B1F5001F0CD3490883
:100350005FEA30004FEA3C0C04F101044FEA4452DA
:1003600012F5800F80F09A80BCF1004F08BF5FEA61
:10037000500C50F1000041EB045141EA050130BD41
:100380005FEA4C0C404141EB0101013C28BFB1F553
:10039000801FE9D291F0000F04BF01460020B1FA9E
:1003A00081F308BF2033A3F10B03B3F120020CDA71
:1003B0000C3208DD02F1140CC2F10C0201FA0CF04F
:1003C00021FA02F10CE002F11402D8BFC2F1200CB4
:1003D00001FA02F120FA0CFCDCBF41EA0C0190406A
:1003E000E41AA2BF01EB0451294330BD6FEA0404B3
:1003F0001F3C1CDA0C340EDC04F11404C4F120029E
:1004000020FA04F001FA02F340EA030021FA04F3AF
:1004100045EA030130BDC4F10C04C4F1200220FA06
:1004200002F001FA04F340EA0300294630BD21FA44
:1004300004F0294630BD94F0000F83F4801306BF0A
:1004400081F480110134013D4EE77FEA645C18BFFE
:100450007FEA655C29D094EA050F08BF90EA020F95
:1004600005D054EA000C04BF1946104630BD91EA8D
:10047000030F1EBF0021002030BD5FEA545C05D190
:100480004000494128BF41F0004130BD14F58004CF
:100490003CBF01F5801130BD01F0004545F0FE4143
:1004A00041F470014FF0000030BD7FEA645C1ABF78
:1004B000194610467FEA655C1CBF0B46024650EAAF
:1004C000013406BF52EA033591EA030F41F40021DB
:1004D00030BD00BF90F0000F04BF0021704730B561
:1004E0004FF4806404F132044FF000054FF0000136
:1004F00050E700BF90F0000F04BF0021704730B5F7
:100500004FF4806404F1320410F0004548BF4042CB
:100510004FF000013EE700BF42004FEAE2014FEA20
:1005200031014FEA02701FBF12F07F4393F07F4FFB
:1005300081F06051704732F07F4208BF704793F0FE
:100540007F4F04BF41F40021704730B54FF4607411
:1005500001F0004521F000411CE700BF50EA010214
:1005600008BF704730B54FF000050AE050EA0102BD
:1005700008BF704730B511F0004502D5404261EB2D
:1005800041014FF4806404F132045FEA915C3FF46E
:10059000D8AE4FF003025FEADC0C18BF03325FEA0B
:1005A000DC0C18BF033202EBDC02C2F1200300FABC
:1005B00003FC20FA02F001FA03FE40EA0E0021FAE1
:1005C00002F11444BDE600BF70B54FF0FF0C4CF4CF
:1005D000E06C1CEA11541DBF1CEA135594EA0C0F81
:1005E00095EA0C0F00F0DEF82C4481EA030621EABC
:1005F0004C5123EA4C5350EA013518BF52EA0335F7
:1006000041F4801143F4801338D0A0FB02CE4FF0A8
:100610000005E1FB02E506F00042E0FB03E54FF0D8
:100620000006E1FB03569CF0000F18BF4EF0010ED0
:10063000A4F1FF04B6F5007F64F5407404D25FEACC
:100640004E0E6D4146EB060642EAC62141EA55517F
:100650004FEAC52040EA5E504FEACE2EB4F1FD0CC1
:1006600088BFBCF5E06F1ED8BEF1004F08BF5FEA3F
:10067000500E50F1000041EB045170BD06F00046F1
:1006800046EA010140EA020081EA0301B4EB5C049E
:10069000C2BFD4EB0C0541EA045170BD41F4801196
:1006A0004FF0000E013C00F3AB8014F1360FDEBFBB
:1006B000002001F0004170BDC4F10004203C35DA97
:1006C0000C341BDC04F11404C4F1200500FA05F31A
:1006D00020FA04F001FA05F240EA020001F00042BB
:1006E00021F0004110EBD37021FA04F642EB060131
:1006F0005EEA430E08BF20EAD37070BDC4F10C045B
:10070000C4F1200500FA04F320FA05F001FA04F21E
:1007100040EA020001F0004110EBD37041F100010A
:100720005EEA430E08BF20EAD37070BDC4F1200515
:1007300000FA05F24EEA020E20FA04F301FA05F27D
:1007400043EA020321FA04F001F0004121FA04F225
:1007500020EA020000EBD3705EEA430E08BF20EAF5
:10076000D37070BD94F0000F0FD101F0004640002F
:1007700041EB010111F4801F08BF013CF7D041EAB1
:10078000060195F0000F18BF704703F000465200B5
:1007900043EB030313F4801F08BF013DF7D043EA86
:1007A0000603704794EA0C0F0CEA135518BF95EA3C
:1007B0000C0F0CD050EA410618BF52EA4306D1D1C3
:1007C00081EA030101F000414FF0000070BD50EAE2
:1007D000410606BF1046194652EA430619D094EA6C
:1007E0000C0F02D150EA013613D195EA0C0F05D156
:1007F00052EA03361CBF104619460AD181EA0301AA
:1008000001F0004141F0FE4141F470014FF0000061
:1008100070BD41F0FE4141F4780170BD70B54FF0FC
:10082000FF0C4CF4E06C1CEA11541DBF1CEA13557C
:1008300094EA0C0F95EA0C0F00F0A7F8A4EB05045E
:1008400081EA030E52EA03354FEA013100F0888055
:100850004FEA03334FF0805545EA131343EA12631E
:100860004FEA022245EA111545EA10654FEA0026D3
:100870000EF000419D4208BF964244F1FD0404F58C
:10088000407402D25B084FEA3202B61A65EB0305E8
:100890005B084FEA32024FF480104FF4002CB6EBA5
:1008A000020E75EB030E22BFB61A754640EA0C0025
:1008B0005B084FEA3202B6EB020E75EB030E22BF65
:1008C000B61A754640EA5C005B084FEA3202B6EBA6
:1008D000020E75EB030E22BFB61A754640EA9C0065
:1008E0005B084FEA3202B6EB020E75EB030E22BF35
:1008F000B61A754640EADC0055EA060E18D04FEAF3
:10090000051545EA16754FEA06164FEAC30343EA92
:1009100052734FEAC2025FEA1C1CC0D111F4801F5F
:100920000BD141EA00014FF000004FF0004CB6E758
:1009300011F4801F04BF01430020B4F1FD0C88BFF7
:10094000BCF5E06F3FF6AFAEB5EB030C04BFB6EB02
:10095000020C5FEA500C50F1000041EB045170BDF5
:100960000EF0004E4EEA113114EB5C04C2BFD4EB22
:100970000C0541EA045170BD41F480114FF0000EA6
:10098000013C90E645EA060E8DE60CEA135594EA22
:100990000C0F08BF95EA0C0F3FF43BAF94EA0C0F25
:1009A0000AD150EA01347FF434AF95EA0C0F7FF49A
:1009B00025AF104619462CE795EA0C0F06D152EAEE
:1009C00003353FF4FDAE1046194622E750EA4106D2
:1009D00018BF52EA43067FF4C5AE50EA41047FF4E3
:1009E0000DAF52EA43057FF4EBAE12E74FF0FF3C48
:1009F00006E000BF4FF0010C02E000BF4FF0010C19
:100A00004DF804CD4FEA410C7FEA6C5C4FEA430C91
:100A100018BF7FEA6C5C1BD001B050EA410C0CBFE0
:100A200052EA430C91EA030F02BF90EA020F002042
:100A3000704710F1000F91EA030F58BF994208BFA9
:100A400090422CBFD8176FEAE37040F00100704766
:100A50004FEA410C7FEA6C5C02D150EA013C07D1BD
:100A60004FEA430C7FEA6C5CD6D152EA033CD3D008
:100A70005DF8040B704700BF8446104662468C4602
:100A80001946634600E000BF01B5FFF7B7FF002835
:100A900048BF10F1000F01BD4DF808EDFFF7F4FF5E
:100AA0000CBF012000205DF808FB00BF4DF808EDE9
:100AB000FFF7EAFF34BF012000205DF808FB00BF0C
:100AC0004DF808EDFFF7E0FF94BF012000205DF82E
:100AD00008FB00BF4DF808EDFFF7CEFF94BF0120E3
:100AE00000205DF808FB00BF4DF808EDFFF7C4FFDC
:100AF00034BF012000205DF808FB00BF4FEA410C25
:100B00007FEA6C5C02D150EA013C0AD14FEA430C07
:100B10007FEA6C5C02D152EA033C02D14FF0000044
:100B200070474FF0010070474FEA410212F5001282
:100B300015D211D56FF47873B3EB625212D94FEA24
:100B4000C12343F0004343EA505311F0004F23FA0E
:100B500002F018BF404270474FF00000704750EA63
:100B6000013005D111F0004008BF6FF00040704720
:100B70004FF00000704700BF53B94AB9002908BFC1
:100B800000281CBF4FF0FF314FF0FF3000F088B954
:100B9000ADF1080C6DE904CE00F006F8DDF804E0D4
:100BA000DDE9022304B070472DE9F047089D0F46A8
:100BB00004468C46002B48D18A42164661D9B2FAC7
:100BC00082F34BB1C3F1200201FA03FC20FA02F2D6
:100BD0009E4042EA0C0C9C404FEA164EB7B2BCFB5A
:100BE000FEF1220C0EFB11CC42EA0C4201FB07F095
:100BF000904209D9B21801F1FF3C80F0EE8090429A
:100C000040F2EB8002393244121AA4B2B2FBFEF079
:100C10000EFB102244EA024400FB07F7A74209D961
:100C2000341900F1FF3280F0DA80A74240F2D78019
:100C30003444023840EA0140E41B00211DB1DC408D
:100C40000023C5E90043BDE8F0878B4206D90DB10A
:100C5000C5E9000100210846BDE8F087B3FA83F139
:100C6000002948D1BB4202D3824200F20781841A94
:100C700067EB030201209446002DE4D0C5E9004C47
:100C8000E1E7002A00F09280B2FA82F3002B40F0F4
:100C9000A8808A1A4FEA164E1FFA86FC0121200C02
:100CA000B2FBFEF70EFB172240EA02420CFB07F0F4
:100CB000904207D9B21807F1FF3802D2904200F2F1
:100CC000E2804746121AA4B2B2FBFEF00EFB1022DD
:100CD00044EA02440CFB00FCA44507D9341900F196
:100CE000FF3202D2A44500F2CB801046A4EB0C04E4
:100CF00040EA0740A2E7C1F120068B4022FA06FC39
:100D00004CEA030C07FA01F420FA06F3F7404FEA25
:100D10001C49234300FA01F81FFA8CFEB7FBF9F0D7
:100D20001C0C09FB107744EA074400FB0EF7A742AE
:100D300002FA01F20AD91CEB040400F1FF3A80F038
:100D40009B80A74240F2988002386444E41B9FB223
:100D5000B4FBF9F309FB134447EA044403FB0EFE1A
:100D6000A64509D91CEB040403F1FF3780F082800B
:100D7000A6457FD9023B644443EA0040A4EB0E043D
:100D8000A0FB02E7BC427346B94663D360D05DB1B5
:100D9000B8EB030264EB090404FA06F622FA01F345
:100DA0001E43CC40C5E9006400214CE762084808B6
:100DB00042EAC1710B0C43EA00438AB242EA0342A1
:100DC000B3FBF6F1E407B4463746B6461F23B0FB43
:100DD000F6F0D21B41EA004161E7614614E7104694
:100DE00028E7C3F1200120FA01F29E4027FA01F121
:100DF0009F403A434FEA164E1FFA86FCB1FBFEF7BE
:100E00000EFB1710110C41EA004107FB0CF8884556
:100E100004FA03F43AD9711807F1FF3001D288457A
:100E20001FD8A1EB0801B1FBFEF808FB0CF70EFB85
:100E3000181192B242EA0142BA422FD2B21808F116
:100E4000FF31C6D2BA42C4D2A8F102013244C0E78F
:100E5000F0459CD2BEEB020367EB0C070138B946A4
:100E600095E7A6EB08084144B81EB1FBFEF808FB65
:100E70000CF7DCE73B467FE7504667E70846FBE6B2
:100E80003444023832E7023F32441BE7A1EB080149
:100E90003846B1FBFEF808FB0CF7C8E7414698E777
:100EA000704700BF80B483B000AF7860064BD3F8C2
:100EB000902005497B681343C1F8903000BF0C3780
:100EC000BD465DF8047B70470008005880B485B0CB
:100ED00000AF78604FF0B043DA6C4FF0B0417B6800
:100EE0001343CB644FF0B043DA6C7B681340FB6074
:100EF000FB6800BF1437BD465DF8047B704780B4C3
:100F000085B000AF78604FF0B043D3F84C214FF07C
:100F1000B0417B681343C1F84C314FF0B043D3F874
:100F20004C217B681340FB60FB6800BF1437BD4653
:100F30005DF8047B704780B500AF04F001FD04F05C
:100F400005FD4FF48030FFF7ADFF0BF039FD00F0E9
:100F500021F800F0C1F800BF80BD0000B0B588B036
:100F600000AF0B4B3C1D1D460FCD0FC495E807008D
:100F700003C422800234130C23700DF067F93B1D6B
:100F800018460BF096FF00BF2037BD46B0BD00BF2E
:100F9000F017010880B588B000AF3B1D00221A6031
:100FA0005A609A60DA601A610023BB8300237B8356
:100FB00000233B830023FB7736E0FB7F434ADB00C3
:100FC00013449B79002B2CD0FB7F404A52F83330DE
:100FD0003F4A93421BD03E4A934221D8B3F1904FEF
:100FE00003D03C4A934209D01AE0FB7F374ADB002A
:100FF00013449A88BB8B1343BB8312E0FB7F334AB5
:10100000DB0013449A887B8B13437B8309E0FB7FCF
:101010002E4ADB0013449A883B8B13433B8300E04A
:1010200000BFFB7F0133FB77FB7F252BC5D9002356
:10103000FB600123BB6003233B61BB8B002B14D0FF
:10104000BB8B7B600120FFF741FF0120FFF757FFBB
:101050003B1D19464FF0904005F06CF9BB8B002208
:1010600019464FF0904005F0D5FA7B8B002B12D03B
:101070007B8B7B600220FFF729FF0220FFF73FFFF9
:101080003B1D1946134805F055F97B8B0022194684
:10109000104805F0BFFA3B8B002B13D03B8B7B60D5
:1010A0000420FFF713FF0420FFF729FF3B1D19461B
:1010B000074805F03FF93B8B00221946044805F02C
:1010C000A9FA00BF00BF2037BD4680BD78270108C0
:1010D000000800480004004880B400AF00BFBD46CF
:1010E0005DF8047B704780B500AF01F0DBFD00BF09
:1010F00080BD80B584B000AFF8600B467A607B811C
:101100007A897B68F968002001F0E0FA00BF1037A7
:10111000BD4680BD80B483B000AF7860074BD3F884
:10112000803023F0070205497B681343C1F8803003
:1011300000BF0C37BD465DF8047B704700040058C3
:1011400080B483B000AF7860064BD3F89020054997
:101150007B681343C1F8903000BF0C37BD465DF883
:10116000047B70470008005880B483B000AF7860FB
:101170004FF0B0430A4AC3F89C204FF0B043D3F875
:101180009C3023F47C527B681B024FF0B041134328
:10119000C1F89C3000BF0C37BD465DF8047B70473A
:1011A000FECAFECA80B483B000AF78604FF0B0438F
:1011B0009B6823F400424FF0B0417B6813438B607F
:1011C00000BF0C37BD465DF8047B704780B400AFAC
:1011D0004FF0B043D3F890304FF0B04243F4803337
:1011E000C2F8903000BFBD465DF8047B704780B404
:1011F00000AF4FF0B043D3F890304FF0B04223F43B
:101200008033C2F8903000BFBD465DF8047B704764
:1012100080B400AF4FF0B043D3F8943003F0806354
:10122000B3F1806F01D1012300E000231846BD46D1
:101230005DF8047B704780B400AF4FF0B043D3F843
:10124000943003F08053B3F1805F01D1012300E0BB
:1012500000231846BD465DF8047B704780B485B016
:1012600000AF78604FF0B0431A6D4FF0B0417B682B
:1012700013430B654FF0B0431A6D7B681340FB605E
:10128000FB6800BF1437BD465DF8047B7047000063
:1012900080B400AF044B1B68C3F30B031846BD4674
:1012A0005DF8047B704700BF002004E080B400AF0D
:1012B000044B1B681B0C9BB21846BD465DF8047BB3
:1012C000704700BF002004E080B483B000AF7860B6
:1012D00039607B685A683B681B041A437B685A6014
:1012E00000BF0C37BD465DF8047B704780B483B007
:1012F00000AF786039607B685A683B681A437B6846
:101300005A6000BF0C37BD465DF8047B704780B45F
:1013100083B000AF786039607B685A693B681B0412
:101320001A437B685A6100BF0C37BD465DF8047BE9
:10133000704780B483B000AF786039607B685A69C9
:101340003B681A437B685A6100BF0C37BD465DF8A5
:10135000047B704780B483B000AF786039607B68ED
:101360003A689A6000BF0C37BD465DF8047B704751
:1013700080B483B000AF786039607B683A689A6166
:1013800000BF0C37BD465DF8047B704780B400AFEA
:10139000054B1B69044A23F00403136100BFBD46DB
:1013A0005DF8047B704700BF00ED00E080B483B0BF
:1013B00000AF78607B68FF225A6200BF0C37BD46E1
:1013C0005DF8047B704780B483B000AF78607B68C1
:1013D000CA225A627B6853225A6200BF0C37BD464C
:1013E0005DF8047B704780B483B000AF78603960EB
:1013F0007B689B6823F007023B681A437B689A600E
:1014000000BF0C37BD465DF8047B704780B500AF68
:10141000044B4FF400421A6100F030F800F070F80D
:1014200000BF80BD0040005880B500AF00F07CF8E0
:1014300000F094F80949002000F032FFFFF77BFD2F
:10144000012101200CF0A8FF00F0EAF900F0F8F902
:1014500000F07AFA00F090F800BF80BDBC040020D4
:1014600080B400AF00BFBD465DF8047B704780B517
:1014700000AF5020FFF764FE00BF80BD80B500AF15
:1014800000F004F800F01AF800BF80BD80B500AF8E
:10149000FFF7BEFE0346002B0DD0FFF7CCFE034640
:1014A000002B08D105F0FAFE05F0F8FEFFF78EFEDE
:1014B000FFF79DFE00BF00BF80BD000080B500AFFC
:1014C0004FF48010FFF7CAFE3F210C48FFF742FFA0
:1014D0003F210A48FFF74CFF3F210848FFF7F4FE81
:1014E0003F210648FFF713FF3F210448FFF7FEFEA8
:1014F0003F210248FFF71DFF00BF80BD000C0058D0
:1015000080B582B000AF00200BF094FC78607B685F
:10151000002B05D07B689B791846FFF725FE00BF9E
:1015200000BF0837BD4680BD80B500AFFFF798FF0C
:10153000FFF79DFF00F002F800BF80BD80B500AF4F
:101540000548FFF740FF00210348FFF74CFF024822
:10155000FFF72CFF00BF80BD0028004080B500AF22
:101560004FF40040FFF71EFE0CF004FF0420FFF7CD
:10157000D1FD00BF80BD000080B588B000AF0CF089
:10158000ABFC114A00214FF480700DF0B7F80F4BFF
:101590003B600F4B7B603B4619460E480BF064FDE9
:1015A0000D4BBB600D4BFB600D4B3B6140F23C5360
:1015B0007B6107F1080318460CF0D4FD0CF086FCA3
:1015C00000BF2037BD4680BDA1D0000834070320EE
:1015D000E5150008FD1500084C090320400803200C
:1015E000F801032080B483B000AF0346FB7100BF55
:1015F0000C37BD465DF8047B7047000080B588B0AD
:1016000000AF78607B685B680B33FB61FB691B880C
:101610009BB2A3F51243072B60D801A252F823F026
:10162000411600088316000891160008DD16000810
:10163000AD160008BD160008C5160008D51600082E
:1016400007F10C0318460BF061FC3B7B19467B7BD2
:101650001A46BB7B24480DF0BBFE3B7C1946234851
:101660000DF0B6FEBB7D1946FB7D1A463B7E204839
:101670000DF0AEFE1F480DF0ABFE786800F070F87C
:101680002DE01D480DF0A4FE786800F043F826E038
:101690001A480DF00DFFFB6902331968FB6902332C
:1016A0005B681A4616480DF093FE18E0FB6902339A
:1016B0001B68194613480DF08BFE10E012480DF020
:1016C00087FE0CE0FB6902331B6819460F480DF0DA
:1016D0007FFE04E00E480DF07BFE00E000BF00BF7F
:1016E0002037BD4680BD00BF0C1801083018010826
:1016F0004C1801086418010884180108A81801088A
:10170000F8180108201901085C190108801901085E
:10171000BC19010880B584B000AF78607B685B6855
:101720000B33FB60FB680233BB60BB681B78194658
:1017300008480DF04DFEBB681B78002B03D106480E
:101740000DF0B6FE03E005480DF0B2FE00BF103705
:10175000BD4680BDE0190108101A01084C1A0108A5
:1017600080B58AB000AF786007F1080300221A60E4
:101770005A609A60DA6000237B6200233B627B68D8
:101780005B680B33FB61FB690233BB61BB691B7890
:10179000002B28D11D480DF08BFEFFF7DFFB0F2338
:1017A0003B727F23BB72FFF781FD7862796A18482C
:1017B0000DF00EFE7B6A9BB2BB82FFF769FD3862BB
:1017C000396A14480DF004FE3B6A9BB2FB8207F1B4
:1017D000080318460BF084FB02F0F2F90021012007
:1017E0000CF0DAFD0EE0BB691B78012B06D10A482C
:1017F0000DF0EEFD7B6800221A7003E007480DF043
:10180000E7FD00BF2837BD4680BD00BF841A010830
:10181000A01A0108C41A0108E41A0108181B0108DB
:1018200080B500AF002003F0A5FE012003F0A2FE6A
:10183000022003F09FFE012003F0D6FE00BF80BD12
:1018400080B500AF0121002003F002FF012101203B
:1018500003F0FEFE0121022003F0FAFE00BF80BD6E
:1018600080B584B000AF786004F046F8B8607B685B
:10187000FB60FB68B3F1FF3F0AD004F055F8034664
:101880001A46FB681344FB6002E0FFF77FFD30BFA0
:1018900004F032F80246BB68D31AFA689A42F4D8C8
:1018A00000BF00BF1037BD4680BD80B500AF4FF010
:1018B000FF300CF0A1FD00BF80BD80B400AF00BFC1
:1018C000BD465DF8047B704780B582B000AF78609C
:1018D00000214FF480700CF033FF00BF0837BD4685
:1018E00080BD80B582B000AF786002200CF094FF1C
:1018F00000BF0837BD4680BD80B582B000AF7860BC
:1019000002200CF0A9FF00BF0837BD4680BD80B59E
:1019100082B000AF0346FB80FB88102B06D0102B53
:101920000DDC012B05D0022B06D008E002F0E0FA16
:1019300006E002F009FB03E002F00DFB00E000BF4F
:1019400000BF0837BD4680BD80B500AF034B012204
:101950000349002000F096FE00BF80BD6519000815
:101960007802002080B500AF154B1B88FF2B1ED8D6
:10197000144B1B780D2B0FD1134914480DF028FD83
:1019800000F028F80E4B00221A804FF480720021DC
:101990000D480DF0A1FE0AE0094B1B885A1C91B2BC
:1019A000074A11801A46074B1978074B9954084B80
:1019B00001220449002000F065FE00BF80BD00BF89
:1019C0008003002078020020800200204C1B0108C8
:1019D0006519000880B500AF1C491D48FEF7D0FB13
:1019E0000346002B09D11B480DF062FD1A4B1B4A20
:1019F0001A60194804F07CFC26E019491448FEF7E7
:101A0000BFFB0346002B0AD116480DF051FD124BC7
:101A10004FF0B0521A60104804F06AFC14E012490A
:101A20000B48FEF7ADFB0346002B09D10F480DF024
:101A30003FFD094B0E4A1A60074804F059FC03E0C9
:101A400003490C480DF0C4FC00BF80BD5C1B0108BD
:101A500080020020601B01087002002004000016B4
:101A6000681B01086C1B0108741B0108781B010826
:101A700001000016801B010880B483B000AF7860BD
:101A8000064BD3F8802005497B681343C1F88030AA
:101A900000BF0C37BD465DF8047B70470008005856
:101AA00080B483B000AF7860054B1A6804497B6846
:101AB00013430B6000BF0C37BD465DF8047B7047D5
:101AC0000008005880B483B000AF0D4B9B6A9BB2F6
:101AD0007B600B4B9B6A9BB23B6005E03B687B6085
:101AE000074B9B6A9BB23B607A683B689A42F5D190
:101AF0003B6818460C37BD465DF8047B704700BF55
:101B00000028004080B485B000AF03460A46FB7150
:101B10001346BB71BA791D4913465B001344DB00C1
:101B20000B4415331B78FB73FB7B062B09D0FA7B28
:101B3000164913465B001344DB000B441433FA7957
:101B40001A70FA79114913465B001344DB000B4409
:101B50001533FA7B1A70FA790C4913465B0013446B
:101B6000DB000B441433BA791A70BA79074913466B
:101B70005B001344DB000B441533FA791A7000BF85
:101B80001437BD465DF8047B704700BF8403002016
:101B900080B485B000AF03460A46FB711346BB71A3
:101BA000294B1B78DBB2BA799A4232D0BA792749ED
:101BB00013465B001344DB000B4414331B78FB73A8
:101BC000FA7B224913465B001344DB000B441533B8
:101BD000FA791A70FA791D4913465B001344DB0049
:101BE0000B441533BA791A70FA79184913465B0019
:101BF0001344DB000B441433FA7B1A70BA7913498F
:101C000013465B001344DB000B441433FA791A705B
:101C100014E0FA790D4913465B001344DB000B44D2
:101C20001533BA791A70BA79084913465B00134420
:101C3000DB000B441433FA791A7000BF1437BD4629
:101C40005DF8047B704700BF14040020840300206B
:101C500080B584B000AF0346FB714E4B1B78DBB2FE
:101C6000062B18D14B4B1B78DAB24B4B1A70494AF2
:101C7000FB791370FA79494913465B001344DB0082
:101C80000B44153306221A70454B4FF0FF321A6091
:101C90000023FB8178E000F009F90346FB81FA7923
:101CA0003E4913465B001344DB000B4408331968BC
:101CB000FB89FA791944394813465B001344DB0069
:101CC000034408331960FA79344913465B0013441E
:101CD000DB000B4408331B68BB602E4B1B78DBB268
:101CE00019462E4A0B465B000B44DB0013440833B5
:101CF0001B68BA689A4237D3264B1B787B737A7B72
:101D0000264913465B001344DB000B4415331B7854
:101D10003B7313E07A7B214913465B001344DB00DD
:101D20000B4415331B787B737A7B1C4913465B008D
:101D30001344DB000B4415331B783B733B7B062BB2
:101D40000BD03A7B154913465B001344DB000B4470
:101D500008331B68BA689A42DCD27A7BFB79114659
:101D60001846FFF7CFFE0FE00A4B1B78DAB2FB797B
:101D700011461846FFF70CFF064B1B78DAB2064BEC
:101D80001A70044AFB791370FB8918461037BD4658
:101D900080BD00BF1404002015040020840300202F
:101DA0001804002080B485B000AF03460A46FB71DA
:101DB0001346BB71394B1B78DBB2FA799A4211D1C9
:101DC000364B1B78DAB2364B1A70FA79354913461E
:101DD0005B001344DB000B4415331B78DAB22F4B46
:101DE0001A703EE0FA792F4913465B001344DB007A
:101DF0000B4414331B78FB73FA792A4913465B00B2
:101E00001344DB000B4415331B78BB73F979FA7B61
:101E100024480B465B000B44DB00034415331B785E
:101E2000D8B2204913465B001344DB000B44153342
:101E300002461A70BB7B062B13D0F979BA7B19487E
:101E40000B465B000B44DB00034414331B78D8B211
:101E5000144913465B001344DB000B441433024661
:101E60001A70FA790F4913465B001344DB000B44E8
:101E70000C3301221A70094B1B78DBB2062B07D1F9
:101E8000BB79002B04D1084B4FF0FF321A6000BF22
:101E900000BF1437BD465DF8047B70471404002072
:101EA00015040020840300201804002080B582B0AF
:101EB00000AF1A4B1B68B3F1FF3F26D0FFF702FEBD
:101EC0007860164B1B687A689A4205D8134B1A68DB
:101ED0007B68D31A7B600AE0114B1B881A467B682B
:101EE000D31A3B600D4B1B683A6813447B600D4B63
:101EF0001B781A467B6802FB03F37B600A4B1B7856
:101F00001A467B68D3407B6001E000237B607B68DE
:101F10009BB218460837BD4680BD00BF180400209C
:101F2000200400201E0400201D04002080B582B083
:101F300000AF0346FB80FB88002B08D1FFF7C2FDF2
:101F40000346214A1360032003F083FE39E0FB8837
:101F5000012B03D81D4B1B78012B02D0FB88013BC2
:101F6000FB8000BF1A4B1B68DB6803F00403002BE7
:101F7000F8D0174B1B68DB68DAB2154B1B6862F4AC
:101F80009062DA60134B4FF40022DA60032003F012
:101F90006EFE114B5B691B0C1B04FA880E49134340
:101FA0004B61FFF78FFD0346074A1360084B1B6820
:101FB0009A68074B1B6842F480629A60AFF3008016
:101FC00000BF0837BD4680BD180400201D04002056
:101FD000BC040020000800580028004080B584B0F0
:101FE00000AF454B9B6803F48063B3F5806F07D166
:101FF00000BF424B1B68DB6803F00403002BF8D1E1
:102000003E4B1B689A683D4B1B6822F480629A60C5
:102010003B4B1B78FB73FA7B3A4913465B00134436
:10202000DB000B4408331B68BB60FFF73FFF034630
:10203000FB80FB88BA689A4205D20023BB81324BF1
:1020400001221A704DE0FB88304A128892B2134484
:102050001A46BB68934206D92C4B1B88BB812A4B7E
:1020600000221A703DE0BB689AB2FB88D31ABB818C
:10207000254B01221A7034E0FA7B224913465B009B
:102080001344DB000B4408331A68FB889A420AD2D7
:10209000FA7B1C4913465B001344DB000B440833F6
:1020A00000221A6013E0FA7B164913465B001344C2
:1020B000DB000B4408331968FB88FA7BC91A114806
:1020C00013465B001344DB00034408331960FA7BBA
:1020D0000C4913465B001344DB000B4415331B789B
:1020E000FB73FB7B062BC7D1BB891846FFF71EFF8E
:1020F00000BF1037BD4680BD00280040BC04002052
:1021000014040020840300201C040020220400206A
:1021100080B58AB000AFEFF310837B617B697B628F
:1021200072B600BF594B1B68CA225A62574B1B68D4
:1021300053225A62554B1B689A68544B1B6822F411
:1021400080629A60524B1B7887F8233097F82320DF
:10215000504913465B001344DB000B440C331B78DF
:10216000DBB2022B6ED197F823204A4913465B005D
:102170001344DB000B441B68FB6197F8232045499F
:1021800013465B001344DB000B4410331B68BB6138
:10219000414B1B78DBB2002B4CD097F823203D49F4
:1021A00013465B001344DB000B440D331B78DBB29A
:1021B000012B24D197F8233001211846FFF7F2FDB7
:1021C0007B6A3B613B6983F3108800BF97F823204B
:1021D000304913465B001344DB000B4404331A6898
:1021E00097F823301146184600F0B8F9274B1B68C2
:1021F000CA225A62254B1B6853225A6212E07B6A3C
:10220000FB60FB6883F3108800BF97F82330184603
:1022100000F020F91D4B1B68CA225A621B4B1B6839
:1022200053225A6297F82330FA691946B86900F0C8
:102230001BFA22E0FFF7D2FE7B6ABB60BB6883F328
:1022400010881AE000BF114B1B68DB6803F0040321
:10225000002BF8D00D4B1B68DB68DAB20B4B1B6808
:1022600062F49062DA600D4B4FF40022DA607B6A10
:102270007B607B6883F3108800BF044B1B68FF22E0
:102280005A6200BF2837BD4680BD00BFBC04002095
:1022900014040020840300201C04002000080058BF
:1022A00080B588B000AF03463960FB715E4B1B6898
:1022B000CA225A625C4B1B6853225A625B4B9B6872
:1022C0005A4A43F020039360584B9B68DBB203F0FB
:1022D0000703DBB2C3F10403DAB2554B1A70534B58
:1022E0001B6903F4FE034FF4FE023A613A6992FA65
:1022F000A2F2FA60FA687A617A69002A01D1202292
:1023000003E07A69B2FA82F2D2B2D340DBB201338F
:10231000DAB2484B1A70454B1B699BB2C3F30E03EC
:102320009BB201339AB2444B1A80434B1B88013B4A
:10233000404A127802FB03F3A3F5A0733C4A1278DB
:10234000D340BB61BB694FF6FE72934204D93B4B4D
:102350004FF6FF721A8003E0BB699AB2374B1A80BE
:102360004FF40020FFF79CFB4FF40020FFF784FBA5
:10237000FB79002B3DD1324B01221A70314B4FF0CB
:10238000FF321A600023FB770CE0FA7F2E491346D8
:102390005B001344DB000B440C3300221A70FB7FFC
:1023A0000133FB77FB7F052BEFD9284B06221A70F0
:1023B0001D4B1B689A681C4B1B6822F480629A6054
:1023C000194B1B68DB68DAB2174B1B6862F490622A
:1023D000DA601F4B4FF40022DA60032003F047FC61
:1023E000114B1B689A68104B1B6842F480429A603C
:1023F00009E00D4B1B68DB6803F48063002B02D0FF
:10240000032003F026FC084B1B68FF225A620022BF
:102410000321032003F0DBFB032003F0F2FB00BFEA
:102420002037BD4680BD00BFBC040020002800400E
:102430001D0400201E04002020040020220400208F
:102440001C04002018040020840300201404002031
:102450000008005880B586B000AF0346FB71EFF36B
:102460001083FB60FB687B6172B600BF032003F042
:10247000D6FB344B1B68CA225A62324B1B6853226C
:102480005A62FA79304913465B001344DB000B446F
:102490000C331B78DBB2022B42D1FB7900211846AA
:1024A000FFF780FC294B1B78FB74FB7C062B2FD19C
:1024B000274B9B6803F48063B3F5806F07D100BF9F
:1024C000204B1B68DB6803F00403002BF8D11D4B85
:1024D0001B689A681B4B1B6822F480629A6000BFDD
:1024E000184B1B68DB6803F00403002BF8D0154B76
:1024F0001B68DB68DAB2134B1B6862F49062DA6027
:10250000144B4FF40022DA60032003F0B0FB07E025
:10251000114B1B78DBB2FA7C9A4201D0FFF75EFDCB
:10252000084B1B68FF225A62032003F06AFB7B6999
:10253000BB60BB6883F3108800BF00BF1837BD467F
:1025400080BD00BFBC0400208403002014040020D0
:1025500000280040000800581504002080B586B00F
:1025600000AF03463960FB71FA793B4913465B00C3
:102570001344DB000B440C331B78DBB2022B03D17A
:10258000FB791846FFF766FFEFF31083FB60FB68EB
:102590007B6172B600BF032003F041FB2F4B1B6829
:1025A000CA225A622D4B1B6853225A62FA792A4971
:1025B00013465B001344DB000B440C3302221A70F9
:1025C000FA79254913465B001344DB000B440833BA
:1025D0003A681A60FA79204913465B001344DB001D
:1025E0000B4404333A681A60FB791846FFF730FB56
:1025F00003467B821A4B1B787B741A4B1B78DBB229
:102600007A7C9A4202D0FFF7E9FC13E0FA7912498A
:1026100013465B001344DB000B44083319687B8AC4
:10262000FA79C91A0C4813465B001344DB000344D3
:1026300008331960094B1B68FF225A62032003F01C
:10264000E0FA7B69BB60BB6883F3108800BF00BF02
:102650001837BD4680BD00BF84030020BC040020A5
:10266000140400201504002080B584B000AFF86089
:102670000B467A60FB727B68984700BF1037BD46F7
:1026800080BD000080B584B000AFB9607B600346B8
:10269000FB731346BB81FB7B002B0CD1084A7B6884
:1026A0001360084B084A1A60BB891A46B968054886
:1026B00007F07EF900E000BF00BF1037BD4680BDC7
:1026C00024040020900500200038014080B586B029
:1026D00000AFB9607B600346FB731346BB810023E8
:1026E000FB750023BB75FB7B002B0ED1174A7B6863
:1026F0001360174B174A1A60BB891A46B968144809
:1027000007F0A2F90346FB7500E000BFFB7D032B39
:1027100016D801A252F823F0292700082F27000815
:10272000352700083B2700080023BB7509E001237B
:10273000BB7506E00223BB7503E00323BB7500E015
:1027400000BFBB7D18461837BD4680BD2804002059
:10275000900500200038014080B582B000AF78605D
:102760007B681B681A46094B9A4207D1084B1B68C5
:10277000002B05D0064B1B68984701E000BF00E026
:1027800000BF00BF0837BD4680BD00BF0038014014
:102790002404002080B582B000AF78607B681B689D
:1027A0001A46094B9A4207D1084B1B68002B05D0EB
:1027B000064B1B68984701E000BF00E000BF00BF68
:1027C0000837BD4680BD00BF003801402804002006
:1027D00080B483B000AF78604FF0B043D3F890304E
:1027E00023F018024FF0B0417B681343C1F89030DA
:1027F00000BF0C37BD465DF8047B704780B485B0E0
:1028000000AF78604FF0B0439A6C4FF0B0417B68F6
:1028100013438B644FF0B0439A6C7B681340FB60AA
:10282000FB6800BF1437BD465DF8047B704780B479
:1028300085B000AF78604FF0B043DA6C4FF0B04134
:102840007B681343CB644FF0B043DA6C7B68134072
:10285000FB60FB6800BF1437BD465DF8047B704722
:1028600080B584B000AF02F0D9FFFEF7CFFD00F0D5
:1028700073F800F0CDF800F02BF900F073FA00F0D7
:102880005FFA00F041F900F0E3F800F0AFF900F072
:102890006FF900F031F900F087FB00F0A8FD00218E
:1028A000002000F0EBFC01222749284800F07AFDC7
:1028B00000F03EFCFEF7B8FD0023FB6041F28833D8
:1028C0007B600023FB72FEF7F0FF214801F0FEFD64
:1028D000FB7A002B04D103F00FF8F8600123FB72A0
:1028E0001B4B1B78002B0FD0FB7A002B0CD003F076
:1028F00003F80246FB68D31A7A689A4204D800F0BB
:1029000091FA0023FB721DE0114B1B78002BDAD1EA
:10291000FB7A002BD7D002F0EFFF0246FB68D31AF8
:102920007A689A42CFD800F062FD0021002000F0C2
:10293000A5FC01220449074800F034FD00F0F8FB33
:102940000023FB72BFE700BF08000020A01B0108A6
:1029500084060020B41B010880B59AB000AF07F1CF
:1029600020034822002118460CF0B6FE3B1D002231
:102970001A605A609A60DA601A615A619A6104F0CA
:102980008DFC0020FFF724FF204B1B6823F4C0635D
:102990001E4A43F4007313601C4B1B6803F4C063AE
:1029A0003B603B6807233B624FF480337B6201232B
:1029B000BB624FF48073FB6240233B630023FB64E4
:1029C00007F12003184604F0FDFF0346002B01D059
:1029D00000F0E2FA6F237B600223BB600023FB6000
:1029E00000233B6100237B610023BB610023FB616B
:1029F0003B1D0121184605F059FB0346002B01D071
:102A000000F0CAFA00BF6837BD4680BD0004005818
:102A100080B594B000AF3B465022002118460CF020
:102A20005BFE4FF440533B604FF480437B640223D2
:102A3000BB641023FB643B46184605F074FF034655
:102A4000002B01D000F0A8FA00BF5037BD4680BD72
:102A500080B500AF1B4B1C4A1A601A4B1B4A5A60C8
:102A6000184B00229A60174B0122DA60154B0022A6
:102A70001A61144B00225A61124B00229A61114BC9
:102A80000022DA610F4B00221A620E4803F016FE94
:102A90000346002B01D000F07FFA0021094804F022
:102AA000DFFA0346002B01D000F076FA002105483A
:102AB00004F021FB0346002B01D000F06DFA00BFAB
:102AC00080BD00BF2C040020005400402F11600086
:102AD00080B500AF064B074A1A60054804F058FB62
:102AE0000346002B01D000F057FA00BF80BD00BFA5
:102AF00080040020000C005880B400AF00BFBD4629
:102B00005DF8047B7047000080B500AF164B174A94
:102B10001A60154B00225A60134B0F229A60124B19
:102B200047F6FF72DA60104B00221A610E4B00224A
:102B30009A610D4B0022DA610B4B00225A610A4860
:102B400006F078F90346002B01D000F025FA0022A8
:102B50000021054806F07AFA0346002B01D000F068
:102B60001BFA00BF80BD00BFBC040020002800404D
:102B700080B500AF1B4B1C4A1A601A4B4FF482728F
:102B80005A60184B00229A60164B4FF44072DA607C
:102B9000144B00221A61134B00225A61114B4FF45F
:102BA00080229A610F4B0022DA610E4B00221A62DA
:102BB0000C4B00225A620B4B00229A62094B0722EF
:102BC000DA62084B00221A63064B08225A63054852
:102BD00006F03EFB0346002B01D000F0DDF900BFFC
:102BE00080BD00BFE00400200030014080B588B007
:102BF00000AF07F10C0300221A605A609A60DA6095
:102C00001A613B4600221A605A609A60234B244A9C
:102C10001A60224B00225A60204B00229A601F4B00
:102C20004FF6FF72DA601D4B00221A611B4B002227
:102C30005A611A4B00229A61184806F0ACFB034611
:102C4000002B01D000F0A8F90723FB6070233B6143
:102C500000237B610023BB610023FB6107F10C03B0
:102C600019460E4806F0EEFB0346002B01D000F09B
:102C700093F900233B6000237B600023BB603B464D
:102C80001946064806F0C4FD0346002B01D000F0AB
:102C900083F900BF2037BD4680BD00BF440500203A
:102CA000002C014080B500AF234B244A1A60224B10
:102CB0004FF4E1325A60204B00229A601E4B0022F2
:102CC000DA601D4B00221A611B4B0C225A611A4B11
:102CD00000229A61184B4FF40042DA61164B002231
:102CE0001A62154B00225A62134B00229A62124854
:102CF00006F00EFE0346002B01D000F04DF9002136
:102D00000D4808F06EFE0346002B01D000F044F998
:102D10000021094808F0A3FE0346002B01D000F073
:102D20003BF9054808F024FE0346002B01D000F0D3
:102D300033F900BF80BD00BF90050020003801407E
:102D400080B500AF0420FFF759FD0220FFF756FDC4
:102D500000220F213A2002F03AFF3A2002F051FF00
:102D600000BF80BD80B586B000AF3B1D00221A6059
:102D70005A609A60DA601A610420FFF758FD022059
:102D8000FFF755FD0120FFF752FD00224FF40171BE
:102D90004FF0904003F03EFC00224021204803F019
:102DA00039FC4FF401737B600123BB600023FB609F
:102DB00000233B613B1D19464FF0904003F0BAFAE7
:102DC00008237B600223BB600023FB6003233B617D
:102DD00008237B613B1D19464FF0904003F0AAFA8F
:102DE0004FF480737B604FF48813BB600023FB605B
:102DF0003B1D19464FF0904003F09CFA40237B6046
:102E00000123BB600023FB6000233B613B1D19468F
:102E1000034803F08FFA00BF1837BD4680BD00BFDE
:102E20000008004880B584B002AF4D4BB3F90430C0
:102E300007EE903AB8EEE77ADFED4A6AC7EE267AF7
:102E40009FED497A67EE877A9FED487A77EEC77AE9
:102E5000C7ED007A424B5B8807EE903AB8EE677A8E
:102E6000DFED406AC7EE267A9FED417A67EE877AFA
:102E7000B1EE087A77EEC77AC7ED017AD7ED017A1D
:102E8000F5EEC07AF1EE10FA02D54FF000037B6048
:102E9000D7ED017A9FED377AF4EEC77AF1EE10FAAA
:102EA00001DD354B7B603868FDF736FB02460B468B
:102EB000CDE90023314A182131480CF001FB00F024
:102EC00096FA0021002000F0D9F901222D492E4860
:102ED00000F068FA0E21002000F0D0F90122294903
:102EE000274800F05FFA7868FDF716FB02460B46AC
:102EF000CDE90023254A182121480CF0E1FA1B21D5
:102F0000002000F0BBF901221E491D4800F04AFADA
:102F1000134BB3F904301E4A182119480CF0D0FAAB
:102F20002821002000F0AAF901221649144800F0D7
:102F300039FA0B4B5B88174A182111480CF0C0FA7C
:102F40003521002000F09AF901220E490C4800F0CA
:102F500029FA00F0EDF800BF0837BD4680BD00BF7C
:102F60008406002000FF7F4700002F43000034420A
:102F70000000FA420000C8420000C842C41B010819
:102F80009406002008000020D41B0108E41B01085F
:102F9000F41B0108001C010880B400AF00BFBD464F
:102FA0005DF8047B7047000080B582B000AF00F090
:102FB00027FA44F62063012278215B4803F032FDB2
:102FC0000346002B01D00023A9E040F6C4137B6028
:102FD00002E07B68013B7B607B68002BF9D1AE226D
:102FE0000021782000F088FA20220021782000F0CB
:102FF00083FA10220021782000F07EFAB02200210E
:10300000782000F079FAC0220021782000F074FACC
:1030100000220021782000F06FFA10220021782091
:1030200000F06AFA40220021782000F065FA81223F
:103030000021782000F060FAFF220021782000F0C3
:103040005BFAA0220021782000F056FAA622002187
:10305000782000F051FAA8220021782000F04CFAE4
:103060003F220021782000F047FAA4220021782096
:1030700000F042FAD3220021782000F03DFA00222D
:103080000021782000F038FAD5220021782000F0C5
:1030900033FAF0220021782000F02EFAD922002104
:1030A000782000F029FA22220021782000F024FA6A
:1030B000DA220021782000F01FFA12220021782065
:1030C00000F01AFADB220021782000F015FA202205
:1030D0000021782000F010FA8D220021782000F0E5
:1030E0000BFA14220021782000F006FAAF2200210A
:1030F000782000F001FA2E220021782000F0FCF95F
:10310000002000F043F800F013F8084B00221A806A
:10311000064B00225A80054B01225A7101231846A2
:103120000837BD4680BD00BF2C040020AC0A00203B
:1031300080B582B000AF0023FB711DE0FB79503BEE
:10314000DBB21A460021782000F0D6F900220021D7
:10315000782000F0D1F910220021782000F0CCF97D
:10316000FB79DB01084A1A4480234021782000F0D3
:103170005DF9FB790133FB71FB79072BDED900BFC9
:1031800000BF0837BD4680BDAC06002080B582B0C8
:1031900000AF0346FB71FB79002B01D1002300E057
:1031A000FF234FF48062194603480CF095FA00BFE4
:1031B0000837BD4680BD00BFAC06002080B483B098
:1031C00000AF0346FB800B46BB801346FB70FB88B9
:1031D0007F2B48D8BB883F2B45D8264B1B79002B2B
:1031E00006D0FB78002B0CBF01230023DBB2FB7061
:1031F000FB78012B1AD1FA88BB88DB0898B203460A
:10320000DB0113441C4AD35C5AB2BB8803F00703AA
:10321000012101FA03F35BB2134359B2FA88034662
:10322000DB011344C9B2144AD1541DE0FA88BB88AB
:10323000DB0898B20346DB0113440F4AD35C5AB251
:10324000BB8803F00703012101FA03F35BB2DB4300
:103250005BB2134059B2FA880346DB011344C9B28A
:10326000054AD15400E000BF0C37BD465DF8047B31
:10327000704700BFAC0A0020AC06002080B483B0C9
:1032800000AF03460A46FB801346BB80054AFB8815
:103290001380044ABB88538000BF0C37BD465DF8DD
:1032A000047B7047AC0A002080B586B000AF0346AF
:1032B0003960FB711346BB71394B1B881A463B685A
:1032C0001B7813447F2B07DC354B5B881A463B6821
:1032D0005B7813443F2B01DD00235DE000237B611D
:1032E0004BE03B685A68FB79203B3968497801FB21
:1032F00003F319467B690B445B0013441B88FB6096
:1033000000233B6130E0FA683B6902FA03F303F4FF
:103310000043002B10D0224B1A883B699BB2134408
:1033200098B21F4B5A887B699BB213449BB2BA79FF
:103330001946FFF743FF14E0194B1A883B699BB20B
:10334000134498B2164B5A887B699BB2134499B2C6
:10335000BB79002B0CBF01230023DBB21A46FFF719
:103360002DFF3B6901333B613B681B781A463B6983
:103370009342C8D37B6901337B613B685B781A4613
:103380007B699342ADD3064B1B883A68127813448D
:103390009AB2034B1A80FB7918461837BD4680BD98
:1033A000AC0A002080B584B000AFF860B960134665
:1033B000FB7112E0FB681B78FA79B9681846FFF7D1
:1033C00073FF03461A46FB681B789A4202D0FB68DB
:1033D0001B7808E0FB680133FB60FB681B78002B5F
:1033E000E8D1FB681B7818461037BD4680BD80B514
:1033F00000AF0020FFF7CAFEFFF79AFE00BF80BDB6
:1034000080B483B000AF084B7B6002E07B68013B77
:103410007B607B68002BF9D100BF00BF0C37BD4635
:103420005DF8047B704700BF90D0030090B5C7B033
:1034300002AF0446084607F58871A1F588710A6055
:10344000194607F58873A3F2091322461A7007F587
:103450008873A3F5857302461A7007F58873A3F580
:1034600086730A461A8007F58873A3F5827307F5F9
:103470008872A2F5857212781A70002387F80F31CE
:1034800015E097F80F3107F58872A2F58872126877
:103490001A4497F80F310133117807F58872A2F5B5
:1034A0008272D15497F80F31013387F80F3197F8B2
:1034B0000F319BB207F58872A2F5867212889A4284
:1034C000DFD807F58873A3F209131B7899B207F5C3
:1034D0008873A3F586731B8801339BB207F10C0236
:1034E0000A200090034803F085F900BF07F58A77AA
:1034F000BD4690BD2C04002080B586B002AF0346C7
:10350000FB710B46BB7113467B71BB793B737B79B7
:103510007B73FB7999B207F10C020A230093022313
:10352000034803F067F900BF1037BD4680BD00BFF8
:103530002C04002080B400AF4FF0B043D3F890309B
:103540004FF0B04243F40043C2F8903000BFBD4694
:103550005DF8047B704780B485B000AF78604FF0B1
:10356000B043DA6C4FF0B0417B681343CB644FF04B
:10357000B043DA6C7B681340FB60FB6800BF143714
:10358000BD465DF8047B704780B485B000AF7860BD
:103590004FF0B0431A6D4FF0B0417B6813430B6599
:1035A0004FF0B0431A6D7B681340FB60FB6800BFAF
:1035B0001437BD465DF8047B704780B485B000AF1A
:1035C00078604FF0B0439A6D4FF0B0417B68134381
:1035D0008B654FF0B0439A6D7B681340FB60FB68CE
:1035E00000BF1437BD465DF8047B704780B485B0DA
:1035F00000AF78604FF0B0431A6E4FF0B0417B6877
:1036000013430B664FF0B0431A6E7B681340FB60A8
:10361000FB6800BF1437BD465DF8047B704780B57A
:1036200000AF4FF40020FFF7AFFF002200212E2053
:1036300002F0CDFA2E2002F0E4FA00BF80BD0000B7
:1036400080B59CB000AF786007F15C0300221A607F
:103650005A609A60DA601A6107F10C035022002167
:1036600018460CF039F87B681B68174A934226D13C
:103670000423FB604FF44033FB6207F10C03184650
:1036800005F051F90346002B01D0FFF785FC02201D
:10369000FFF761FF4FF44073FB6512233B66002385
:1036A0007B660023BB660423FB6607F15C031946B7
:1036B000064802F03FFE4FF40010FFF77EFF00BF08
:1036C0007037BD4680BD00BF005400400004004874
:1036D00080B582B000AF78607B681B680D4A93426A
:1036E00013D14FF48010FFF74FFF002200212C2050
:1036F00002F06DFA2C2002F084FA002200212D2025
:1037000002F065FA2D2002F07CFA00BF0837BD46B2
:1037100080BD00BF000C005880B596B000AF786047
:1037200007F108035022002118460BF0D5FF7B68F3
:103730001B68144A934220D14FF40063BB604FF4DE
:103740008073BB6407F10803184605F0ECF80346E4
:10375000002B01D0FFF720FCFFF7ECFE4FF4806058
:10376000FFF72BFF00220021032002F030FA032094
:1037700002F047FA786805F035FD00BF5837BD46BE
:1037800080BD00BF0028004080B588B000AF7860E1
:1037900007F10C0300221A605A609A60DA601A611D
:1037A0007B681B680F4A934217D14FF48050FFF794
:1037B0001DFF0120FFF7CFFEF023FB6002233B61DA
:1037C00000237B610023BB610523FB6107F10C0330
:1037D00019464FF0904002F0ADFD00BF2037BD46C6
:1037E00080BD00BF0030014080B588B000AF786078
:1037F00007F10C0300221A605A609A60DA601A61BD
:103800007B681B680F4A934218D14FF40060FFF7A2
:10381000EDFE0120FFF79FFE4FF48053FB60022373
:103820003B6100237B610023BB610123FB6107F146
:103830000C0319464FF0904002F07CFD00BF20378A
:10384000BD4680BD002C014080B59CB000AF7860C3
:1038500007F15C0300221A605A609A60DA601A610C
:1038600007F10C035022002118460BF035FF7B684E
:103870001B682E4A934255D10123FB6000237B62D3
:1038800007F10C03184605F04EF80346002B01D053
:10389000FFF782FB4FF48040FFF7A8FE0220FFF7FE
:1038A0005AFEC023FB6502233B6601237B6603238C
:1038B000BB660723FB6607F15C0319461C4802F050
:1038C00039FD1C4B1C4A1A601A4B0F225A60194BC7
:1038D00010229A60174B0022DA60164B80221A6180
:1038E000144B00225A61134B00229A61114B0022A3
:1038F000DA61104B00221A620E4802F0C7F9034643
:10390000002B01D0FFF748FB7B680A4ADA67094AB7
:103910007B68936200220021242002F058F92420C1
:1039200002F06FF900BF7037BD4680BD003801401E
:1039300000040048240600204404024080B400AF84
:1039400000BFBD465DF8047B704780B400AF00BF88
:10395000FDE780B400AF00BFFDE780B400AF00BF5B
:10396000FDE780B400AF00BFFDE780B400AF00BF4B
:10397000BD465DF8047B704780B400AF00BFBD4614
:103980005DF8047B704780B400AF00BFBD465DF8B2
:10399000047B704780B500AF01F09AFF00BF80BD87
:1039A00080B500AFFEF7B4FB00BF80BD80B500AFAF
:1039B000024806F0C9F800BF80BD00BF9005002096
:1039C00080B500AF01F0CCFB00BF80BD80B500AF7B
:1039D00001F0FCFB00BF80BD80B500AF02F04AFEE5
:1039E00000BF80BD80B500AF024802F030FB00BFD1
:1039F00080BD00BF2406002080B500AF102002F07B
:103A000021FE00BF80BD80B500AF012002F01AFE8C
:103A100000BF80BD80B500AF022002F013FE00BFE2
:103A200080BD80B400AF01231846BD465DF8047B1D
:103A3000704780B582B000AF786039600BF09EFEB1
:103A4000034616221A604FF0FF3318460837BD466A
:103A500080BD80B582B000AF78604FF0FF317868EC
:103A6000FFF7E7FF00BFFDE780B586B000AFF86065
:103A7000B9607A6000237B610AE0AFF30080014601
:103A8000BB685A1CBA60CAB21A707B6901337B6189
:103A90007A697B689A42F0DB7B6818461837BD4626
:103AA00080BD80B483B000AF78604FF0FF3318461C
:103AB0000C37BD465DF8047B704780B483B000AF1F
:103AC000786039603B684FF400525A600023184612
:103AD0000C37BD465DF8047B704780B483B000AFFF
:103AE0007860012318460C37BD465DF8047B7047AB
:103AF00080B485B000AFF860B9607A6000231846E2
:103B00001437BD465DF8047B7047000080B586B071
:103B100000AF7860144A154BD31A7B617B693B6117
:103B2000134B1B68002B02D1114B124A1A60104B29
:103B30001A687B6813443A699A4207D20BF01EFE5A
:103B400003460C221A604FF0FF3309E0084B1B6854
:103B5000FB60074B1A687B681344054A1360FB68D7
:103B600018461837BD4680BD000003200010000035
:103B7000B40A0020001E002080B400AF034B1B6875
:103B80001846BD465DF8047B704700BF8075FF1F77
:103B900080B400AF034B1B68DBB21846BD465DF82E
:103BA000047B70478475FF1F80B400AF034B1B6814
:103BB0001B0A1846BD465DF8047B70478475FF1FDD
:103BC00080B592B000AF3B1D4322002118460BF098
:103BD00083FD44233B8308237B834FF4A863BB838B
:103BE0000223BB770123FB77122387F82030292398
:103BF00087F821309C237B844FF4FA73BB844FF009
:103C0000FF33BB624FF4A473BB85012387F82E30CA
:103C1000202387F83130D82387F83230062387F8FD
:103C20003330032387F8353040F27263FB860D236F
:103C300087F83C30042387F83E3000F093F90121E7
:103C400002200AF0A9FB174A002110200AF056FDB5
:103C50003B1D184609F016F9034687F8473097F8D8
:103C60004730002B08D097F8473019460E480BF024
:103C7000AFFBFFF791F902E00C480BF0A9FB00F055
:103C800087F90AF061F80A4A002101200AF036FD9E
:103C9000084B002283F8742000F0A8FC00BF4837CE
:103CA000BD4680BDF5CA00080C1C0108441C010873
:103CB00069420008CC0A002080B58CB000AF786063
:103CC0007B680133BB62BB6A02337B620023FB6209
:103CD000BB6A1B78FF2B07D0FF2B00F3D480052B8A
:103CE00026D03E2B42D0CEE06B4B01221A70BB6A2D
:103CF00002333B623B6A1B889BB21A4640F2074381
:103D00009A4213D1654B1B78DBB2002B07D0644875
:103D10000BF0CEFB002101200AF012FD02E0614809
:103D20000BF0C6FB3B6A0233FB6100E000BFADE075
:103D30007B6AB3F801309AB25B4B9B899A4240F0A0
:103D4000A480594B00229A81574B002283F874209B
:103D500056480BF03DFB504B01221A70524B9A898A
:103D60004D4B5A804C4800F087FC8EE0BB6A023312
:103D7000BB61BB691B78012B00F08380022B00D054
:103D800080E0BB6901337B617B695B78FB747B6995
:103D90005B7ABB747B6909330133FB600023FB62F0
:103DA0006AE0FB6AFA6813441B78FB72FB6A013312
:103DB000FA6813441B78BB72BB7AFF2B0AD0FF2B27
:103DC0004EDC162B40D0162B4ADC012B4AD00A2B96
:103DD0004AD045E0FB7A062B48D9FB6A0233FA68E1
:103DE00013441B78012B41D131480BF0F1FAFB6AE7
:103DF0000333FA6813441B78832B23D12D480BF02F
:103E0000E7FA294B012283F876207B699A782A4BBE
:103E10001A707B69DA78294B1A707B691A79274BFB
:103E20005A707B695A79254B9A707B699A79234B32
:103E3000DA707B69DA79214B1A717B691A7A1F4B28
:103E40005A7100E000BF11E0FB6A0233FA681A44BD
:103E5000FB7A013BDBB21946104600F079FA06E026
:103E600000BF04E000BF02E000BF00E000BFFB7A3B
:103E70000133FA6A1344FB62BB7CFA6A9A4290DB14
:103E800000E000BF02E000BF00E000BF01231846D1
:103E90003037BD4680BD00BFC80A0020540B00204B
:103EA0006C1C0108A01C0108CC0A0020C41C0108DD
:103EB000F01C0108101D0108C60A0020C00A0020DD
:103EC00080B483B000AF0346FB80084B9B89FA881F
:103ED0009A4203D1054B93F8743000E00023184652
:103EE0000C37BD465DF8047B704700BFCC0A00204C
:103EF00080B500AF114B1B78DBB283F00103DAB25F
:103F00000E4B1A700D4B1B78DBB2002B0AD00C48FD
:103F10000BF0CEFA002101200AF012FC002001F083
:103F200063FB08E007480BF0C3FA022008F0A1F891
:103F3000002001F073FB00BF80BD00BF540B0020C8
:103F4000341D0108501D010880B400AF00BFBD46FC
:103F50005DF8047B704780B400AF00BFBD465DF8DC
:103F6000047B704780B582B000AF064B3B60064BC8
:103F70007B603B461946054808F0A0FD00BF0837A6
:103F8000BD4680BD28000320B54500087D450008DA
:103F9000B0B58CB006AF00233B809223FB759748E9
:103FA0000BF086FA08F0B0FC0346FB75FB7D002B96
:103FB00005D0FB7D194692480BF00AFA02E09148C1
:103FC0000BF076FA00F080F938613A69062100209A
:103FD00008F0AEFB0346FB75FB7D002B05D0FB7D97
:103FE000194689480BF0F4F921E088480BF060FA93
:103FF0003B6905331B7818463B6904331B781C4624
:104000003B6903331B781D463B6902331B781A4614
:104010003B6901331B7819463B691B780293019178
:1040200000922B462246014679480BF0D1F9794A95
:104030001021182008F07CFB0346FB75FB7D002B4C
:1040400005D0FB7D194674480BF0C2F902E07348B5
:104050000BF02EFA724A1021082008F069FB034683
:10406000FB75FB7D002B05D0FB7D19466D480BF0E1
:10407000AFF902E06C480BF01BFA1821012008F0A0
:10408000DCFB0346FB75FB7D002B05D0FB7D194651
:1040900066480BF09DF902E065480BF009FA08F05C
:1040A0003CF80346FB75FB7D002B05D0FB7D1946D4
:1040B00060480BF08DF902E05F480BF0F9F900233E
:1040C000FB73FB7B43F00403FB73FB7B002B2BD0C8
:1040D0005A4BBB60BA1DF87BBB1C01933B1D009380
:1040E00013460722002107F05FFE0346FB75FB7DA8
:1040F000002B05D0FB7D194651480BF069F902E011
:1041000050480BF0D5F9FC88BD88B868FCF798F8E2
:104110000346DAB2BB6800931346002229462046C4
:1041200008F020F80346FB75F88879883B46009331
:104130000223002208F016F80346FB75424B0122C9
:104140001A70414B1B78184607F016FD0346FB75A5
:10415000FB7D002B05D0FB7D19463C480BF038F960
:1041600002E03B480BF0A4F9374B01225A70364B62
:104170000822DA70344B10221A71334B01229A70E4
:10418000314B9878304B59782F4BDB782E4A127987
:1041900000240494002403940124029401920093C7
:1041A0000023012207F03CFD0346FB75FB7D002B3D
:1041B00005D0FB7D194627480BF00AF902E0264896
:1041C0000BF076F9204B9B78002B0FD007F099FE6F
:1041D0000346FB75FB7D002B05D0FB7D19461F4870
:1041E0000BF0F6F802E01E480BF062F91D480BF0E8
:1041F000EFF800BF1837BD46B0BD00BF6C1D010809
:10420000981D0108C81D0108E81D01084C1E010881
:10421000A01E01081C300108DC1E0108341F010823
:104220002C3001087C1F0108D41F01081C20010844
:104230005C2001088C200108C0200108E42001084E
:10424000EC2001081C210108CC0A00203C210108B7
:104250007C210108AC210108F82101083422010861
:1042600074220108A422010880B582B000AF114B6E
:104270001B78DBB2002B03D10F480BF019F916E0C5
:104280000E480BF015F9012300224FF448714FF44A
:10429000487007F05AFE0346FB71FB79002B03D1EF
:1042A00007480BF005F902E006480BF001F9083762
:1042B000BD4680BD540B0020D0220108F822010821
:1042C000202301083823010880B586B000AFFFF72E
:1042D00053FC38613B69B3F1FF3F23D0FFF764FC27
:1042E000B860FFF755FC78603B69DAB2164B1A707C
:1042F0003B691B0ADAB2144B5A707B68DAB2124B74
:104300009A70BB68DAB2104BDA70BB681B0ADAB27B
:104310000D4B1A71BB681B0CDAB20B4B5A710A4B6E
:104320007B610BE0002008F085FDF860FB68002B46
:1043300002D0FB687B6101E0044B7B617B6918461E
:104340001837BD4680BD00BFB80A002014300108F0
:1043500080B586B000AF78600B46FB707B68002BA1
:1043600000F09A80FB780F2B40F296807B681B78D8
:10437000AA2B40F093807B6801331B78FE2B40F022
:104380008D807B6802331B78202B40F089807B680E
:1043900004331B781BB21B021AB27B6805331B78EF
:1043A0001BB213431BB2FB827B6806331B781BB224
:1043B0001B021AB27B6807331B781BB213431BB274
:1043C000BB827B6808331B781A067B6809331B782D
:1043D0001B041A437B680A331B781B0213437A6859
:1043E0000B32127813433B617B680C331B781A063F
:1043F0007B680D331B781B041A437B680E331B78D4
:104400001B0213437A680F3212781343FB607B68F8
:10441000DA78254B5A70244AFB8A5380B7F9142066
:10442000214B9A80204A3B6993601F4AFB68D36006
:104430001D4B01221A701D480BF03AF87B680333BC
:104440001B7819461A480AF0C3FFFB8AFA8A1946F4
:1044500018480AF0BDFFBB8ABA8A194616480AF006
:10446000B7FF396915480AF0B3FFFB68144AA2FB8D
:104470000323D808F968124BA3FB0123DA0813467B
:104480009B0013445B00CA1A01460E480AF0A0FFC5
:104490000D480BF00DF804E000BF02E000BF00E0A3
:1044A00000BF1837BD4680BD440B002050230108D3
:1044B000782301088C230108A8230108C8230108D8
:1044C000CDCCCCCCE42301080824010880B483B00F
:1044D00000AF78607B68002B04D0154B1B78DBB2F3
:1044E000002B03D17B6800221A701BE0114B1B7854
:1044F000DAB27B681A700F4B5B78DAB27B685A705D
:104500000C4B5B889AB27B685A800A4B9B881AB224
:104510007B689A80074B9A687B689A60054BDA68DB
:104520007B68DA600C37BD465DF8047B704700BFDE
:10453000540B0020440B002080B582B000AF78609F
:10454000002110200AF0FCF800BF0837BD4680BDEE
:1045500080B582B000AF786001200AF05DF900BF3D
:104560000837BD4680BD80B582B000AF78600120BD
:104570000AF072F900BF0837BD4680BD80B584B02F
:1045800000AF78607B68FB60FB685B6808331846A7
:1045900009F02CFC0346FB72FB7A002B03D0FB686E
:1045A00001221A7003E0FB6800221A7000BF103766
:1045B000BD4680BD80B584B000AF0346FB71FB797A
:1045C000002B02D0012B06D00BE0FF23FB60F86824
:1045D0000AF0E2F805E0FF23FB60F8680AF0FCF857
:1045E00000BF00BF1037BD4680BD000080B582B05F
:1045F00000AF0023FB711A4A002104200AF07EF864
:10460000184A002120200AF079F8174B00221A706E
:10461000154B0022DA80144B00225A70124B0022F4
:104620009A70114B0122DA700F4B00221A7100238D
:10463000FB7108E0FB790D4A1B01134400221A703C
:10464000FB790133FB71FB79002BF3D0084809F0AB
:10465000B3FB08480AF02CFF00BF0837BD4680BDF9
:10466000B14D0008694D0008680B0020580B002070
:10467000E54600083024010880B584B000AF7860BA
:104680007B681B78002B02D0012B05D022E07B68D1
:104690005A88124BDA801DE00023FB730F4B002277
:1046A000DA8005E0FB7B0E4A1B01134400221A70DE
:1046B000FB7B002B06D1FB7B094A1B0113441B78B3
:1046C000002BEFD1002000F0A9FF002102200AF00A
:1046D00037F800BF00BF1037BD4680BD680B002013
:1046E000580B002080B594B000AF7860002387F8A5
:1046F00045307B6801333B643B6C1B78FF2B40F0FB
:10470000AD823B6C0233FB63FB6B1B889BB2A3F651
:1047100004430C2B00F2968201A252F823F000BF52
:104720004B4A0008454C000805490008454C000864
:10473000454C0008454C000855470008454C00080A
:10474000454C0008454C0008454C0008734B0008D8
:10475000EF4B0008FB6B02333B633B6B1A785B78D3
:104760001B021343FB85002387F84D302EE097F89A
:104770004D30B94A1B01134402331B881846FFF71A
:104780009FFB034687F82D3097F84D30B24A1B0146
:1047900013441B78062B14D197F82D30002B10D121
:1047A00097F84D30AC4A1B01134400221A7097F859
:1047B0004D30A94A1B01134402334FF6FF721A8091
:1047C00010E097F84D30013387F84D3097F84D30B1
:1047D000002B07D197F84D309F4A1B0113441B78DB
:1047E000002BC4D197F84D30002B40F02D8297F864
:1047F0004D30994A1B0113440233FA8D1A803B6BEA
:10480000DA783B6B9B78B2FBF3F387F82C303B6B89
:104810009B78142B40F01882102387F84E30002329
:1048200087F84F3067E097F84E303A6B13441B79A6
:10483000194697F84E303A6B1344043301331B7812
:104840001B029BB20B437B857B8D4FF640629342EC
:1048500047D197F84D30804A1B01134402331B881F
:1048600019467E480AF0B4FD97F84E30103B3A6B7B
:1048700013441B79194697F84E30103B3A6B13449A
:10488000043301331B781B029AB297F84D300A4368
:1048900091B2714A1B01134404330A461A8097F8F7
:1048A0004E300E3B3A6B13441B79194697F84E3045
:1048B0000E3B3A6B1344043301331B781B029AB24C
:1048C00097F84D300A4391B2634A1B0113440633F3
:1048D0000A461A8097F84D305F4A1B01134408229C
:1048E0001A7097F84E30063387F84E3097F84F30ED
:1048F000013387F84F3097F84F2097F82C309A42C1
:1049000091D3A1E1FB6B02337B62002387F84B302C
:1049100004E097F84B30013387F84B3097F84B3071
:10492000002B0BD197F84B304B4A1B011344023339
:104930001A887B6A1B889BB29A42EAD197F84B305F
:10494000002B40F08381112387F84C307B6A9B78E1
:10495000152B40F07B817B6ADB78013BDAB27B6A06
:10496000DA706DE097F84C307A6A13441B79194677
:1049700097F84C307A6A1344043301331B781B02D6
:104980009BB20B437B8497F84C300E3B7A6A1344FE
:104990001B79194697F84C300E3B7A6A134404335E
:1049A00001331B781B029BB20B433B847B8C4FF67D
:1049B000416293421AD197F84B30274A1B011344A6
:1049C00002331B88194626480AF002FD97F84B303F
:1049D000214A1B01134409221A7097F84B301E4AD2
:1049E0001B01134408333A8C1A801EE07B8C4FF66F
:1049F0004262934219D197F84B30174A1B01134476
:104A000002331B88194617480AF0E2FC97F84B302E
:104A1000114A1B0113440A221A7097F84B300E4AB0
:104A20001B0113440C333A8C1A807B6ADB78153BEC
:104A3000DAB27B6ADA7097F84C30153387F84C306D
:104A40007B6ADB78002B8DD100E1FB6B0233FB61CD
:104A5000002387F848300CE0580B00204C24010854
:104A600088240108C024010897F84830013387F8EA
:104A7000483097F84830002B0BD197F848307B4AE4
:104A80001B01134402331A88FB691B889BB29A42AC
:104A9000EAD197F84830002B40F0DA80FB69DB78E8
:104AA0009B08FB76002387F84A30FB699B78012B33
:104AB00040F0CE80002387F8493054E097F84A3020
:104AC000FA6913441B79194697F84A30FA69134476
:104AD000043301331B781B029BB20B433B8397F8D3
:104AE0004A300233FA6913441B79194697F84A3061
:104AF0000233FA691344043301331B781B029BB25F
:104B00000B43FB82FB8A42F60212934221D197F8B3
:104B10004830564A1B01134402331B881946544837
:104B20000AF056FC97F84830504A1B0113441B7892
:104B30000A2B0ED197F848304C4A1B0113440E3310
:104B40003A8B1A8097F84830484A1B0113440B22CD
:104B50001A7097F84A30043387F84A3097F849308A
:104B6000013387F8493097F84920FB7E9A42A5D354
:104B70006EE0FB6B02337B63002387F8473004E071
:104B800097F84730013387F8473097F84730002BC4
:104B90000BD197F84730354A1B01134402331A886A
:104BA0007B6B1B889BB29A42EAD197F84730002B67
:104BB00050D17B6B5B889AB297F847302B491B0129
:104BC0000B440C331B889A4244D17B6B1B79022B1C
:104BD00040D102233B727B6B1B793B747B6B0533AB
:104BE000FB6007F10803184600F046F832E0FB6B63
:104BF0000233BB631F480AF05BFC0A200AF0FAFB91
:104C0000002387F8463004E097F84630013387F8F0
:104C1000463097F84630002B0BD197F84630134AB0
:104C20001B01134402331A88BB6B1B889BB29A4248
:104C3000EAD197F84630002B0ED10021042009F06C
:104C40007FFD09E000BF0AE000BF08E000BF06E00A
:104C500000BF04E000BF02E000BF00E000BF97F823
:104C6000453018465037BD4680BD00BF580B002068
:104C7000042501084C25010880B582B000AF78609A
:104C80007B681B78022B27D17B685B681A78154BF1
:104C90005A70144B5B78012B1CD17B685B685A7887
:104CA000104B9A700F4B9B78002B09D1002000F01D
:104CB000B5FC0D480AF08CFB0C480AF089FB0AE0B1
:104CC0000B480AF085FB09480AF082FB002000F03F
:104CD0008BFC00E000BF00E000BF00BF0837BD460E
:104CE00080BD00BF680B00207C250108BC250108A1
:104CF000C025010880B584B000AF03463A60FB8050
:104D00000B467B719223FB730023BB731BE0FB8874
:104D10004FF64162934212D1BB7B124A1B011344EE
:104D200002331888BB7B0F4A1B01134408331988D0
:104D30003B68022207F060FC0346FB7300E000BF03
:104D4000BB7B0133BB73BB7B002B06D1BB7B054A0E
:104D50001B0113441B78002BD9D1FB7B184610375D
:104D6000BD4680BD580B002080B500AF0C480AF04E
:104D70002FFB0C480AF02CFB0B4B1B79002B03D1AB
:104D8000094B01221A7102E0074B00221A71074AEF
:104D900000214FF64160FFF7ADFF00BF80BD00BFAF
:104DA00000260108BC250108680B00206B0B0020C1
:104DB00080B582B000AF0123BB8000237B8000233D
:104DC000FB71A5E0FB795A4A1B0113441B78073B92
:104DD000052B00F2998001A252F823F0F54D00084E
:104DE000FD4D00082F4E0008654E00089B4E000840
:104DF000D54E00084F480AF05BFB86E04E480AF0AB
:104E000057FBFB794A4A1B01134402331888FB798C
:104E1000474A1B01134404331988FB79444A1B0198
:104E2000134406331B881A4607F045FA6DE04348E1
:104E30000AF03EFBFB793E4A1B01134402331888FB
:104E4000FB793B4A1B01134408331988FB79384A24
:104E50001B01134408331B8802339BB21A4607F028
:104E6000ABFA52E036480AF023FBFB79304A1B01CB
:104E7000134402331888FB792D4A1B0113440C3369
:104E80001988FB792A4A1B0113440C331B8802330F
:104E90009BB21A4607F090FA37E02A480AF008FB5E
:104EA000FB79234A1B01134402331888FB79204AFB
:104EB0001B0113440E3319883B1D022207F0FDFA33
:104EC000FB791B4A1B01134406221A70022000F0D2
:104ED000A5FB1AE01C480AF0EBFAFB79144A1B0107
:104EE000134402331888FB79114A1B0113440E3313
:104EF0001988BB1C022207F0E0FAFB790C4A1B015F
:104F0000134406221A7000E000BFFB790133FB71E5
:104F1000FB79002B08D1FB79054A1B0113441B7850
:104F2000002B7FF44FAF00BF00BF0837BD4680BDE8
:104F3000580B002040260108582601088026010849
:104F4000BC260108002701082427010880B400AF0F
:104F5000054BDB68044A43F40043D36000BFBD4601
:104F60005DF8047B704700BF0004005880B483B034
:104F700000AF7860064BD3F8D42005497B68134313
:104F8000C1F8D43000BF0C37BD465DF8047B7047D4
:104F90000008005880B483B000AF7860054B1A6AEF
:104FA00004497B6813430B6200BF0C37BD465DF8B4
:104FB000047B70470008005880B485B000AF78606B
:104FC0004FF0B0431A6D4FF0B0417B6813430B654F
:104FD0004FF0B0431A6D7B681340FB60FB6800BF65
:104FE0001437BD465DF8047B704780B485B000AFD0
:104FF00078604FF0B043D3F850214FF0B0417B6858
:105000001343C1F850314FF0B043D3F850217B68BF
:105010001340FB60FB6800BF1437BD465DF8047B9E
:10502000704780B483B000AF78607B681B6843F43E
:1050300080327B681A6000BF0C37BD465DF8047B88
:10504000704780B483B000AF78607B681B6843F022
:1050500001027B681A6000BF0C37BD465DF8047B17
:10506000704780B483B000AF786039607B685A685D
:105070003B681B04DB431A407B685A6000BF0C3757
:10508000BD465DF8047B704780B483B000AF7860A4
:1050900039607B685A683B681B041A437B685A6016
:1050A00000BF0C37BD465DF8047B704780B483B009
:1050B00000AF786039607B685A683B68DB431A4010
:1050C0007B685A6000BF0C37BD465DF8047B7047B3
:1050D00080B483B000AF786039607B683A689A60CA
:1050E00000BF0C37BD465DF8047B704780B483B0C9
:1050F00000AF786039603B681A047B689A6000BF33
:105100000C37BD465DF8047B704780B483B000AFB8
:10511000786039607B68DA683B6813403A689A4285
:1051200001D1012300E0002318460C37BD465DF88D
:10513000047B704780B483B000AF786039607B68CF
:10514000DA693B6813403A689A4201D1012300E0D2
:10515000002318460C37BD465DF8047B70470000FD
:1051600080B500AF02211848FFF7E4FF0346002B8B
:1051700008D0154B5B6803F00203002B02D100F04E
:1051800025F91EE001211048FFF7D4FF0346002B4C
:1051900008D00D4B5B6803F00103002B02D100F037
:1051A00099F80EE008210848FFF7C4FF0346002BDA
:1051B00008D0054B5B6803F00803002B02D100F018
:1051C0007DF900BF00BF80BD000C005880B500AF66
:1051D00002211848FFF799FF0346002B08D1154B11
:1051E0005B6803F40033002B02D100F0D3F81EE01B
:1051F00008211048FFF789FF0346002B08D10D4B0B
:105200005B6803F40023002B02D100F019F90EE0D3
:1052100020210848FFF779FF0346002B08D1054BF2
:105220005B6803F40013002B02D100F05FF800BFAD
:1052300000BF80BD000C005880B500AF4FF4801057
:10524000FFF7D3FE4FF40070FFF7A4FE4FF4007099
:10525000FFF78CFE40BF20BFFFF778FE00BF80BD88
:1052600080B500AF4FF48010FFF7A6FE0648FFF7A9
:10527000E8FE0548FFF7D5FE2C2000F0C2FC2D20EB
:1052800000F0BFFC00BF80BD000C005880B584B0AA
:1052900000AFEFF310837B607B68FB6072B600BFEA
:1052A00001210648FFF702FFFB68BB60BB6883F380
:1052B000108800BF00BF1037BD4680BD000C0058ED
:1052C00080B500AF01210248FFF710FF00BF80BD8D
:1052D000000C005880B500AF08F088FE012102489C
:1052E000FFF7F6FE00BF80BD000C005880B584B00B
:1052F00000AFEFF310837B607B68FB6072B600BF8A
:1053000020210748FFF7C0FEFB68BB60BB6883F342
:10531000108800BF08F09AFE00BF1037BD4680BD60
:10532000000C005880B584B000AFEFF310837B60B1
:105330007B68FB6072B600BF02210648FFF7B6FE2D
:10534000FB68BB60BB6883F3108800BF00BF1037E9
:10535000BD4680BD000C005880B584B000AF02216E
:105360000B48FFF7C3FEEFF310837B607B68FB60A5
:1053700072B600BF02210648FFF773FEFB68BB60F0
:10538000BB6883F3108800BF00BF1037BD4680BDE7
:10539000000C005880B584B000AFEFF310837B6041
:1053A0007B68FB6072B600BF02210748FFF76CFE06
:1053B000FB68BB60BB6883F3108800BF08F09AFEEF
:1053C00000BF1037BD4680BD000C005880B500AF4F
:1053D00008F0A6FE02210248FFF77AFE00BF80BD5A
:1053E000000C005880B586B000AF786008211248E4
:1053F000FFF78BFE0346002B13D0104A7B68136027
:10540000EFF31083FB60FB687B6172B600BF08217D
:105410000948FFF726FE7B693B613B6983F31088EF
:1054200005E07B68984708210348FFF75FFE00BF4F
:105430001837BD4680BD00BF000C0058700B00201F
:1054400080B584B000AFEFF310837B607B68FB60B6
:1054500072B600BF08210A48FFF716FEFB68BB6062
:10546000BB6883F3108800BF064B1B689847082170
:105470000348FFF73BFE00BF1037BD4680BD00BFAD
:10548000000C0058700B002080B584B000AFEFF323
:1054900010837B607B68FB6072B600BF0821064802
:1054A000FFF704FEFB68BB60BB6883F3108800BF96
:1054B00000BF1037BD4680BD000C005880B500AF5E
:1054C00008F0D6FE08210248FFF702FE00BF80BDAB
:1054D000000C0058D458C4500433C4188C42F9D37B
:1054E0007047036004308842FBD370470C48854600
:1054F00000F01EF90B480C490C4A0023FFF7EDFFA2
:105500000B480C490023FFF7EEFF0B480B49002323
:10551000FFF7E9FF0AF038F9FDF7A2F9FEE700000E
:105520000000032008000020040200209C34010831
:1055300054020020FC1D0020E4010320670A032020
:10554000FEE780B485B000AF78604FF0B043DA6C0E
:105550004FF0B0417B681343CB644FF0B043DA6C3B
:105560007B681340FB60FB6800BF1437BD465DF8E5
:10557000047B704780B588B000AF0346FB7107F12C
:105580000C0300221A605A609A60DA601A610220E5
:10559000FFF7D7FFFB79124A32F81330FB60012383
:1055A0003B6100237B610223BB61FB790D4A52F80A
:1055B000233007F10C021146184600F0BBFEFB79C0
:1055C000084A52F82300FB79054A32F813300022CA
:1055D000194601F01FF800BF2037BD4680BD00BF4F
:1055E0003C3001081000002080B582B000AF0346B7
:1055F000FB71FB79074A52F82300FB79064A32F81F
:1056000013300122194601F005F800BF0837BD46E6
:1056100080BD00BF100000203C30010880B582B082
:1056200000AF0346FB71FB79074A52F82300FB7970
:10563000064A32F813300022194600F0EBFF00BF93
:105640000837BD4680BD00BF100000203C30010877
:1056500080B588B000AF03460A46FB711346BB71A4
:1056600007F10C0300221A605A609A60DA601A612E
:10567000FB79002B03D10420FFF763FF0CE0FB79DB
:10568000012B03D10820FFF75CFF05E0FB79022B1B
:1056900002D10820FFF755FFBB79002B17D1FB790A
:1056A000204A32F81330FB6000233B6101237B6109
:1056B0000223BB61FB791C4A52F8233007F10C022C
:1056C0001146184600F036FE0120FCF7C9F8BB79F8
:1056D000012B23D1FB79134A32F81330FB600123ED
:1056E0007B614FF404133B61FB790F4A52F823307E
:1056F00007F10C021146184600F01CFEFB790B4A1C
:10570000D35C5BB200220F21184600F060FAFB79EF
:10571000064AD35C5BB2184600F073FA00BF20372C
:10572000BD4680BD443001081C0000204C300108FB
:1057300080B400AF264B00229A60254BD3F8883006
:10574000234A43F47003C2F888304FF0B0431B681B
:105750004FF0B04243F0010313604FF0B0434FF4F9
:10576000E0229A604FF0B0431A684FF0B041194BF5
:1057700013400B604FF0B043D3F894304FF0B04279
:1057800023F00503C2F894304FF0B043D3F89830BB
:105790004FF0B04223F00103C2F898304FF0B0430D
:1057A0000D4ADA604FF0B0430B4A1A614FF0B04334
:1057B0001B684FF0B04223F4802313604FF0B043D6
:1057C00000229A6100BFBD465DF8047B704700BFB0
:1057D00000ED00E0FBFEF6FA0010042280B400AFFA
:1057E000054B5B68044A43F00103536000BFBD46AC
:1057F0005DF8047B704700BF002004E080B400AF78
:10580000054B5B68044A43F00203536000BFBD468A
:105810005DF8047B704700BF002004E080B582B0D3
:1058200000AF0023FB710C4B1B680B4A43F48073E1
:105830001360032000F0C0F9002000F00FF80346C9
:10584000002B02D00123FB7101E0FDF7E8FEFB799C
:1058500018460837BD4680BD0040005880B584B06A
:1058600000AF78600023FB73174B1B78002B24D00C
:1058700002F0C8FD0246144B1B7819464FF47A73A8
:10588000B3FBF1F3B2FBF3F3184600F0D6F903468D
:10589000002B0FD17B680F2B09D8002279684FF0BD
:1058A000FF3000F094F9094A7B68136007E0012398
:1058B000FB7304E00123FB7301E00123FB73FB7B1B
:1058C00018461037BD4680BD300000202C00002057
:1058D00080B400AF064B1B781A46064B1B68134476
:1058E000044A136000BFBD465DF8047B704700BFEB
:1058F00030000020740B002080B400AF034B1B6805
:105900001846BD465DF8047B704700BF740B00204D
:1059100080B400AF034B1B681846BD465DF8047B9E
:10592000704700BF2C00002080B400AF034B1B78F1
:105930001846BD465DF8047B704700BF300000206C
:1059400080B500AFFFF74AFF00BF80BD80B500AF54
:10595000FFF754FF00BF80BD80B485B000AF786012
:105960007B6803F00703FB600C4BDB68BB60BA6825
:105970004FF6FF031340BB60FB681A02BB6813437A
:1059800043F0BF6343F40033BB60044ABB68D36099
:1059900000BF1437BD465DF8047B704700ED00E0A2
:1059A00080B400AF044BDB681B0A03F00703184602
:1059B000BD465DF8047B704700ED00E080B483B025
:1059C00000AF0346FB7197F90730002B0BDBFB7927
:1059D00003F01F02074997F907305B09012000FA1D
:1059E00002F241F8232000BF0C37BD465DF8047B6E
:1059F000704700BF00E100E080B483B000AF034611
:105A0000FB7197F90730002B12DBFB7903F01F02C3
:105A10000A4997F907305B09012000FA02F22033A6
:105A200041F82320BFF34F8F00BFBFF36F8F00BF3C
:105A300000BF0C37BD465DF8047B704700E100E015
:105A400080B483B000AF0346FB7197F90730002B99
:105A50000CDBFB7903F01F02074997F907305B095C
:105A6000012000FA02F2403341F8232000BF0C3736
:105A7000BD465DF8047B704700E100E080B483B070
:105A800000AF0346FB7197F90730002B0CDBFB7965
:105A900003F01F02074997F907305B09012000FA5C
:105AA00002F2603341F8232000BF0C37BD465DF899
:105AB000047B704700E100E080B483B000AF034690
:105AC0003960FB7197F90730002B0ADB3B68DAB2CB
:105AD0000C4997F907301201D2B20B4483F8002326
:105AE0000AE03B68DAB20849FB7903F00F03043B94
:105AF0001201D2B20B441A7600BF0C37BD465DF8D6
:105B0000047B704700E100E000ED00E080B489B064
:105B100000AFF860B9607A60FB6803F00703FB61CF
:105B2000FB69C3F10703042B28BF0423BB61FB6996
:105B30000433062B02D9FB69033B00E000237B61A1
:105B40004FF0FF32BB6902FA03F3DA43BB681A4035
:105B50007B699A404FF0FF317B6901FA03F3D94327
:105B60007B680B40134318462437BD465DF8047B21
:105B70007047000080B582B000AF78607B68013B61
:105B8000B3F1807F01D301230FE00A4A7B68013B18
:105B900053600F214FF0FF30FFF78EFF054B0022BF
:105BA0009A60044B07221A60002318460837BD4646
:105BB00080BD00BF10E000E080B582B000AF78602B
:105BC0007868FFF7C9FE00BF0837BD4680BD80B5C5
:105BD00086B000AF0346B9607A60FB73FFF7E0FE62
:105BE00078617A68B9687869FFF790FF024697F99B
:105BF0000F3011461846FFF75FFF00BF1837BD464C
:105C000080BD80B582B000AF0346FB7197F90730C5
:105C10001846FFF7D3FE00BF0837BD4680BD80B5EC
:105C200082B000AF0346FB7197F907301846FFF7C3
:105C3000E3FE00BF0837BD4680BD80B582B000AF2F
:105C400078607868FFF796FF034618460837BD4628
:105C500080BD80B582B000AF0346FB7197F9073075
:105C60001846FFF7EDFE00BF0837BD4680BD80B582
:105C700082B000AF0346FB7197F907301846FFF773
:105C8000FDFE00BF0837BD4680BD000080B584B072
:105C900000AF78607B68002B01D101238EE07B6828
:105CA0001B681A46474B9A420FD87B681B681A46F6
:105CB000454B1344454AA2FB03231B099A007B680A
:105CC0005A647B68424A1A640EE07B681B681A4675
:105CD000404B13443D4AA2FB03231B099A007B68F7
:105CE0005A647B683C4A1A647B68022283F8252048
:105CF0007B681B681B68FB60FB6823F4FF4323F091
:105D00007003FB607B689A687B68DB681A437B687A
:105D10001B691A437B685B691A437B689B691A435A
:105D20007B68DB691A437B681B6A1343FA68134379
:105D3000FB607B681B68FA681A60786800F074FA88
:105D40007B689B68B3F5804F02D17B6800225A6064
:105D50007B685A687B689B6C02F03F021A607B6824
:105D6000DB6C7A68126D5A607B685B68002B10D020
:105D70007B685B68042B0CD8786800F093FA7B682A
:105D80005B6D00221A607B689B6D7A68D26D5A60E9
:105D900008E07B6800225A657B6800229A657B6870
:105DA0000022DA657B680022DA637B68012283F8CF
:105DB00025207B68002283F8242000231846103712
:105DC000BD4680BD07040240F8FFFDBFCDCCCCCC62
:105DD00000000240F8FBFDBF0004024080B586B021
:105DE00000AFF860B9607A603B600023FB75FB6828
:105DF00093F82430012B01D1022366E0FB680122D5
:105E000083F82420FB6893F82530DBB2012B55D1B1
:105E1000FB68022283F82520FB680022DA63FB6816
:105E20001B681A68FB681B6822F001021A603B6855
:105E30007A68B968F86800F0B9F9FB681B6B002B49
:105E400008D0FB681B681A68FB681B6842F00E02EA
:105E50001A600FE0FB681B681A68FB681B6822F079
:105E600004021A60FB681B681A68FB681B6842F032
:105E70000A021A60FB689B6C1B6803F48033002BDA
:105E800007D0FB689B6C1A68FB689B6C42F48072BD
:105E90001A60FB685B6D002B07D0FB685B6D1A68AE
:105EA000FB685B6D42F480721A60FB681B681A68BD
:105EB000FB681B6842F001021A6005E0FB680022E3
:105EC00083F824200223FB75FB7D18461837BD4656
:105ED00080BD80B483B000AF78607B68002B01D1B7
:105EE00001234FE07B6893F82530DBB2022B08D00A
:105EF0007B680422DA637B68002283F82420012374
:105F000040E07B681B681A687B681B6822F00E0201
:105F10001A607B689B6C1A687B689B6C22F48072A9
:105F20001A607B681B681A687B681B6822F0010294
:105F30001A607B685B6C03F01C027B681B6C0121A0
:105F400001FA02F25A607B68DB6C7A68126D5A6063
:105F50007B685B6D002B0CD07B685B6D1A687B687F
:105F60005B6D22F480721A607B689B6D7A68D26DDB
:105F70005A607B68012283F825207B68002283F821
:105F80002420002318460C37BD465DF8047B70477B
:105F900080B584B000AF78600023FB737B6893F812
:105FA0002530DBB2022B05D07B680422DA630123A3
:105FB000FB7347E07B681B681A687B681B6822F0EC
:105FC0000E021A607B681B681A687B681B6822F0E7
:105FD00001021A607B689B6C1A687B689B6C22F4D8
:105FE00080721A607B685B6C03F01C027B681B6C20
:105FF000012101FA02F25A607B68DB6C7A68126D4B
:106000005A607B685B6D002B0CD07B685B6D1A68F7
:106010007B685B6D22F480721A607B689B6D7A6886
:10602000D26D5A607B68012283F825207B680022AC
:1060300083F824207B689B6B002B03D07B689B6BD1
:1060400078689847FB7B18461037BD4680BD80B501
:1060500084B000AF78607B681B6C1B68FB607B685A
:106060001B681B68BB607B685B6C03F01C0304222D
:106070009A40FB681340002B26D0BB6803F0040352
:10608000002B21D07B681B681B6803F02003002BCA
:1060900007D17B681B681A687B681B6822F00402C2
:1060A0001A607B685B6C03F01C027B681B6C04212C
:1060B00001FA02F25A607B681B6B002B71D07B687F
:1060C0001B6B786898476CE07B685B6C03F01C0383
:1060D00002229A40FB681340002B2ED0BB6803F0CD
:1060E0000203002B29D07B681B681B6803F0200388
:1060F000002B0BD17B681B681A687B681B6822F039
:106100000A021A607B68012283F825207B685B6C99
:1061100003F01C027B681B6C022101FA02F25A6038
:106120007B68002283F824207B68DB6A002B38D050
:106130007B68DB6A7868984733E07B685B6C03F0C8
:106140001C0308229A40FB681340002B2AD0BB682E
:1061500003F00803002B25D07B681B681A687B6856
:106160001B6822F00E021A607B685B6C03F01C0255
:106170007B681B6C012101FA02F25A607B680122E4
:10618000DA637B68012283F825207B68002283F88C
:1061900024207B685B6B002B04D07B685B6B78688A
:1061A000984700BF00BF1037BD4680BD80B485B0A2
:1061B00000AFF860B9607A603B60FB68DB6CFA683E
:1061C000126D5A60FB685B6D002B04D0FB689B6D01
:1061D000FA68D26D5A60FB685B6C03F01C02FB68C6
:1061E0001B6C012101FA02F25A60FB681B683A68D5
:1061F0005A60FB689B68102B08D1FB681B687A68A3
:106200009A60FB681B68BA68DA6007E0FB681B6885
:10621000BA689A60FB681B687A68DA6000BF143756
:10622000BD465DF8047B704780B485B000AF7860F0
:106230007B681B681A46174B9A420AD87B685B6CCE
:106240009B089B0003F1804303F502337A68936453
:1062500007E07B685B6C9B089A000F4B13447A68DD
:1062600093647B681B68DBB2083B0C4AA2FB0323E8
:106270001B09FB607B680A4ADA64FB6803F01F03B2
:1062800001229A407B681A6500BF1437BD465DF84D
:10629000047B7047070402401C080240CDCCCCCCE4
:1062A0008008024080B485B000AF78607B685B688E
:1062B00003F03F03FB60FA680B4B13449B001A4644
:1062C0007B685A657B68094A9A65FB68013B03F065
:1062D000030301229A407B68DA6500BF1437BD468C
:1062E0005DF8047B704700BF3F8200104009024008
:1062F00080B487B000AF78607B681B681B0C03F02C
:1063000001037B617B681B6803F01F03012202FA13
:1063100003F33B617B695B0103F1B04303F60803C0
:10632000FB60FB683A691A6000BF1C37BD465DF828
:10633000047B704780B487B000AF78603960002379
:106340007B614CE13B681A6801217B6901FA03F328
:106350001340FB60FB68002B00F03E813B685B68EC
:1063600003F00303012B05D03B685B6803F00303D4
:10637000022B30D17B689B683B617B695B00032209
:1063800002FA03F3DB433A6913403B613B68DA6886
:106390007B695B0002FA03F33A6913433B617B6854
:1063A0003A699A607B685B683B6101227B6902FA0B
:1063B00003F3DB433A6913403B613B685B681B09AD
:1063C00003F001027B6902FA03F33A6913433B616C
:1063D0007B683A695A603B685B6803F00303032BF0
:1063E00017D07B68DB683B617B695B00032202FAA4
:1063F00003F3DB433A6913403B613B689A687B696E
:106400005B0002FA03F33A6913433B617B683A6924
:10641000DA603B685B6803F00303022B23D17B69DE
:10642000DA087B68083253F822303B617B6903F05D
:1064300007039B000F2202FA03F3DB433A69134080
:106440003B613B681A697B6903F007039B0002FA12
:1064500003F33A6913433B617B69DA087B680832CE
:10646000396943F822107B681B683B617B695B00DC
:10647000032202FA03F3DB433A6913403B613B68B2
:106480005B6803F003027B695B0002FA03F33A697D
:1064900013433B617B683A691A603B685B6803F4AD
:1064A0004033002B00F09880544A7B699B080233EC
:1064B00052F823303B617B6903F003039B000F22FA
:1064C00002FA03F3DB433A6913403B617B68B3F1A3
:1064D000904F19D07B684A4A934213D07B68494A4F
:1064E00093420DD07B68484A934207D07B68474A65
:1064F000934201D1042308E0072306E0032304E0CC
:10650000022302E0012300E000237A6902F0030283
:10651000920093403A6913433B6138497B699B0879
:1065200002333A6941F82320394B1B683B61FB6811
:10653000DB433A6913403B613B685B6803F48013BB
:10654000002B03D03A69FB6813433B61304A3B6937
:1065500013602F4B5B683B61FB68DB433A69134078
:106560003B613B685B6803F40013002B03D03A697E
:10657000FB6813433B61264A3B695360244BD3F8C5
:1065800080303B61FB68DB433A6913403B613B6809
:106590005B6803F48033002B03D03A69FB68134334
:1065A0003B611B4A3B69C2F88030194BD3F88430F9
:1065B0003B61FB68DB433A6913403B613B685B68C6
:1065C00003F40033002B03D03A69FB6813433B61AB
:1065D0000F4A3B69C2F884307B6901337B613B68B9
:1065E0001A687B6922FA03F3002B7FF4ABAE00BF7D
:1065F00000BF1C37BD465DF8047B704700000140BA
:106600000004004800080048000C00480010004842
:106610000008005880B483B000AF78600B467B80E0
:1066200013467B707B78002B03D07A887B689A6155
:1066300002E07A887B689A6200BF0C37BD465DF83D
:10664000047B704780B582B000AF0346FB80084BE7
:10665000DA68FB881340002B06D0054AFB88D3601C
:10666000FB881846FBF753F900BF0837BD4680BDCD
:106670000008005880B582B000AF0A4BDB687B6031
:10668000084B1A687B68DB43064913400B60054AD8
:106690007B685360786800F007F800BF0837BD4694
:1066A00080BD00BF0015005880B483B000AF786093
:1066B00000BF0C37BD465DF8047B704780B582B0E3
:1066C00000AF78607B68002B01D101238DE07B68EF
:1066D00093F84130DBB2002B06D17B68002283F8AF
:1066E00040207868FCF7ACFF7B68242283F84120C7
:1066F0007B681B681A687B681B6822F001021A60BD
:106700007B685A687B681B6822F070621A617B683C
:106710001B689A687B681B6822F400429A607B6859
:10672000DB68012B07D17B689A687B681B6842F4A1
:1067300000429A6006E07B689A687B681B6842F4B6
:1067400004429A607B68DB68022B08D17B681B6877
:106750005A687B681B6842F400625A6007E07B68F5
:106760001B685A687B681B6822F400625A607B6869
:106770001B685B687A68126843F0007343F4004357
:1067800053607B681B68DA687B681B6822F40042F0
:10679000DA607B681A697B685B6942EA03017B689F
:1067A0009B691A027B681B680A43DA607B68D969B7
:1067B0007B681A6A7B681B680A431A607B681B68DF
:1067C0001A687B681B6842F001021A607B6800222D
:1067D0005A647B68202283F841207B6800221A6378
:1067E0007B68002283F84220002318460837BD4604
:1067F00080BD000080B588B002AFF8607A601A46AC
:106800000B467B8113463B81FB6893F84130DBB23A
:10681000202B40F0FD80FB6893F84030012B01D124
:106820000223F6E0FB68012283F84020FFF764F8BA
:1068300038613B690093192301224FF40041F86845
:1068400000F019FA0346002B01D00123E1E0FB68B8
:10685000212283F84120FB68102283F84220FB6844
:1068600000225A64FB687A685A62FB683A895A8542
:10687000FB6800225A63FB685B8D9BB2FF2B06D935
:10688000FB68FF221A854FF080737B6107E0FB688D
:106890005B8D9AB2FB681A854FF000737B61FB68D1
:1068A0001B8D002B24D0FB685B6A1A78FB681B6881
:1068B0009A62FB685B6A5A1CFB685A62FB685B8DD4
:1068C0009BB2013B9AB2FB685A85FB681B8D013B6A
:1068D0009AB2FB681A85FB681B8DDBB20133DAB212
:1068E00079894E4B00937B69F86800F087FB66E07E
:1068F000FB681B8DDAB27989484B00937B69F86895
:1069000000F07CFB5BE03A69396AF86800F00CFA49
:106910000346002B01D001237BE0FB685B6A1A78F9
:10692000FB681B689A62FB685B6A5A1CFB685A62C8
:10693000FB685B8D9BB2013B9AB2FB685A85FB6892
:106940001B8D013B9AB2FB681A85FB685B8D9BB27D
:10695000002B34D0FB681B8D002B30D13B6900939A
:106960003B6A00228021F86800F085F90346002B7D
:1069700001D001234DE0FB685B8D9BB2FF2B0ED94C
:10698000FB68FF221A85FB681B8DDAB27989002328
:1069900000934FF08073F86800F030FB0FE0FB6865
:1069A0005B8D9AB2FB681A85FB681B8DDAB2798918
:1069B000002300934FF00073F86800F01FFBFB68A2
:1069C0005B8D9BB2002B9ED13A69396AF86800F062
:1069D000F2F90346002B01D001231AE0FB681B6883
:1069E0002022DA61FB681B685968FB681A680C4B47
:1069F0000B405360FB68202283F84120FB68002293
:106A000083F84220FB68002283F84020002300E046
:106A1000022318461837BD4680BD00BF0020008005
:106A200000E800FE80B58AB002AFF8607A603B6093
:106A30000B467B8100237B610023FB77FB6893F887
:106A40004130DBB2202B40F0ED80FB681B689B6976
:106A500003F40043B3F5004F01D10223E3E0FB68E8
:106A600093F84030012B01D10223DCE0FB680122C6
:106A700083F84020FB68242283F84120FB68002231
:106A80005A64FB68DB68012B07D17B89C3F30903D8
:106A900043F0007343F4005306E07B89C3F309031A
:106AA00043F0007343F42053FA6812685360FEF712
:106AB00023FFB861FB681B689B6903F02003202B50
:106AC0000CBF01230023DBB2BB77FB681B689B690B
:106AD00003F01003102B0CBF01230023DBB27B77E4
:106AE00034E03B68B3F1FF3F1AD0FEF705FF0246E2
:106AF000BB69D31A3A689A4202D33B68002B0FD184
:106B0000FB68202283F84120FB685B6C43F0200285
:106B1000FB685A64FB68002283F84020012382E06E
:106B2000FB681B689B6903F02003202B0CBF01232B
:106B30000023DBB2BB77FB681B689B6903F0100383
:106B4000102B0CBF01230023DBB27B77BB7F002B14
:106B500002D17B7F002BC4D0FB681B689B6903F0CC
:106B60001003102B27D0BB6900933B680022202123
:106B7000F86800F080F80346002B0ED0FB685B6CD1
:106B8000042B07D1FB681B682022DA61FB68002216
:106B90005A6426E00123FB7723E0FB681B68202270
:106BA000DA61FB68202283F84120FB68002283F829
:106BB0004020002337E0FB681B681022DA61BB69C4
:106BC00000933B6800222021F86800F054F8034647
:106BD000002B02D00123FB7703E0FB681B68202217
:106BE000DA617B6901337B617B697A689A4204D9F7
:106BF000FB7F012B01D10023FB777B697A689A42E6
:106C00003FF63FAFFB68202283F84120FB685B6CB6
:106C100043F02002FB685A64FB68002283F840209E
:106C2000012300E0022318462037BD4680BD80B412
:106C300083B000AF78607B681B689B6903F0020338
:106C4000022B03D17B681B6800229A627B681B6859
:106C50009B6903F00103012B07D07B681B689A69CD
:106C60007B681B6842F001029A6100BF0C37BD4689
:106C70005DF8047B704780B584B000AFF860B96000
:106C80003B601346FB713BE0BA693968F86800F075
:106C9000D5F80346002B01D0012341E03B68B3F156
:106CA000FF3F2DD0FEF728FE0246BB69D31A3A6893
:106CB0009A4202D33B68002B22D1FB681B689A6979
:106CC000BB681340BA689A420CBF01230023DBB2B1
:106CD0001A46FB799A4213D1FB685B6C43F02002A1
:106CE000FB685A64FB68202283F84120FB6800227D
:106CF00083F84220FB68002283F8402001230FE044
:106D0000FB681B689A69BB681340BA689A420CBF5B
:106D100001230023DBB21A46FB799A42B4D0002348
:106D200018461037BD4680BD80B584B000AFF8600E
:106D3000B9607A6033E07A68B968F86800F07EF884
:106D40000346002B01D0012331E0BB68B3F1FF3FC4
:106D500025D0FEF7D1FD02467B68D31ABA689A4265
:106D600002D3BB68002B1AD1FB681B689B6903F038
:106D70000203022B13D0FB685B6C43F02002FB681C
:106D80005A64FB68202283F84120FB68002283F8C4
:106D90004220FB68002283F84020012307E0FB68C3
:106DA0001B689B6903F00203022BC4D10023184621
:106DB0001037BD4680BD80B584B000AFF860B960C3
:106DC0007A602FE07A68B968F86800F037F803460F
:106DD000002B01D001232DE0FEF78EFD02467B68DB
:106DE000D31ABA689A4202D3BB68002B1AD1FB6847
:106DF0001B689B6903F02003202B13D0FB685B6C9E
:106E000043F02002FB685A64FB68202283F841208B
:106E1000FB68002283F84220FB68002283F84020B0
:106E2000012307E0FB681B689B6903F02003202B0C
:106E3000C8D1002318461037BD4680BD80B58AB042
:106E400000AFF860B9607A60002387F82730FB68EC
:106E50001B689B69BB6100233B627B68FB61BB696C
:106E600003F01003002B68D0FB681B681022DA6166
:106E700049E0BB68B3F1FF3F45D0FEF73DFD024658
:106E8000FB69D31ABA689A4202D3BB68002B3AD185
:106E9000FB681B685B6803F480437B61FB6893F8C5
:106EA0004230FB74FB681B689B6903F40043B3F535
:106EB000004F21D17B69B3F5804F1DD0FB7C202B87
:106EC0001AD0FB681B685A68FB681B6842F4804252
:106ED0005A60FEF711FDF8610EE0FEF70DFD024667
:106EE000FB69D31A192B07D93B6A43F020033B6295
:106EF000012387F8273006E0FB681B689B6903F0D5
:106F00002003202BE9D1FB681B689B6903F0200359
:106F1000202B03D097F82730002BAAD097F82730E2
:106F2000002B03D1FB681B682022DA613B6A43F027
:106F300004033B62012387F82730FB681B689B69C9
:106F4000BB61BB6903F48073002B0BD03B6A43F039
:106F500001033B62FB681B684FF48072DA61012316
:106F600087F82730BB6903F48063002B0BD03B6AA2
:106F700043F008033B62FB681B684FF48062DA61F0
:106F8000012387F82730BB6903F40073002B0BD073
:106F90003B6A43F002033B62FB681B684FF40072DC
:106FA000DA61012387F8273097F82730002B1CD0AF
:106FB000F868FFF73CFEFB681B685968FB681A68B5
:106FC0000D4B0B405360FB685A6C3B6A1A43FB68DD
:106FD0005A64FB68202283F84120FB68002283F872
:106FE0004220FB68002283F8402097F8273018469B
:106FF0002837BD4680BD00BF00E800FE80B487B0E2
:1070000000AFF8607B600B467B8113467B727B8907
:10701000C3F309027B7A1B0403F47F031A437B68E2
:107020001A433B6A134323F000437B61FB681B68F0
:107030005A683B6A5B0D03F48061084B0B43DB43EA
:1070400002EA0301FB681B687A690A435A6000BFC1
:107050001C37BD465DF8047B704700BFFF63FF032C
:1070600080B483B000AF786039607B6893F84130BA
:10707000DBB2202B38D17B6893F84030012B01D153
:10708000022332E07B68012283F840207B682422BF
:1070900083F841207B681B681A687B681B6822F0B4
:1070A00001021A607B681B681A687B681B6822F4FF
:1070B00080521A607B681B6819687B681B683A6895
:1070C0000A431A607B681B681A687B681B6842F079
:1070D00001021A607B68202283F841207B6800222D
:1070E00083F84020002300E0022318460C37BD46F9
:1070F0005DF8047B704780B485B000AF786039607C
:107100007B6893F84130DBB2202B39D17B6893F850
:107110004030012B01D1022333E07B68012283F848
:1071200040207B68242283F841207B681B681A6812
:107130007B681B6822F001021A607B681B681B6871
:10714000FB60FB6823F47063FB603B681B02FA681A
:107150001343FB607B681B68FA681A607B681B68D6
:107160001A687B681B6842F001021A607B68202263
:1071700083F841207B68002283F84020002300E050
:10718000022318461437BD465DF8047B70470000A3
:1071900080B584B000AF78600023FB737B68002B60
:1071A0001ED0134BBB607B6893F83830DBB2002BEA
:1071B00002D17868FCF78CFAB86800F05BF8BB681D
:1071C0001B6843F00112BB681A60786800F02CF865
:1071D0007B6800225A637B68012283F8382001E033
:1071E0000123FB73FB7B18461037BD4680BD00BFF3
:1071F000000C005880B485B000AFF860B960134649
:10720000FB7100BF1437BD465DF8047B704780B446
:1072100085B000AFF860B9601346FB7100BF14374A
:10722000BD465DF8047B704780B485B000AF7860E0
:107230000023FB600FE07A68FB689B0013440B4A55
:107240005A607A68FB6806339B001344084A5A6008
:10725000FB680133FB60FB68052BECD900BF00BF66
:107260001437BD465DF8047B704700BFF571000818
:107270000F72000880B483B000AF78607B68002292
:107280001A607B684FF03F125A607B683F229A6019
:1072900000BF0C37BD465DF8047B704780B400AF7B
:1072A000054B1B68044A43F48073136000BFBD465E
:1072B0005DF8047B704700BF0004005880B400AF45
:1072C000044B1B6803F4C0631846BD465DF8047B9D
:1072D000704700BF0004005880B400AF4FF0B043C7
:1072E0001B6803F48013B3F5801F01D1012300E074
:1072F00000231846BD465DF8047B704780B400AF9C
:107300004FF0B0431B684FF0B04243F4803313603A
:1073100000BFBD465DF8047B704780B400AF4FF0FE
:10732000B0431B684FF0B04223F48033136000BFBA
:10733000BD465DF8047B704780B400AF4FF0B043AA
:107340001B6803F40033B3F5003F01D1012300E0D3
:1073500000231846BD465DF8047B704780B400AF3B
:107360004FF0B0431B684FF0B04243F4807313609A
:1073700000BFBD465DF8047B704780B400AF4FF09E
:10738000B0431B684FF0B04223F48073136000BF1A
:10739000BD465DF8047B704780B400AF4FF0B0434A
:1073A0001B6803F48063B3F5806F01D1012300E013
:1073B00000231846BD465DF8047B704780B483B057
:1073C00000AF78604FF0B0435B6823F0FE427B680B
:1073D0001B064FF0B04113434B6000BF0C37BD4656
:1073E0005DF8047B704780B400AF4FF0B043D3F832
:1073F00098304FF0B04243F00103C2F8983000BF1C
:10740000BD465DF8047B704780B400AF4FF0B043D9
:10741000D3F898304FF0B04223F00103C2F898300F
:1074200000BFBD465DF8047B704780B400AF4FF0ED
:10743000B043D3F8983003F00203022B01D10123AB
:1074400000E000231846BD465DF8047B704780B419
:1074500000AF4FF0B043D3F890304FF0B04243F05C
:107460000103C2F8903000BFBD465DF8047B704751
:1074700080B400AF4FF0B043D3F890304FF0B0423B
:1074800023F00103C2F8903000BFBD465DF8047BD5
:10749000704780B400AF4FF0B043D3F890304FF056
:1074A000B04243F00403C2F8903000BFBD465DF81F
:1074B000047B704780B400AF4FF0B043D3F89030F6
:1074C0004FF0B04223F00403C2F8903000BFBD4635
:1074D0005DF8047B704780B400AF4FF0B043D3F841
:1074E000903003F00203022B01D1012300E00023BE
:1074F0001846BD465DF8047B704780B400AF4FF07E
:10750000B043D3F894304FF0B04243F00103C2F8D7
:10751000943000BFBD465DF8047B704780B400AF77
:107520004FF0B043D3F894304FF0B04223F0010352
:10753000C2F8943000BFBD465DF8047B704780B44C
:1075400000AF4FF0B043D3F8943003F00203022BA6
:1075500001D1012300E000231846BD465DF8047BFD
:10756000704780B400AF4FF0B043D3F894304FF081
:10757000B04243F00403C2F8943000BFBD465DF84A
:10758000047B704780B400AF4FF0B043D3F8943021
:107590004FF0B04223F00403C2F8943000BFBD4660
:1075A0005DF8047B704780B400AF4FF0B043D3F870
:1075B000943003F00803082B01D1012300E00023DD
:1075C0001846BD465DF8047B704780B483B000AFB9
:1075D00078604FF0B043D3F8943023F470627B6846
:1075E0001B024FF0B0411343C1F8943000BF0C3779
:1075F000BD465DF8047B704780B400AF4FF0B043E8
:107600001B684FF0B04243F00103136000BFBD465A
:107610005DF8047B704780B400AF4FF0B0431B6847
:107620004FF0B04223F00103136000BFBD465DF888
:10763000047B704780B400AF4FF0B0431B6803F089
:107640000203022B01D1012300E000231846BD46AE
:107650005DF8047B704780B483B000AF78604FF072
:10766000B0431B6823F0F0024FF0B0417B68134336
:107670000B6000BF0C37BD465DF8047B704780B4DB
:1076800083B000AF4FF0B0431B6803F0F0037B60A2
:107690007B68B02B01D9B0237B607B6818460C3720
:1076A000BD465DF8047B704780B483B000AF78605E
:1076B0004FF0B0435B6823F47F427B681B024FF0BE
:1076C000B04113434B6000BF0C37BD465DF8047BEF
:1076D000704780B483B000AF78604FF0B0439B68D0
:1076E00023F003024FF0B0417B6813438B6000BF6F
:1076F0000C37BD465DF8047B704780B400AF4FF097
:10770000B0439B6803F00C031846BD465DF8047B4C
:10771000704780B483B000AF78604FF0B0439B688F
:1077200023F0F0024FF0B0417B6813438B6000BF41
:107730000C37BD465DF8047B704780B483B000AF62
:1077400078604FF0B043D3F8083123F0F0024FF0E7
:10775000B0417B681343C1F8083100BF0C37BD4608
:107760005DF8047B704780B483B000AF78604FF061
:10777000B043D3F8083123F00F027B681B094FF0A8
:10778000B0411343C1F8083100BF0C37BD465DF866
:10779000047B704780B483B000AF78604FF0B04393
:1077A0009B6823F4E0624FF0B0417B6813438B6029
:1077B00000BF0C37BD465DF8047B704780B483B0D2
:1077C00000AF78604FF0B0439B6823F460524FF0F5
:1077D000B0417B6813438B6000BF0C37BD465DF83A
:1077E000047B704780B400AF4FF0B0439B6803F058
:1077F000F0031846BD465DF8047B704780B400AFC7
:107800004FF0B043D3F808311B0103F0F0031846E2
:10781000BD465DF8047B704780B400AF4FF0B043C5
:107820009B6803F4E0631846BD465DF8047B70472F
:1078300080B400AF4FF0B0439B6803F46053184628
:10784000BD465DF8047B704780B400AF4FF0B04395
:107850001B684FF0B04243F08073136000BFBD4619
:107860005DF8047B704780B400AF4FF0B0431B68F5
:107870004FF0B04223F08073136000BFBD465DF847
:10788000047B704780B400AF4FF0B0431B6803F037
:107890000073B3F1007F01D1012300E000231846FB
:1078A000BD465DF8047B704780B400AF4FF0B04335
:1078B000DB681B0A03F07F031846BD465DF8047BB6
:1078C000704780B400AF4FF0B043DB6803F0604313
:1078D0001846BD465DF8047B704780B400AF4FF09A
:1078E000B043DB6803F070031846BD465DF8047BC7
:1078F000704780B400AF4FF0B043DB6803F0030380
:107900001846BD465DF8047B704780B400AF4FF069
:10791000B0439B6803F48033B3F5803F01D101236A
:1079200000E000231846BD465DF8047B704780B434
:1079300000AF4FF0B043D3F8083103F40033B3F590
:10794000003F01D1012300E000231846BD465DF849
:10795000047B704780B400AF4FF0B043D3F80831D8
:1079600003F48033B3F5803F01D1012300E000230D
:107970001846BD465DF8047B704780B400AF4FF0F9
:10798000B0439B6803F40033B3F5003F01D10123FA
:1079900000E000231846BD465DF8047B704780B4C4
:1079A00000AF4FF0B0439B6803F48023B3F5802F02
:1079B00001D1012300E000231846BD465DF8047B99
:1079C0007047000090B58DB000AF78607B68002BE9
:1079D00001D1012363E37B681B6803F02003002BC4
:1079E00000F08D80FFF789FEF862FFF782FFB86232
:1079F000FB6A002B05D0FB6A0C2B47D1BB6A012B1D
:107A000044D17B68DB69002B01D1012347E37B680C
:107A10005C6AFFF734FE03469C4214D97B685B6ABC
:107A2000184600F02FFD0346002B01D0012336E35A
:107A30007B685B6A1846FFF70EFE7B681B6A184678
:107A4000FFF732FE13E07B685B6A1846FFF703FE20
:107A50007B681B6A1846FFF727FE7B685B6A18463F
:107A600000F010FD0346002B01D0012317E300F0C6
:107A7000C9FC0346A44A1360A44B1B681846FDF7D3
:107A8000EDFE0346002B39D0012308E37B68DB6958
:107A9000002B1ED0FFF7B0FDFDF72EFF786208E047
:107AA000FDF72AFF02467B6AD31A022B01D9032372
:107AB000F5E2FFF7BFFD0346002BF1D07B685B6A60
:107AC0001846FFF7C8FD7B681B6A1846FFF7ECFDF8
:107AD00015E0FFF7A0FDFDF70FFF786208E0FDF766
:107AE0000BFF02467B6AD31A022B01D90323D6E28D
:107AF000FFF7A0FD0346002BF1D100E000BF7B683B
:107B00001B6803F00103002B47D0FFF7F6FD386236
:107B1000FFF7EFFEF8613B6A082B05D03B6A0C2BA0
:107B200008D1FB69032B05D17B685B68002B34D13E
:107B30000123B4E27B685B68B3F5803F02D1FFF7B5
:107B4000DDFB01E0FFF7E9FB7B685B68002B12D0EF
:107B5000FDF7D2FE786208E0FDF7CEFE02467B6AB2
:107B6000D31A642B01D9032399E2FFF7E5FB0346FF
:107B7000002BF1D011E0FDF7BFFE786208E0FDF7C1
:107B8000BBFE02467B6AD31A642B01D9032386E22B
:107B9000FFF7D2FB0346002BF1D17B681B6803F093
:107BA0000203002B4CD0FFF7A8FDB861FFF7A1FE40
:107BB0007861BB69042B05D0BB690C2B0ED17B69A6
:107BC000022B0BD17B68DB68002B01D1012366E21D
:107BD0007B681B691846FFF7F1FB31E07B68DB68C7
:107BE000002B19D0FFF7BAFBFDF786FE786208E09C
:107BF000FDF782FE02467B6AD31A022B01D90323CA
:107C00004DE2FFF7C9FB0346002BF1D07B681B69EF
:107C10001846FFF7D3FB13E0FFF7AFFBFDF76CFE51
:107C2000786208E0FDF768FE02467B6AD31A022BF1
:107C300001D9032333E2FFF7AFFB0346002BF1D159
:107C40007B681B6803F00803002B06D17B681B6868
:107C500003F01003002B00F0A3807B685B69002B0E
:107C600076D07B681B6803F01003002B46D0FFF72B
:107C700066FC0346002B13D1FFF73FFCFDF73CFEEB
:107C8000786208E0FDF738FE02467B6AD31A022BC1
:107C900001D9032303E2FFF752FC0346002BF1D086
:107CA000FFF75FFCFDF728FE786208E0FDF724FE91
:107CB00002467B6AD31A032B01D90323EFE1FFF7B6
:107CC00072FC0346002BF1D07B689B691846FFF7D6
:107CD0007CFCFFF723FCFDF70FFE786208E0FDF760
:107CE0000BFE02467B6AD31A022B01D90323D6E18D
:107CF000FFF725FC0346002BF1D151E0FFF7FDFB18
:107D0000FDF7FAFD78620CE0280000202C0000202E
:107D1000FDF7F2FD02467B6AD31A022B01D9032339
:107D2000BDE1FFF70CFC0346002BF1D0FFF72AFC66
:107D300008E0FDF7E1FD02467B6AD31A032B01D967
:107D40000323ACE1FFF72FFC0346002BF1D127E022
:107D5000FFF718FCFDF7D0FD786208E0FDF7CCFDD9
:107D600002467B6AD31A032B01D9032397E1FFF75D
:107D70001AFC0346002BF1D1FFF7D0FBFDF7BCFD49
:107D8000786208E0FDF7B8FD02467B6AD31A022B41
:107D900001D9032383E1FFF7D2FB0346002BF1D186
:107DA0007B681B6803F00403002B5BD0A74B1B68A8
:107DB00003F48073002B14D1FFF770FAFDF79CFDDC
:107DC000786208E0FDF798FD02467B6AD31A022B21
:107DD00001D9032363E19D4B1B6803F48073002BDF
:107DE000F0D07B689B68012B02D1FFF730FB0CE0E1
:107DF0007B689B68052B04D1FFF74BFBFFF727FB44
:107E000003E0FFF735FBFFF755FB7B689B68002B12
:107E100014D0FDF771FD78620AE0FDF76DFD0246B2
:107E20007B6AD31A41F28832934201D9032336E1A7
:107E3000FFF751FB0346002BEFD013E0FDF75CFD8D
:107E400078620AE0FDF758FD02467B6AD31A41F2D8
:107E50008832934201D9032321E1FFF73CFB03461B
:107E6000002BEFD17B681B6803F04003002B2CD064
:107E70007B689B6A002B14D0FFF7B5FAFDF73CFD39
:107E8000786208E0FDF738FD02467B6AD31A022BC0
:107E900001D9032303E1FFF7C8FA0346002BF1D011
:107EA00013E0FFF7B1FAFDF727FD786208E0FDF770
:107EB00023FD02467B6AD31A022B01D90323EEE08D
:107EC000FFF7B3FA0346002BF1D17B68DB6A002B86
:107ED00000F0E480FFF711FC38614FF0B043DB683D
:107EE000FB607B68DB6A022B40F0B480FB6803F028
:107EF00003027B681B6B9A4223D1FB6803F070027C
:107F00007B685B6B9A421CD1FB681B0A03F07F0203
:107F10007B689B6B9A4214D1FB6803F478127B68F0
:107F2000DB6B9A420DD1FB6803F060627B681B6CCF
:107F30009A4206D1FB6803F060427B685B6C9A4210
:107F40005DD03B690C2B58D04FF0B0431B6803F059
:107F50008063002B01D00123A1E0FFF784FCFDF733
:107F6000CBFC786208E0FDF7C7FC02467B6AD31AB7
:107F7000022B01D9032392E04FF0B0431B6803F0BA
:107F80000073002BEFD14FF0B043DA68304B134051
:107F90007A68116B7A68526B11437A68926B12029D
:107FA00011437A68D26B11437A68126C11437A6874
:107FB000526C0A434FF0B0411343CB60FFF744FCCF
:107FC0004FF0B043DB684FF0B04243F08053D360D2
:107FD000FDF792FC786208E0FDF78EFC02467B6AB2
:107FE000D31A022B01D9032359E04FF0B0431B6889
:107FF00003F00073002BEFD050E001234FE04FF06F
:10800000B0431B6803F00073002B47D1FFF71CFC43
:108010004FF0B043DB684FF0B04243F08053D36081
:10802000FDF76AFC786208E0FDF766FC02467B6AB1
:10803000D31A022B01D9032331E04FF0B0431B6860
:1080400003F00073002BEFD028E000BF00040058BD
:108050008C80C1113B690C2B1ED0FFF704FCFDF78F
:108060004BFC786208E0FDF747FC02467B6AD31AB6
:10807000022B01D9032312E04FF0B0431B6803F039
:108080000073002BEFD14FF0B043DA684FF0B041EE
:10809000054B1340CB6001E0012300E000231846AC
:1080A0003437BD4690BD00BFFCFFFEEE80B584B006
:1080B00000AF786039607B68002B01D101232DE18E
:1080C000984B1B6803F007033A689A421BD9954BFB
:1080D0001B6823F0070293493B6813430B60FDF7CD
:1080E0000BFCF86008E0FDF707FC0246FB68D31ABA
:1080F000022B01D9032311E18A4B1B6803F007030C
:108100003A689A42EFD17B681B6803F00203002BA8
:1081100016D07B689B681846FFF7FBFAFDF7ECFB6F
:10812000F86008E0FDF7E8FB0246FB68D31A022B73
:1081300001D90323F2E0FFF7E8FB0346002BF1D05F
:108140007B681B6803F02003002B16D07B685B69FB
:108150001846FFF7F2FAFDF7CFFBF86008E0FDF7ED
:10816000CBFB0246FB68D31A022B01D90323D5E0CF
:10817000FFF7DDFB0346002BF1D07B681B6803F0A3
:108180004003002B16D07B689B691846FFF7EBFA7B
:10819000FDF7B2FBF86008E0FDF7AEFB0246FB68B6
:1081A000D31A022B01D90323B8E0FFF7D3FB034610
:1081B000002BF1D07B681B6803F00403002B16D062
:1081C0007B68DB681846FFF7E5FAFDF795FBF8607A
:1081D00008E0FDF791FB0246FB68D31A022B01D998
:1081E00003239BE0FFF7C9FB0346002BF1D07B681C
:1081F0001B6803F00803002B17D07B681B69DB00AA
:108200001846FFF7DBFAFDF777FBF86008E0FDF7AB
:1082100073FB0246FB68D31A022B01D903237DE0CE
:10822000FFF7BDFB0346002BF1D07B681B6803F012
:108230000103002B43D07B685B68022B06D1FFF75C
:108240007BF80346002B1ED1012367E07B685B6847
:10825000032B06D1FFF716FB0346002B13D1012396
:108260005CE07B685B68002B06D1FFF7E3F903460F
:10827000002B08D1012351E0FFF78EF80346002BB5
:1082800001D101234AE07B685B681846FFF721FAB9
:10829000FDF732FBF8600AE0FDF72EFB0246FB68B3
:1082A000D31A41F28832934201D9032336E0FFF713
:1082B00024FA02467B685B689B009A42ECD1194B1A
:1082C0001B6803F007033A689A421BD2154B1B68E0
:1082D00023F0070213493B6813430B60FDF70CFBC7
:1082E000F86008E0FDF708FB0246FB68D31A022B92
:1082F00001D9032312E00B4B1B6803F007033A6814
:108300009A42EFD100F07EF80346074A1360FDF76A
:10831000FFFA03461846FDF7A1FA03461846103740
:10832000BD4680BD004000582800002090B585B0B3
:1083300000AFFFF7E2F978607B68002B0AD1FFF706
:108340009EF903461B0903F00F032B4A52F8233012
:10835000FB604BE07B68042B02D1284BFB6045E0BF
:108360007B68082B0AD1FEF7B7FF0346012B02D129
:10837000224BFB603AE0224BFB6037E0FFF7B9FA93
:1083800038603B68022B03D03B68032B03D00DE021
:108390001A4BBB6015E0FEF79FFF0346012B02D18D
:1083A000164BBB600DE0164BBB600AE0FFF767F9A8
:1083B00003461B0903F00F030F4A52F82330BB603A
:1083C00000BFFFF771FA0246BB6803FB02F4FFF738
:1083D00084FA03461B090133B4FBF3F4FFF771FA87
:1083E00003465B0F0133B4FBF3F3FB60FB681846F5
:1083F0001437BD4690BD00BFB03001080024F40022
:108400000048E80198B500AFFFF790FF0446FFF77A
:10841000E9F903461B0903F00F03034A52F823301E
:10842000B4FBF3F3184698BD5030010898B500AF7F
:10843000FFF7E8FF0446FFF7EFF903461B0A03F0D6
:108440000703044A52F8233003F01F0324FA03F30E
:10845000184698BD9030010898B500AFFFF7D2FFDD
:108460000446FFF7E5F90346DB0A03F00703044A75
:1084700052F8233003F01F0324FA03F3184698BD83
:108480009030010890B585B000AF78607B68B02B64
:1084900003D9154BDB6AFB6007E07B681B0903F01F
:1084A0000F03114A52F82330FB60FFF7A7F9034688
:1084B0001B0903F00F030D4A52F82330FA68B2FB90
:1084C000F3F3BB60BB680A4AA2FB03239C0CFEF7D4
:1084D000F5FE03461946204600F00CF80346184600
:1084E0001437BD4690BD00BFB030010850300108C0
:1084F00083DE1B4390B593B000AF78603960374B93
:1085000007F128040FCB84E80F00354A07F11C035C
:1085100007CA83E80700334B07F10C040FCB84E84C
:108520000F0000237B643B68B3F5007F1AD1002362
:108530003B6413E03B6C9B0048333B4453F8203CC6
:108540007A689A4207D83B6C9B0048333B4453F807
:108550003C3C7B6420E03B6C01333B643B6C032B75
:10856000E8D919E00023FB6313E0FB6B9B00483361
:108570003B4453F82C3C7A689A4207D8FB6B9B002B
:1085800048333B4453F83C3C7B6405E0FB6B0133D0
:10859000FB63FB6B022BE8D9134B1B6823F007022C
:1085A00011497B6C13430B60FDF7A6F9B86308E033
:1085B000FDF7A2F90246BB6BD31A022B01D90323A4
:1085C00007E0094B1B6803F007037A6C9A42EFD16E
:1085D000002318464C37BD4690BD00BF4C2701080C
:1085E0005C270108682701080040005880B400AFEC
:1085F0004FF0B043D3F8903003F00103012B01D1C9
:10860000012300E000231846BD465DF8047B704757
:1086100080B400AF4FF0B043D3F8903003F00203C2
:10862000022B01D1012300E000231846BD465DF86E
:10863000047B704780B483B000AF78604FF0B043E4
:10864000D3F8943023F440424FF0B0417B68134399
:10865000C1F8943000BF0C37BD465DF8047B70470D
:1086600080B483B000AF78604FF0B0435B6A23F012
:1086700003024FF0B0417B6813434B6200BF0C37DD
:10868000BD465DF8047B704780B483B000AF78606E
:108690004FF0B0435B6A23F030024FF0B0417B688B
:1086A00013434B6200BF0C37BD465DF8047B704737
:1086B00080B483B000AF78604FF0B043D3F8883017
:1086C00023F003024FF0B0417B681343C1F88830B8
:1086D00000BF0C37BD465DF8047B704780B483B0A3
:1086E00000AF78604FF0B043D3F8883023F4406295
:1086F0004FF0B0417B681343C1F8883000BF0C379E
:10870000BD465DF8047B704780B483B000AF7860ED
:108710004FF0B043D3F888207B681B0903F47F2314
:10872000DB431A407B681B0103F47F234FF0B04109
:108730001343C1F8883000BF0C37BD465DF8047B99
:10874000704780B483B000AF78604FF0B043D3F887
:1087500088207B681B0C1B04DB431A407B681B04CE
:108760004FF0B0411343C1F8883000BF0C37BD460D
:108770005DF8047B704780B483B000AF78604FF041
:10878000B043D3F8883023F440024FF0B0417B6807
:108790001343C1F8883000BF0C37BD465DF8047B39
:1087A000704780B483B000AF78604FF0B043D3F827
:1087B000883023F040424FF0B0417B681343C1F84A
:1087C000883000BF0C37BD465DF8047B704780B42D
:1087D00083B000AF78604FF0B043D3F8883023F017
:1087E00040624FF0B0417B681343C1F8883000BF4E
:1087F0000C37BD465DF8047B704780B582B000AF92
:1088000078607868FFF7E3FF00BF0837BD4680BD9A
:1088100080B483B000AF78604FF0B043D3F88830B5
:1088200023F040524FF0B0417B681343C1F88830C9
:1088300000BF0C37BD465DF8047B704780B483B041
:1088400000AF78604FF0B043D3F8903023F440721B
:108850004FF0B0417B681343C1F8903000BF0C3734
:10886000BD465DF8047B704780B400AF4FF0B04365
:10887000D3F8903003F440731846BD465DF8047B8E
:10888000704780B400AF4FF0B043D3F890304FF052
:10889000B04243F48033C2F8903000BFBD465DF86B
:1088A000047B704780B400AF4FF0B043D3F89030F2
:1088B0004FF0B04223F48033C2F8903000BFBD4681
:1088C0005DF8047B704780B400AF4FF0B0431B6885
:1088D0004FF0B04243F08063136000BFBD465DF8C7
:1088E000047B704780B400AF4FF0B0431B684FF07B
:1088F000B04223F08063136000BFBD465DF8047B87
:10890000704780B400AF4FF0B0431B6803F00063C2
:10891000B3F1006F01D1012300E000231846BD46EA
:108920005DF8047B704780B588B000AF78600023A5
:10893000FB770023BB777B681B6803F04003002BA9
:1089400034D07B681B6BB3F5400F21D0B3F5400FDB
:108950001BD8B3F5000F1DD0B3F5000F15D8002BB1
:108960000BD0B3F5800F10D14FF0B043DB684FF060
:10897000B04243F48033D3600DE07B680433184683
:1089800000F047F90346FB7705E00123FB7702E09F
:1089900000BF00E000BFFB7F002B05D17B681B6B95
:1089A0001846FFF7E8FE01E0FB7FBB777B681B689A
:1089B00003F40063002B46D0FFF756FFB8617B68D5
:1089C0001B6CBA699A423CD0FEF768FCBB69002B6D
:1089D00005D17B681B6C1846FFF730FF2EE04FF087
:1089E000B043D3F890307B61FFF74BFFFFF75AFF9E
:1089F0007B6923F440727B681B6C13437B614FF0EF
:108A0000B0427B69C2F89030FFF7F0FD0346012BBE
:108A100014D1FCF771FF38610BE0FCF76DFF0246E3
:108A20003B69D31A41F28832934202D90323FB7780
:108A300004E0FFF7EDFD0346012BEED1FB7FBB7792
:108A400001E0FB7FBB777B681B6803F00103002B11
:108A500004D07B689B691846FFF72AFE7B681B6879
:108A600003F00203002B04D07B68DB691846FFF794
:108A700035FE7B681B6803F01003002B04D07B6875
:108A80009B6A1846FFF75DFE7B681B6803F02003B6
:108A9000002B04D07B68DB6A1846FFF752FE7B6828
:108AA0001B6803F00403002B04D07B681B6A184684
:108AB000FFF72AFE7B681B6803F00803002B04D035
:108AC0007B685B6A1846FFF71FFE7B681B6803F430
:108AD0008073002B22D07B685B6B1846FFF78DFEFE
:108AE0007B685B6BB3F1006F07D14FF0B043DB687D
:108AF0004FF0B04243F08073D3607B685B6BB3F19F
:108B0000806F0BD17B680433184600F0DDF8034614
:108B1000FB77FB7F002B01D0FB7FBB777B681B685B
:108B200003F40073002B2BD07B689B6BB3F1804F59
:108B300008D07B689B6BB3F1004F03D07B689B6BC5
:108B4000002B05D17B689B6B1846FFF72AFE0AE0D5
:108B50007B689B6B23F08053FB600020FFF721FEB6
:108B6000F868FFF734FE7B689B6BB3F1C05F07D1F9
:108B70004FF0B043DB684FF0B04243F08073D360F6
:108B80007B681B6803F48063002B22D07B68DB6B5F
:108B90001846FFF73DFE7B68DB6BB3F1005F07D142
:108BA0004FF0B043DB684FF0B04243F48033D36002
:108BB0007B68DB6BB3F1805F0BD17B6804331846B5
:108BC00000F0DDF80346FB77FB7F002B01D0FB7F35
:108BD000BB777B681B6803F48053002B04D07B6851
:108BE0005B6C1846FFF726FD7B681B6803F4005397
:108BF000002B09D07B68DB6C1846FFF745FD7B68CE
:108C00009B6C1846FFF72CFDBB7F18462037BD46EE
:108C100080BD80B584B000AF78600023FB73FFF7A0
:108C200061FEFCF769FEB86009E0FCF765FE0246EC
:108C3000BB68D31A022B02D90323FB7304E0FFF7AE
:108C400060FE0346002BF0D1FB7B002B37D14FF0A9
:108C5000B0431B6923F4FE427B681B681B024FF084
:108C6000B04113430B614FF0B0431B6923F47812FA
:108C70007B685B684FF0B04113430B61FFF723FE45
:108C8000FCF73AFEB86009E0FCF736FE0246BB6826
:108C9000D31A022B02D90323FB7304E0FFF731FE42
:108CA0000346012BF0D1FB7B002B08D14FF0B043E2
:108CB0001A697B681B694FF0B04113430B61FB7B62
:108CC00018461037BD4680BD80B584B000AF7860CF
:108CD0000023FB73FFF706FEFCF70EFEB86009E009
:108CE000FCF70AFE0246BB68D31A022B02D9032303
:108CF000FB7304E0FFF705FE0346002BF0D1FB7B7E
:108D0000002B37D14FF0B0431B6923F4FE427B6840
:108D10001B681B024FF0B04113430B614FF0B0438F
:108D20001B6923F060627B689B684FF0B04113437E
:108D30000B61FFF7C8FDFCF7DFFDB86009E0FCF749
:108D4000DBFD0246BB68D31A022B02D90323FB7357
:108D500004E0FFF7D6FD0346012BF0D1FB7B002B8F
:108D600008D14FF0B0431A697B681B694FF0B041DE
:108D700013430B61FB7B18461037BD4680BD80B5A1
:108D800084B000AF78600023FB73FFF7ABFDFCF706
:108D9000B3FDB86009E0FCF7AFFD0246BB68D31A2B
:108DA000022B02D90323FB7304E0FFF7AAFD03465D
:108DB000002BF0D1FB7B002B37D14FF0B0431B6968
:108DC00023F4FE427B681B681B024FF0B041134343
:108DD0000B614FF0B0431B6923F060427B68DB6896
:108DE0004FF0B04113430B61FFF76DFDFCF784FDBD
:108DF000B86009E0FCF780FD0246BB68D31A022B7D
:108E000002D90323FB7304E0FFF77BFD0346012B2C
:108E1000F0D1FB7B002B08D14FF0B0431A697B687F
:108E20001B694FF0B04113430B61FB7B18461037B1
:108E3000BD4680BD80B584B000AF78607B68002BF4
:108E400001D101237AE07B6893F82130DBB2002B5B
:108E500006D17B68002283F820207868FAF75CFC52
:108E60007B68022283F821207B681B68DB6803F0A3
:108E70001003102B58D07B681B68CA225A627B688B
:108E80001B6853225A62786800F082F80346FB732D
:108E9000FB7B002B2CD17B681B689B687A6812686F
:108EA00023F4E00323F0400393607B681B68996818
:108EB0007B685A687B681B691A437B689B691A4305
:108EC0007B681B680A439A607B681B687A68D26873
:108ED0001A617B681B6819697B689B681A047B6848
:108EE0001B680A431A61786800F08AF80346FB732E
:108EF000FB7B002B13D17B681B68DA6C7B681B68DB
:108F000022F00302DA647B681B68D96C7B68DA693B
:108F10007B685B691A437B681B680A43DA647B6879
:108F20001B68FF225A6201E00023FB73FB7B002BCE
:108F300003D17B68012283F82120FB7B1846103780
:108F4000BD4680BD80B584B000AF78600023FB6073
:108F50007B681B680D4ADA60FCF7CEFCF86009E01C
:108F6000FCF7CAFC0246FB68D31AB3F57A7F01D935
:108F7000032307E07B681B68DB6803F02003002BFA
:108F8000EED0002318461037BD4680BD5FFF0100BC
:108F900080B584B000AF78600023BB600023FB7312
:108FA0007B681B68DB6803F04003002B23D17B68E0
:108FB0001B68DA687B681B6842F08002DA60FCF7A5
:108FC0009BFCB8600DE0FCF797FC0246BB68D31A27
:108FD000B3F57A7F05D97B68042283F82120012329
:108FE000FB737B681B68DB6803F04003002B02D136
:108FF000FB7B012BE7D1FB7B18461037BD4680BDBC
:1090000080B584B000AF78600023FB737B681B6879
:10901000DA687B681B6822F08002DA607B681B6874
:109020009B6803F02003002B0BD17868FFF78AFFC1
:109030000346002B05D07B68042283F821200123FE
:10904000FB73FB7B18461037BD4680BD80B487B0EC
:1090500000AFF860B9607A605F4B1B685F4AA2FBA3
:109060000323DB0A4FF47A7202FB03F37B61FB6894
:1090700093F82030012B01D10223A7E0FB680122E5
:1090800083F82020FB68022283F82120FB681B68FC
:10909000CA225A62FB681B6853225A62FB681B682B
:1090A0009B6803F48063002B1AD07B69013B7B61D2
:1090B0007B69002B0DD1FB681B68FF225A62FB689D
:1090C000032283F82120FB68002283F82020032359
:1090D0007CE0FB681B68DB6803F00403002BE4D131
:1090E000FB681B689A68FB681B6822F480629A60C0
:1090F000FB681B68DB68DAB2FB681B6862F490628D
:10910000DA60354B1B68354AA2FB0323DB0A4FF4B8
:109110007A7202FB03F37B617B69013B7B617B69B4
:10912000002B0DD1FB681B68FF225A62FB680322EB
:1091300083F82120FB68002283F82020032345E0E8
:10914000FB681B68DB6803F00403002BE4D0FB68BA
:109150001B689A68FB681B6822F007029A60FB682C
:109160001B689968FB681B687A680A439A60FB6809
:109170001B68BA685A611A4BD3F88030184A43F416
:109180000023C2F88030164B1B68154A43F40023B5
:109190001360FB681B689A68FB681B6842F4804296
:1091A0009A60FB681B689A68FB681B6842F48062DF
:1091B0009A60FB681B68FF225A62FB68012283F8F1
:1091C0002120FB68002283F82020002318461C374A
:1091D000BD465DF8047B704728000020D34D621027
:1091E0000008005880B483B000AF78607B6893F8C3
:1091F0002030012B01D1022324E07B68012283F877
:1092000020207B68022283F821207B681B68CA2209
:109210005A627B681B6853225A627B681B689A6893
:109220007B681B6842F020029A607B681B68FF2203
:109230005A627B68012283F821207B68002283F830
:109240002020002318460C37BD465DF8047B70478C
:1092500080B584B000AF78607B68002B01D101231A
:1092600095E07B685B6A002B08D17B685B68B3F58F
:10927000827F09D07B680022DA6105E07B680022EA
:109280001A617B6800225A617B6800229A627B68BF
:1092900093F85D30DBB2002B06D17B68002283F8A7
:1092A0005C207868FAF770FA7B68022283F85D2008
:1092B0007B681B681A687B681B6822F040021A6092
:1092C0007B68DB68B3F5E06F02D90023FB6002E046
:1092D0004FF48053FB607B68DB68B3F5706F07D099
:1092E0007B68DB68B3F5E06F02D07B6800229A628E
:1092F0007B685B6803F482727B689B6803F40443B9
:109300001A437B681B6903F002031A437B685B699D
:1093100003F001031A437B689B6903F400731A434B
:109320007B68DB6903F038031A437B681B6A03F030
:10933000800342EA03017B689B6A03F400527B6866
:109340001B680A431A607B689B691B0C03F00402CC
:109350007B685B6A03F010031A437B685B6B03F066
:1093600008031A437B68DB6803F4706342EA030175
:10937000FB6803F480527B681B680A435A607B6871
:1093800000221A667B68012283F85D2000231846BC
:109390001037BD4680BD80B582B000AF78607B6875
:1093A000002B01D1012349E07B6893F83D30DBB20B
:1093B000002B06D17B68002283F83C207868FAF7FE
:1093C00013FA7B68022283F83D207B681A687B6869
:1093D00004331946104600F077F87B68012283F8C1
:1093E00048207B68012283F83E207B68012283F8B5
:1093F0003F207B68012283F840207B68012283F8AC
:1094000041207B68012283F842207B68012283F897
:1094100043207B68012283F844207B68012283F883
:1094200045207B68012283F846207B68012283F86F
:1094300047207B68012283F83D2000231846083727
:10944000BD4680BD80B582B000AF786039607B6872
:1094500093F83C30012B01D1022331E07B680122DB
:1094600083F83C207B68022283F83D2039687868C5
:1094700000F094F80346002B09D07B68012283F8A2
:109480003D207B68002283F83C20012318E07B68A4
:109490001B68DA687B681B6822F04002DA607B6830
:1094A0001B68DA687B681B6822F48042DA607B689C
:1094B000012283F83D207B68002283F83C200023B2
:1094C00018460837BD4680BD80B485B000AF7860CF
:1094D00039607B681B68FB607B682D4A934203D030
:1094E0007B68B3F1804F08D1FB6823F07003FB6009
:1094F0003B685B68FA681343FB607B68244A9342CD
:109500000BD07B68B3F1804F07D07B68214A934230
:1095100003D07B68204A934208D1FB6823F4407350
:10952000FB603B68DB68FA681343FB60FB6823F071
:1095300080023B685B691343FB603B689A687B6809
:10954000DA623B681A687B689A627B68104A9342C9
:1095500007D07B680F4A934203D07B680E4A934240
:1095600003D13B681A697B681A637B681B6843F008
:1095700004027B681A607B6801225A617B68FA6882
:109580001A6000BF1437BD465DF8047B704700BF0A
:10959000002C0140004401400048014080B586B0E5
:1095A00000AF786039600023FB757B681B689B689F
:1095B0003B613B6923F4401323F070033B613B683C
:1095C0005B683A6913433B613B6923F4803323F0C2
:1095D00007033B613B681B683A6913433B617B6847
:1095E0001B683A699A603B685B68702B1AD0702BD5
:1095F00060D8602B54D0602B5CD8502B46D0502BB9
:1096000058D8402B19D0402B54D8302B55D0302B64
:1096100050D8202B51D0202B4CD8002B4DD0102BC4
:109620004BD047E07B6818683B68D9683B689A680C
:109630003B681B6900F0CCF840E03B681B68052BD9
:1096400001D101233BE07B681B681B6AFB607B68E0
:109650001B681A6A7B681B6822F001021A627B6829
:109660001B689B69BB60BB6823F0F003BB603B6871
:109670001B691B01BA681343BB607B681B68BA682F
:109680009A617B681B68FA681A6217E07B68186841
:109690003B6899683B681B691A4600F015F80DE0B5
:1096A0007B6818683B6899683B681B691A4600F03C
:1096B00053F803E00123FB7500E000BFFB7D184673
:1096C0001837BD4680BD000080B487B000AFF86099
:1096D000B9607A60FB681B6A7B61FB681B6A23F0D8
:1096E0000102FB681A62FB68184A934207D0FB68C4
:1096F000174A934203D0FB68164A934205D1FB6890
:109700001B6A23F00402FB681A62FB689B693B61D9
:109710003B6923F0F0033B617B681B013A6913430B
:109720003B617B6923F00A037B617A69BB68134361
:109730007B61FB683A699A61FB687A691A6200BFCB
:109740001C37BD465DF8047B704700BF002C01400C
:10975000004801400044014080B487B000AFF86089
:10976000B9607A60FB681B6A7B61FB681B6A23F047
:109770001002FB681A62FB68144A934205D1FB6829
:109780001B6A23F04002FB681A62FB689B693B611D
:109790003B6923F470433B617B681B033A691343C5
:1097A0003B617B6923F0A0037B61BB681B017A6985
:1097B00013437B61FB683A699A61FB687A691A62B4
:1097C00000BF1C37BD465DF8047B7047002C01408C
:1097D00080B487B000AFF860B9607A603B60FB6826
:1097E0009B687B617B6923F47F437B613B681A0242
:1097F0007B681A43BB6813437A6913437B61FB6838
:109800007A699A6000BF1C37BD465DF8047B7047DB
:1098100080B485B000AF786039607B6893F83C30E5
:10982000012B01D102234AE07B68012283F83C200E
:109830007B68022283F83D207B681B685B68FB60C5
:109840007B681B689B68BB607B681B681F4A9342F0
:1098500008D1FB6823F47003FB603B685B68FA681F
:109860001343FB60FB6823F07003FB603B681B68DD
:10987000FA681343FB607B681B68FA685A607B6870
:109880001B68124A934204D07B681B68B3F1804F77
:109890000CD1BB6823F08003BB603B689B68BA684F
:1098A0001343BB607B681B68BA689A607B680122BF
:1098B00083F83D207B68002283F83C200023184673
:1098C0001437BD465DF8047B704700BF002C014093
:1098D00080B483B000AF78604FF0B043D3F88820F5
:1098E0007B68134018460C37BD465DF8047B704713
:1098F00080B483B000AF78604FF0B043D3F88820D5
:109900007B68134018460C37BD465DF8047B7047F2
:1099100080B582B000AF78607B68002B01D1012355
:1099200042E07B68D3F88830002B06D17B680022A8
:1099300083F884207868F9F787FF7B682422C3F8CE
:1099400088207B681B681A687B681B6822F001020C
:109950001A607B689B6A002B02D0786800F07EFE5C
:10996000786800F053FC0346012B01D101231BE072
:109970007B681B685A687B681B6822F490425A60B7
:109980007B681B689A687B681B6822F02A029A60D1
:109990007B681B681A687B681B6842F001021A60CA
:1099A000786800F0FDFE034618460837BD4680BDC6
:1099B00080B58AB000AFF860B9601346FB80FB68E1
:1099C000D3F88C30202B37D1BB68002B02D0FB881A
:1099D000002B01D1012330E0FB680022DA66FB682E
:1099E0001B68184A93421FD0FB681B685B6803F42E
:1099F0000003002B18D0FB681B687B617B6953E870
:109A0000003F3B613B6943F080637B62FB681B68FE
:109A10001A467B6A3B62FA61F9693A6A41E80023B7
:109A2000BB61BB69002BE6D1FB881A46B968F868B0
:109A300000F0CEFF034600E0022318462837BD465B
:109A400080BD00BF0080004080B58AB000AFF860E4
:109A5000B9601346FB80FB68D3F88830202B67D1B0
:109A6000BB68002B02D0FB88002B01D1012360E0F2
:109A7000FB68BA681A65FB68FA88A3F85420FB688B
:109A8000FA88A3F85620FB680022C3F89020FB68F0
:109A90002122C3F88820FB68DB6F002B28D0FB68ED
:109AA000DB6F264ADA62FB68DB6F254A1A63FB68C4
:109AB000DB6F244A5A63FB68DB6F00229A63FB6802
:109AC000D86FFB681B6D1946FB681B6828331A4664
:109AD000FB88FCF783F90346002B09D0FB681022B2
:109AE000C3F89020FB682022C3F88820012320E0DF
:109AF000FB681B6840221A62FB681B6808337B61A5
:109B00007B6953E8003F3B613B6943F080037B6224
:109B1000FB681B6808337A6A3A62FB61F9693A6A42
:109B200041E80023BB61BB69002BE5D1002300E0C5
:109B3000022318462837BD4680BD00BF63AD00082C
:109B4000F5AD000811AE000880B5BAB000AF78607E
:109B50007B681B68DB69C7F8E4307B681B681B689F
:109B6000C7F8E0307B681B689B68C7F8DC30D7F823
:109B7000E42040F60F031340C7F8D830D7F8D830A8
:109B8000002B1BD1D7F8E43003F02003002B15D0B5
:109B9000D7F8E03003F02003002B05D1D7F8DC30F4
:109BA00003F08053002B09D07B685B6F002B00F023
:109BB00000837B685B6F78689847FAE2D7F8D83003
:109BC000002B00F02381D7F8DC208D4B1340002BB5
:109BD00006D1D7F8E0208B4B1340002B00F0168104
:109BE000D7F8E43003F00103002B11D0D7F8E030B0
:109BF00003F48073002B0BD07B681B6801221A6270
:109C00007B68D3F8903043F001027B68C3F8902062
:109C1000D7F8E43003F00203002B11D0D7F8DC3082
:109C200003F00103002B0BD07B681B6802221A6231
:109C30007B68D3F8903043F004027B68C3F890202F
:109C4000D7F8E43003F00403002B11D0D7F8DC3050
:109C500003F00103002B0BD07B681B6804221A62FF
:109C60007B68D3F8903043F002027B68C3F8902001
:109C7000D7F8E43003F00803002B17D0D7F8E03012
:109C800003F02003002B05D1D7F8DC205C4B1340F8
:109C9000002B0BD07B681B6808221A627B68D3F804
:109CA000903043F008027B68C3F89020D7F8E43086
:109CB00003F40063002B12D0D7F8E03003F0806388
:109CC000002B0CD07B681B684FF400621A627B6823
:109CD000D3F8903043F020027B68C3F890207B6873
:109CE000D3F89030002B00F06682D7F8E43003F010
:109CF0002003002B13D0D7F8E03003F02003002B13
:109D000005D1D7F8DC3003F08053002B07D07B68F7
:109D10005B6F002B03D07B685B6F786898477B682C
:109D2000D3F89030C7F8D4307B681B689B6803F089
:109D30004003402B05D0D7F8D43003F02803002B84
:109D400054D0786800F0A7FF7B681B689B6803F01D
:109D50004003402B46D17B681B680833C7F89C3012
:109D6000D7F89C3053E8003FC7F89830D7F89830C0
:109D700023F04003C7F8D0307B681B680833D7F85E
:109D8000D020C7F8A820C7F8A430D7F8A410D7F877
:109D9000A82041E80023C7F8A030D7F8A030002B56
:109DA000D9D17B68D3F88030002B17D07B68D3F8EB
:109DB0008030154A9A637B68D3F880301846FCF7E8
:109DC000E7F80346002B19D07B68D3F880309B6BF3
:109DD0007A68D2F88020104698470FE0786800F043
:109DE000FFF90BE0786800F0FBF907E0786800F015
:109DF000F7F97B680022C3F89020DCE100BFDAE1CC
:109E0000010000102001000481AE00087B68DB6EB9
:109E1000012B40F07081D7F8E43003F01003002BE1
:109E200000F06981D7F8E03003F01003002B00F058
:109E300062817B681B6810221A627B681B689B68C2
:109E400003F04003402B40F0D8807B68D3F880308B
:109E50001B685B68A7F8BE30B7F8BE30002B00F077
:109E6000AF807B68B3F85C30B7F8BE209A4280F0D0
:109E7000A7807B68B7F8BE20A3F85E207B68D3F884
:109E800080301B681B6803F02003002B40F08780A4
:109E90007B681B68C7F88830D7F8883053E8003FE4
:109EA000C7F88430D7F8843023F48073C7F8B8300B
:109EB0007B681B681A46D7F8B830C7F89430C7F8E3
:109EC0009020D7F89010D7F8942041E80023C7F8E5
:109ED0008C30D7F88C30002BDAD17B681B680833C4
:109EE0007B677B6F53E8003F3B673B6F23F00103C9
:109EF000C7F8B4307B681B680833D7F8B420C7F8BC
:109F00008020FB67F96FD7F8802041E80023BB670A
:109F1000BB6F002BE1D17B681B6808333B663B6E4F
:109F200053E8003FFB65FB6D23F04003C7F8B030FA
:109F30007B681B680833D7F8B020FA66BB66B96E39
:109F4000FA6E41E800237B667B6E002BE3D17B68D1
:109F50002022C3F88C207B680022DA667B681B68AD
:109F6000FB64FB6C53E8003FBB64BB6C23F0100345
:109F7000C7F8AC307B681B681A46D7F8AC30BB65B5
:109F80007A65796DBA6D41E800233B653B6D002B26
:109F9000E4D17B68D3F880301846FBF79AFF7B68E2
:109FA00002221A677B68B3F85C207B68B3F85E30E6
:109FB0009BB2D31A9BB21946786800F01BF9FCE0FB
:109FC0007B68B3F85C30B7F8BE209A4240F0F58069
:109FD0007B68D3F880301B681B6803F02003202BBC
:109FE00040F0EB807B6802221A677B68B3F85C3034
:109FF0001946786800F0FEF8DFE07B68B3F85C2073
:10A000007B68B3F85E309BB2D31AA7F8CE307B687A
:10A01000B3F85E309BB2002B00F0D180B7F8CE30A1
:10A02000002B00F0CC807B681B68BB63BB6B53E8E4
:10A03000003F7B637B6B23F49073C7F8C8307B6869
:10A040001B681A46D7F8C8307B643A64396C7A6C5E
:10A0500041E80023FB63FB6B002BE4D17B681B68AA
:10A0600008337B627B6A53E8003F3B623B6A23F024
:10A07000805323F00103C7F8C4307B681B680833A2
:10A08000D7F8C4203A63FB62F96A3A6B41E80023CF
:10A09000BB62BB6A002BE1D17B682022C3F88C2015
:10A0A0007B680022DA667B6800225A677B681B683F
:10A0B0003B613B6953E8003FFB60FB6823F0100302
:10A0C000C7F8C0307B681B681A46D7F8C030FB6100
:10A0D000BA61B969FA6941E800237B617B69002BA9
:10A0E000E4D17B6802221A67B7F8CE301946786847
:10A0F00000F080F863E0D7F8E43003F48013002B1D
:10A100000ED0D7F8DC3003F48003002B08D07B6836
:10A110001B684FF480121A62786801F00BFC51E062
:10A12000D7F8E43003F08003002B14D0D7F8E030E8
:10A1300003F08003002B05D1D7F8DC3003F40003D3
:10A14000002B08D07B689B6F002B3AD07B689B6FFD
:10A150007868984735E0D7F8E43003F04003002BE7
:10A1600009D0D7F8E03003F04003002B03D0786823
:10A1700000F094FE26E0D7F8E43003F40003002B4F
:10A1800009D0D7F8E03003F08043002B03D0786883
:10A1900001F0E4FB16E0D7F8E43003F08073002B05
:10A1A00010D0D7F8E030002B0CDA786801F0CCFB47
:10A1B00008E000BF06E000BF04E000BF02E000BF0F
:10A1C00000E000BFE837BD4680BD00BF80B483B06B
:10A1D00000AF786000BF0C37BD465DF8047B704768
:10A1E00080B483B000AF786000BF0C37BD465DF827
:10A1F000047B704780B483B000AF78600B467B80EF
:10A2000000BF0C37BD465DF8047B70472DE9B04FA9
:10A210008CB000AF7861002387F82A307B699A6898
:10A220007B691B691A437B695B691A437B69DB693C
:10A230001343FB627B691B681A68AF4B13407A6952
:10A240001268F96A0B4313607B691B685B6823F42F
:10A2500040517B69DA687B691B680A435A607B69F5
:10A260009B69FB627B691B68A44A934204D07B69AB
:10A270001B6AFA6A1343FB627B691B689B6823F0C5
:10A280006E4323F430637A691268F96A0B43936072
:10A290007B691B68DB6A23F00F017B695A6A7B6963
:10A2A0001B680A43DA627B691B68954A934225D191
:10A2B0000320FFF70DFB0346032B1BD801A252F826
:10A2C00023F000BFD5A20008E5A20008DDA2000827
:10A2D000EDA20008012387F82B3042E0022387F823
:10A2E0002B303EE0042387F82B303AE0082387F830
:10A2F0002B3036E0102387F82B3032E07B691B6867
:10A300007E4A93422AD14FF44060FFF7F1FA0346A8
:10A31000B3F5406F1AD0B3F5406F1BD8B3F5006F9B
:10A320000CD0B3F5006F15D8002B03D0B3F5806FB8
:10A3300008D00FE0002387F82B3012E0022387F8C3
:10A340002B300EE0042387F82B300AE0082387F82F
:10A350002B3006E0102387F82B3002E0102387F81B
:10A360002B307B691B68654A934240F0978097F8D1
:10A370002B30082B23D801A252F823F0A1A3000808
:10A38000BFA30008A9A30008BFA30008AFA300084B
:10A39000BFA30008BFA30008BFA30008B7A300081D
:10A3A000FEF744F8786210E0564B7B620DE0FDF753
:10A3B000BDFF786209E04FF400437B6205E00023B3
:10A3C0007B62012387F82A3000BF7B6A002B00F0F4
:10A3D0002B817B695B6A4C4A32F813301A467B6AE0
:10A3E000B3FBF2F3BB617B695A6813465B0013440D
:10A3F000BA699A4205D37B695B681B03BA699A42C2
:10A4000003D9012387F82A300EE17B6A0022BB6062
:10A41000FA607B695B6A3C4A32F813309BB20022D7
:10A420003B607A60D7E90023D7E90201F6F7A4FB85
:10A4300002460B46104619464FF000024FF000034B
:10A440000B0243EA10630202796949684908002057
:10A450000C46054612EB040843EB05097B695B6873
:10A4600000229A46934652465B4640464946F6F7D6
:10A4700083FB02460B4613463B623B6AB3F5407FC3
:10A4800008D33B6AB3F5801F04D27B691B683A6A24
:10A49000DA60C9E0012387F82A30C5E07B69DB690F
:10A4A000B3F5004F6DD197F82B30013B072B2DD81A
:10A4B00001A252F823F000BFD9A40008E1A40008CB
:10A4C0000DA50008E7A400080DA500080DA50008CB
:10A4D0000DA50008EFA40008FDF7BEFF78621BE0A1
:10A4E000084B7B6218E0FDF721FF786214E04FF41F
:10A4F00000437B6210E000BFF369FFCF00800040A3
:10A50000003801400024F400F030010800237B6291
:10A51000012387F82A3000BF7B6A002B00F084807B
:10A520007B695B6A4B4A32F813301A467B6AB3FB8D
:10A53000F2F35A007B695B685B081A447B695B68CD
:10A54000B2FBF3F33B623B6A0F2B16D93B6AB3F5C0
:10A55000803F12D23B6A9BB223F00F03FB833B6A1E
:10A560005B089BB203F007039AB2FB8B1343FB8398
:10A570007B691B68FA8BDA6056E0012387F82A3082
:10A5800052E097F82B30013B072B22D801A252F85A
:10A5900023F000BFB5A50008BDA50008D3A500089D
:10A5A000C3A50008D3A50008D3A50008D3A50008BB
:10A5B000CBA50008FDF750FF786210E0264B7B62C8
:10A5C0000DE0FDF7B3FE786209E04FF400437B62D3
:10A5D00005E000237B62012387F82A3000BF7B6AF5
:10A5E000002B21D07B695B6A1A4A32F813301A4675
:10A5F0007B6AB3FBF2F27B695B685B081A447B6998
:10A600005B68B2FBF3F33B623B6A0F2B09D93B6AF1
:10A61000B3F5803F05D23B6A9AB27B691B68DA606A
:10A6200002E0012387F82A307B690122A3F86A201F
:10A630007B690122A3F868207B6900225A677B6945
:10A6400000229A6797F82A3018463037BD46BDE891
:10A65000B08F00BFF03001080024F40080B483B054
:10A6600000AF78607B689B6A03F00803002B0AD078
:10A670007B681B685B6823F400417B689A6B7B688E
:10A680001B680A435A607B689B6A03F00103002B36
:10A690000AD07B681B685B6823F400317B68DA6A48
:10A6A0007B681B680A435A607B689B6A03F002035D
:10A6B000002B0AD07B681B685B6823F480317B68C1
:10A6C0001A6B7B681B680A435A607B689B6A03F0BD
:10A6D0000403002B0AD07B681B685B6823F480218D
:10A6E0007B685A6B7B681B680A435A607B689B6A6D
:10A6F00003F01003002B0AD07B681B689B6823F4CF
:10A7000080517B68DA6B7B681B680A439A607B68C0
:10A710009B6A03F02003002B0AD07B681B689B68B0
:10A7200023F400517B681A6C7B681B680A439A60AB
:10A730007B689B6A03F04003002B1AD07B681B6880
:10A740005B6823F480117B685A6C7B681B680A4342
:10A750005A607B685B6CB3F5801F0AD17B681B680D
:10A760005B6823F4C0017B689A6C7B681B680A43B2
:10A770005A607B689B6A03F08003002B0AD07B68D9
:10A780001B685B6823F400217B68DA6C7B681B68BC
:10A790000A435A6000BF0C37BD465DF8047B704722
:10A7A00080B598B002AF78607B680022C3F8902033
:10A7B000FBF7A2F878657B681B681B6803F0080349
:10A7C000082B2FD16FF07E4300937B6D00224FF456
:10A7D0000011786800F08EF80346002B22D07B68C9
:10A7E0001B68BB63BB6B53E8003F7B637B6B23F051
:10A7F00080033B657B681B681A463B6D7B643A644B
:10A80000396C7A6C41E80023FB63FB6B002BE6D1CB
:10A810007B682022C3F888207B68002283F884208C
:10A82000032363E07B681B681B6803F00403042BAD
:10A8300049D16FF07E4300937B6D00224FF480017D
:10A84000786800F057F80346002B3CD07B681B6803
:10A850007B627B6A53E8003F3B623B6A23F4907360
:10A86000FB647B681B681A46FB6C3B63FA62F96AFF
:10A870003A6B41E80023BB62BB6A002BE6D17B68E0
:10A880001B6808333B613B6953E8003FFB60FB6892
:10A8900023F00103BB647B681B680833BA6CFA6160
:10A8A000BB61B969FA6941E800237B617B69002BD0
:10A8B000E5D17B682022C3F88C207B68002283F8D6
:10A8C0008420032312E07B682022C3F888207B6861
:10A8D0002022C3F88C207B680022DA667B68002285
:10A8E0001A677B68002283F88420002318465837B3
:10A8F000BD4680BD80B584B000AFF860B9603B60F4
:10A900001346FB714FE0BB69B3F1FF3F4BD0FAF741
:10A91000F3FF02463B68D31ABA699A4202D3BB6975
:10A92000002B01D103234EE0FB681B681B6803F07A
:10A930000403002B37D0BB68802B34D0BB68402B7E
:10A9400031D0FB681B68DB6903F00803082B10D1CA
:10A95000FB681B6808221A62F86800F09CF9FB6823
:10A960000822C3F89020FB68002283F8842001238A
:10A9700029E0FB681B68DB6903F40063B3F5006F33
:10A9800011D1FB681B684FF400621A62F86800F08E
:10A9900082F9FB682022C3F89020FB68002283F82C
:10A9A000842003230FE0FB681B68DA69BB6813404F
:10A9B000BA689A420CBF01230023DBB21A46FB7926
:10A9C0009A42A0D0002318461037BD4680BD000033
:10A9D00080B4A3B000AFF860B9601346FB80FB6899
:10A9E000BA689A65FB68FA88A3F85C20FB68FA8865
:10A9F000A3F85E20FB6800225A67FB689B68B3F5EA
:10AA0000805F0ED1FB681B69002B05D1FB6840F20B
:10AA1000FF12A3F860202DE0FB68FF22A3F860205E
:10AA200028E0FB689B68002B0DD1FB681B69002B9D
:10AA300004D1FB68FF22A3F860201BE0FB687F22A3
:10AA4000A3F8602016E0FB689B68B3F1805F0DD12E
:10AA5000FB681B69002B04D1FB687F22A3F86020F0
:10AA600008E0FB683F22A3F8602003E0FB680022B7
:10AA7000A3F86020FB680022C3F89020FB68222224
:10AA8000C3F88C20FB681B6808337B667B6E53E839
:10AA9000003F3B663B6E43F00103C7F88430FB6820
:10AAA0001B680833D7F884203A67FB66F96E3A6F63
:10AAB00041E80023BB66BB6E002BE3D1FB685B6EF5
:10AAC000B3F1005F4FD1FB68B3F86830FA889A425F
:10AAD00049D3FB689B68B3F5805F07D1FB681B69AE
:10AAE000002B03D1FB68474A5A6702E0FB68464ADD
:10AAF0005A67FB681B69002B1AD0FB681B683B6513
:10AB00003B6D53E8003FFB64FB6C43F48073C7F874
:10AB10008030FB681B681A46D7F88030FB65BA6541
:10AB2000B96DFA6D41E800237B657B6D002BE4D1A4
:10AB3000FB681B680833FB63FB6B53E8003FBB6398
:10AB4000BB6B43F08053FB67FB681B680833FA6FED
:10AB5000BA647B64796CBA6C41E800233B643B6C5B
:10AB6000002BE5D146E0FB689B68B3F5805F07D119
:10AB7000FB681B69002B03D1FB68244A5A6702E07B
:10AB8000FB68234A5A67FB681B69002B19D0FB68D6
:10AB90001B68BB62BB6A53E8003F7B627B6A43F47D
:10ABA00090737B67FB681B681A467B6F7B633A6315
:10ABB000396B7A6B41E80023FB62FB6A002BE6D11C
:10ABC00018E0FB681B687B617B6953E8003F3B61D1
:10ABD0003B6943F02003BB67FB681B681A46BB6FE9
:10ABE0003B62FA61F9693A6A41E80023BB61BB69DB
:10ABF000002BE6D1002318468C37BD465DF8047B58
:10AC0000704700BFC9B5000865B20008ADB00008C4
:10AC1000F5AE000880B48FB000AF78607B681B6829
:10AC20003B623B6A53E8003FFB61FB6923F0C003D2
:10AC30007B637B681B681A467B6BFB62BA62B96AEE
:10AC4000FA6A41E800237B627B6A002BE6D17B68CD
:10AC50001B680833FB60FB6853E8003FBB60BB68C0
:10AC600023F400033B637B681B6808333A6BBA61CB
:10AC70007B617969BA6941E800233B613B69002B3C
:10AC8000E5D17B682022C3F8882000BF3C37BD4651
:10AC90005DF8047B704780B495B000AF78607B6846
:10ACA0001B687B637B6B53E8003F3B633B6B23F488
:10ACB0009073FB647B681B681A46FB6C3B64FA6309
:10ACC000F96B3A6C41E80023BB63BB6B002BE6D108
:10ACD0007B681B6808333B623B6A53E8003FFB61BB
:10ACE000FB6923F0805323F00103BB647B681B687E
:10ACF0000833BA6CFA62BB62B96AFA6A41E80023A7
:10AD00007B627B6A002BE3D17B68DB6E012B18D161
:10AD10007B681B68FB60FB6853E8003FBB60BB6857
:10AD200023F010037B647B681B681A467B6CBB6155
:10AD30007A617969BA6941E800233B613B69002B7C
:10AD4000E6D17B682022C3F88C207B680022DA667B
:10AD50007B6800225A6700BF5437BD465DF8047B0C
:10AD6000704780B590B000AF78607B689B6AFB63EA
:10AD70007B681B681B6803F02003002B33D1FB6B3F
:10AD80001B6808337B627B6A53E8003F3B623B6A87
:10AD900023F08003BB63FB6B1B680833BA6B3A6319
:10ADA000FB62F96A3A6B41E80023BB62BB6A002B85
:10ADB000E5D1FB6B1B683B613B6953E8003FFB60DF
:10ADC000FB6843F040037B63FB6B1B681A467B6B9D
:10ADD000FB61BA61B969FA6941E800237B617B696B
:10ADE000002BE6D102E0F86BF7F7D4FC00BF403748
:10ADF000BD4680BD80B584B000AF78607B689B6A3B
:10AE0000FB60F868FFF7E2F900BF1037BD4680BD70
:10AE100080B586B000AF78607B689B6A7B617B6998
:10AE2000D3F888303B617B69D3F88C30FB607B6959
:10AE30001B689B6803F08003802B05D13B69212BA5
:10AE400002D17869FFF7E6FE7B691B689B6803F017
:10AE50004003402B05D1FB68222B02D17869FFF714
:10AE60001AFF7B69D3F8903043F010027B69C3F876
:10AE700090207869FFF7B4F900BF1837BD4680BD50
:10AE800080B584B000AF78607B689B6AFB60F8682F
:10AE9000FFF7A6F900BF1037BD4680BD80B588B06A
:10AEA00000AF78607B681B68FB60FB6853E8003F7D
:10AEB000BB60BB6823F04003FB617B681B681A46DC
:10AEC000FB69BB617A617969BA6941E800233B613A
:10AED0003B69002BE6D17B682022C3F888207B6881
:10AEE00000229A677868F7F755FC00BF2037BD4607
:10AEF00080BD000080B59CB000AF78607B68B3F87F
:10AF00006030A7F86E307B68D3F88C30222B40F08D
:10AF1000BE807B681B685B6AA7F86C30B7F86C3042
:10AF2000D9B2B7F86E30DAB27B689B6D0A40D2B204
:10AF30001A707B689B6D5A1C7B689A657B68B3F8B6
:10AF40005E309BB2013B9AB27B68A3F85E207B68BF
:10AF5000B3F85E309BB2002B40F0A1807B681B6889
:10AF6000FB64FB6C53E8003FBB64BB6C23F4907341
:10AF7000BB667B681B681A46BB6EBB657A65796DDC
:10AF8000BA6D41E800233B653B6D002BE6D17B6841
:10AF90001B680833BB63BB6B53E8003F7B637B6B71
:10AFA00023F001037B667B681B6808337A6E7A6442
:10AFB0003B64396C7A6C41E80023FB63FB6B002B2C
:10AFC000E5D17B682022C3F88C207B6800225A6779
:10AFD0007B6800221A677B681B68334A93421FD044
:10AFE0007B681B685B6803F40003002B18D07B6848
:10AFF0001B687B627B6A53E8003F3B623B6A23F03D
:10B0000080633B667B681B681A463B6E3B63FA6253
:10B01000F96A3A6B41E80023BB62BB6A002BE6D1B8
:10B020007B68DB6E012B2ED17B680022DA667B68A1
:10B030001B683B613B6953E8003FFB60FB6823F002
:10B040001003FB657B681B681A46FB6DFB61BA61E8
:10B05000B969FA6941E800237B617B69002BE6D17D
:10B060007B681B68DB6903F01003102B03D17B683E
:10B070001B6810221A627B68B3F85C301946786846
:10B08000FFF7B8F80BE07868F7F766FB07E07B6836
:10B090001B689A697B681B6842F008029A6100BFCE
:10B0A0007037BD4680BD00BF0080004080B59CB0B9
:10B0B00000AF78607B68B3F86030A7F86E307B68CB
:10B0C000D3F88C30222B40F0BE807B681B685B6A13
:10B0D000A7F86C307B689B6DBB66B7F86C20B7F83F
:10B0E0006E3013409AB2BB6E1A807B689B6D9A1CBF
:10B0F0007B689A657B68B3F85E309BB2013B9AB27D
:10B100007B68A3F85E207B68B3F85E309BB2002BAF
:10B1100040F0A1807B681B68BB64BB6C53E8003FB8
:10B120007B647B6C23F490737B667B681B681A4698
:10B130007B6E7B653A65396D7A6D41E80023FB646F
:10B14000FB6C002BE6D17B681B6808337B637B6B51
:10B1500053E8003F3B633B6B23F001033B667B6896
:10B160001B6808333A6E3A64FB63F96B3A6C41E84A
:10B170000023BB63BB6B002BE5D17B682022C3F8A7
:10B180008C207B6800225A677B6800221A677B68E4
:10B190001B68334A93421FD07B681B685B6803F4CB
:10B1A0000003002B18D07B681B683B623B6A53E8A6
:10B1B000003FFB61FB6923F08063FB657B681B68D4
:10B1C0001A46FB6DFB62BA62B96AFA6A41E800236B
:10B1D0007B627B6A002BE6D17B68DB6E012B2ED174
:10B1E0007B680022DA667B681B68FB60FB6853E8BB
:10B1F000003FBB60BB6823F01003BB657B681B6826
:10B200001A46BB6DBB617A617969BA6941E800236E
:10B210003B613B69002BE6D17B681B68DB6903F06F
:10B220001003102B03D17B681B6810221A627B6805
:10B23000B3F85C3019467868FEF7DCFF0BE07868FD
:10B24000F7F78AFA07E07B681B689A697B681B68D6
:10B2500042F008029A6100BF7037BD4680BD00BF52
:10B260000080004080B5ACB000AF78607B68B3F878
:10B270006030A7F8AA307B681B68DB69C7F8AC3080
:10B280007B681B681B68C7F8A4307B681B689B68D9
:10B29000C7F8A0307B68D3F88C30222B40F0838134
:10B2A0007B68B3F86830A7F89E3026E17B681B689E
:10B2B0005B6AA7F89C30B7F89C30D9B2B7F8AA30CF
:10B2C000DAB27B689B6D0A40D2B21A707B689B6DC4
:10B2D0005A1C7B689A657B68B3F85E309BB2013B71
:10B2E0009AB27B68A3F85E207B681B68DB69C7F8AD
:10B2F000AC30D7F8AC3003F00703002B53D0D7F8AD
:10B30000AC3003F00103002B11D0D7F8A43003F4C4
:10B310008073002B0BD07B681B6801221A627B684C
:10B32000D3F8903043F001027B68C3F89020D7F83F
:10B33000AC3003F00203002B11D0D7F8A03003F09B
:10B340000103002B0BD07B681B6802221A627B680A
:10B35000D3F8903043F004027B68C3F89020D7F80C
:10B36000AC3003F00403002B11D0D7F8A03003F069
:10B370000103002B0BD07B681B6804221A627B68D8
:10B38000D3F8903043F002027B68C3F890207B68CA
:10B39000D3F89030002B06D07868FEF721FF7B6849
:10B3A0000022C3F890207B68B3F85E309BB2002B7C
:10B3B00040F0A3807B681B683B673B6F53E8003F0E
:10B3C000FB66FB6E23F48073C7F898307B681B68BC
:10B3D0001A46D7F89830FB67BA67B96FFA6F41E839
:10B3E00000237B677B6F002BE4D17B681B680833ED
:10B3F000FB65FB6D53E8003FBB65BB6D23F08053DD
:10B4000023F00103C7F894307B681B680833D7F832
:10B410009420BA667B66796EBA6E41E800233B667B
:10B420003B6E002BE1D17B682022C3F88C207B6827
:10B4300000225A677B6800221A677B681B68604A93
:10B44000934221D07B681B685B6803F40003002BE8
:10B450001AD07B681B68BB64BB6C53E8003F7B64FD
:10B460007B6C23F08063C7F890307B681B681A46BA
:10B47000D7F890307B653A65396D7A6D41E80023E5
:10B48000FB64FB6C002BE4D17B68DB6E012B30D1BD
:10B490007B680022DA667B681B687B637B6B53E802
:10B4A000003F3B633B6B23F01003C7F88C307B6895
:10B4B0001B681A46D7F88C303B64FA63F96B3A6C18
:10B4C00041E80023BB63BB6B002BE4D17B681B68A6
:10B4D000DB6903F01003102B03D17B681B6810227B
:10B4E0001A627B68B3F85C3019467868FEF782FE12
:10B4F0000EE07868F7F730F90AE0B7F89E30002BD5
:10B5000006D0D7F8AC3003F02003002B7FF4CEAE8A
:10B510007B68B3F85E30A7F88A30B7F88A30002B22
:10B5200049D07B68B3F86830B7F88A209A4242D293
:10B530007B681B6808333B623B6A53E8003FFB6152
:10B54000FB6923F08053C7F884307B681B6808339D
:10B55000D7F88420FA62BB62B96AFA6A41E800232C
:10B560007B627B6A002BE3D17B68164A5A677B6853
:10B570001B68FB60FB6853E8003FBB60BB6843F09F
:10B580002003C7F880307B681B681A46D7F88030E4
:10B59000BB617A617969BA6941E800233B613B6923
:10B5A000002BE4D107E07B681B689A697B681B6805
:10B5B00042F008029A6100BFB037BD4680BD00BFAF
:10B5C00000800040F5AE000880B5AEB000AF7860F6
:10B5D0007B68B3F86030A7F8B2307B681B68DB6922
:10B5E000C7F8B4307B681B681B68C7F8AC307B6851
:10B5F0001B689B68C7F8A8307B68D3F88C30222B77
:10B6000040F087817B68B3F86830A7F8A6302AE15C
:10B610007B681B685B6AA7F8A4307B689B6DC7F8E2
:10B62000A030B7F8A420B7F8B23013409AB2D7F8D8
:10B63000A0301A807B689B6D9A1C7B689A657B683A
:10B64000B3F85E309BB2013B9AB27B68A3F85E20F0
:10B650007B681B68DB69C7F8B430D7F8B43003F0F7
:10B660000703002B53D0D7F8B43003F00103002BAD
:10B6700011D0D7F8AC3003F48073002B0BD07B686B
:10B680001B6801221A627B68D3F8903043F00102F4
:10B690007B68C3F89020D7F8B43003F00203002B86
:10B6A00011D0D7F8A83003F00103002B0BD07B6832
:10B6B0001B6802221A627B68D3F8903043F00402C0
:10B6C0007B68C3F89020D7F8B43003F00403002B54
:10B6D00011D0D7F8A83003F00103002B0BD07B6802
:10B6E0001B6804221A627B68D3F8903043F0020290
:10B6F0007B68C3F890207B68D3F89030002B06D08D
:10B700007868FEF76DFD7B680022C3F890207B68A7
:10B71000B3F85E309BB2002B40F0A5807B681B68BD
:10B720007B677B6F53E8003F3B673B6F23F480737D
:10B73000C7F89C307B681B681A46D7F89C30C7F85E
:10B740008030FA67F96FD7F8802041E80023BB67A3
:10B75000BB6F002BE2D17B681B6808333B663B6EF6
:10B7600053E8003FFB65FB6D23F0805323F001039A
:10B77000C7F898307B681B680833D7F89820FA66BA
:10B78000BB66B96EFA6E41E800237B667B6E002BC8
:10B79000E1D17B682022C3F88C207B6800225A67A5
:10B7A0007B6800221A677B681B68604A934221D03D
:10B7B0007B681B685B6803F40003002B1AD07B686E
:10B7C0001B68FB64FB6C53E8003FBB64BB6C23F05D
:10B7D0008063C7F894307B681B681A46D7F89430AA
:10B7E000BB657A65796DBA6D41E800233B653B6DB9
:10B7F000002BE4D17B68DB6E012B30D17B6800220B
:10B80000DA667B681B68BB63BB6B53E8003F7B63F6
:10B810007B6B23F01003C7F890307B681B681A46D7
:10B82000D7F890307B643A64396C7A6C41E8002335
:10B83000FB63FB6B002BE4D17B681B68DB6903F0C7
:10B840001003102B03D17B681B6810221A627B68DF
:10B85000B3F85C3019467868FEF7CCFC0EE07868E7
:10B86000F6F77AFF0AE0B7F8A630002B06D0D7F833
:10B87000B43003F02003002B7FF4CAAE7B68B3F82A
:10B880005E30A7F88E30B7F88E30002B49D07B6839
:10B89000B3F86830B7F88E209A4242D27B681B68B2
:10B8A00008337B627B6A53E8003F3B623B6A23F0CC
:10B8B0008053C7F888307B681B680833D7F8882026
:10B8C0003A63FB62F96A3A6B41E80023BB62BB6AE8
:10B8D000002BE3D17B68164A5A677B681B683B6183
:10B8E0003B6953E8003FFB60FB6843F02003C7F867
:10B8F00084307B681B681A46D7F88430FB61BA61D4
:10B90000B969FA6941E800237B617B69002BE4D1C6
:10B9100007E07B681B689A697B681B6842F0080235
:10B920009A6100BFB837BD4680BD00BF00800040AF
:10B93000ADB0000880B483B000AF786000BF0C37B2
:10B94000BD465DF8047B704780B483B000AF78607B
:10B9500000BF0C37BD465DF8047B704780B483B0F0
:10B9600000AF786000BF0C37BD465DF8047B7047C0
:10B9700080B485B000AF78607B6893F88430012B89
:10B9800001D1022327E07B68012283F884207B68B1
:10B990002422C3F888207B681B681B68FB607B68D7
:10B9A0001B681A687B681B6822F001021A60FB683A
:10B9B00023F00053FB607B6800225A667B681B689B
:10B9C000FA681A607B682022C3F888207B6800220E
:10B9D00083F88420002318461437BD465DF8047BA5
:10B9E000704780B584B000AF786039607B6893F8A9
:10B9F0008430012B01D102232DE07B68012283F8E2
:10BA000084207B682422C3F888207B681B681B681D
:10BA1000FB607B681B681A687B681B6822F0010268
:10BA20001A607B681B689B6823F060417B681B6819
:10BA30003A680A439A60786800F050F87B681B689F
:10BA4000FA681A607B682022C3F888207B6800228D
:10BA500083F88420002318461037BD4680BD80B58A
:10BA600084B000AF786039607B6893F88430012B34
:10BA700001D102232DE07B68012283F884207B68BA
:10BA80002422C3F888207B681B681B68FB607B68E6
:10BA90001B681A687B681B6822F001021A607B68C9
:10BAA0001B689B6823F060617B681B683A680A43E7
:10BAB0009A60786800F012F87B681B68FA681A6070
:10BAC0007B682022C3F888207B68002283F88420CA
:10BAD000002318461037BD4680BD000080B485B0F5
:10BAE00000AF78607B685B6E002B08D17B68012219
:10BAF000A3F86A207B680122A3F8682031E00823BC
:10BB0000FB730823BB737B681B689B685B0EDBB20F
:10BB100003F007037B737B681B689B685B0FDBB2DA
:10BB200003F007033B73BB7B3A7B11498A5C02FB42
:10BB300003F33A7B0F498A5C93FBF2F39AB27B687A
:10BB4000A3F86A20FB7B7A7B09498A5C02FB03F33A
:10BB50007A7B08498A5C93FBF2F39AB27B68A3F87C
:10BB6000682000BF1437BD465DF8047B704700BFF6
:10BB7000083101081031010880B5CCB000AF024691
:10BB800007F59873A3F229131A7007F11003C7F889
:10BB90002C3107F59873A3F2211300221A700023A9
:10BBA000C7F82831D7F82C3107F59872A2F229127C
:10BBB00012781A70D7F828310133C7F8283107F501
:10BBC000887318220021184601F024F93F23A7F8B2
:10BBD00010318523A7F8123107F11003C7F8183187
:10BBE000D7F82831C7F81C3107F10F03C7F8203107
:10BBF0000123C7F8243107F588730021184600F0A7
:10BC0000C7FF0346002B01DAFF2304E007F5987312
:10BC1000A3F221131B78184607F59877BD4680BD1F
:10BC2000B0B5CCB000AF05460C461046194607F536
:10BC30009873A3F229132A461A7007F59873A3F58F
:10BC4000957322461A7007F59873A3F22B130246D8
:10BC50001A7007F59873A3F596730A461A7007F1E0
:10BC60001003C7F82C3107F59873A3F221130022B3
:10BC70001A700023C7F82831D7F82C3107F59872CD
:10BC8000A2F2291212781A70D7F828310133C7F8B6
:10BC90002831D7F82C3107F59872A2F595721278F1
:10BCA0005A70D7F828310133C7F82831D7F82C312A
:10BCB00007F59872A2F22B1212789A70D7F82831F1
:10BCC0000133C7F82831D7F82C3107F59872A2F55F
:10BCD00096721278DA70D7F828310133C7F8283114
:10BCE000D7F82C3197F840211A71D7F82831013351
:10BCF000C7F82831D7F82C3197F844215A71D7F872
:10BD000028310133C7F82831D7F82C3197F848216A
:10BD10009A71D7F828310133C7F82831D7F82C3178
:10BD2000D7F84C21C3F80720D7F828310433C7F8D7
:10BD30002831D7F82C3197F85021DA72D7F828310A
:10BD40000133C7F8283107F58873182200211846F7
:10BD500001F060F83F23A7F810318623A7F81231CD
:10BD600007F11003C7F81831D7F82831C7F81C318C
:10BD700007F10F03C7F820310123C7F8243107F575
:10BD800088730021184600F003FF0346002B01DAF8
:10BD9000FF2304E007F59873A3F221131B781846DC
:10BDA00007F59877BD46B0BD90B5CDB000AF04465D
:10BDB0000846114607F59872A2F59872136007F5C8
:10BDC0009873A3F2291322461A7007F59873A3F506
:10BDD000957302461A7007F59873A3F22B130A465F
:10BDE0001A7007F11003C7F82C3107F10803072276
:10BDF0000021184601F00EF80023C7F82831D7F8C3
:10BE00002C3107F59872A2F2291212781A70D7F81D
:10BE100028310133C7F82831D7F82C3107F598724B
:10BE2000A2F5957212785A70D7F828310133C7F805
:10BE30002831D7F82C3107F59872A2F22B1212781C
:10BE40009A70D7F828310133C7F8283107F588737D
:10BE500018220021184600F0DDFF3F23A7F810311B
:10BE60008A23A7F8123107F11003C7F81831D7F861
:10BE70002831C7F81C3107F10803C7F82031072320
:10BE8000C7F8243107F588730021184600F080FEBA
:10BE90000346002B01DAFF232EE007F59873A3F584
:10BEA00094731B78002B05D007F59873A3F5947352
:10BEB0001B7821E007F59873A3F59473B3F801306C
:10BEC0009AB207F59873A3F598731B681A8007F563
:10BED0009873A3F59473B3F803309AB2D7F840314E
:10BEE0001A8007F59873A3F59473B3F805309AB2E6
:10BEF000D7F844311A800023184607F59A77BD46D3
:10BF000090BD80B588B000AF0023FB7107F1080336
:10BF100018220021184600F07DFF3F233B81922329
:10BF20007B81FB1DBB610123FB6107F1080300213D
:10BF3000184600F02DFE0346002B01DAFF2300E037
:10BF4000FB7918462037BD4680BDB0B5CCB000AFF8
:10BF500005460C461046194607F59873A3F59573E8
:10BF60002A461A8007F59873A3F5967322461A801D
:10BF700007F59873A3F22D1302461A7007F598730C
:10BF8000A3F597730A461A7007F11003C7F82C310E
:10BF900007F59873A3F2211300221A700023C7F843
:10BFA0002831D7F82C3107F59872A2F595721288CE
:10BFB0001A80D7F828310233C7F82831D7F82C3146
:10BFC00007F59872A2F5967212885A80D7F8283130
:10BFD0000233C7F82831D7F82C3107F59872A2F24E
:10BFE0002D1212781A71D7F828310133C7F8283189
:10BFF000D7F82C3107F59872A2F5977212785A711A
:10C00000D7F828310133C7F8283107F5887318228B
:10C010000021184600F0FEFE3F23A7F810319723B9
:10C02000A7F812310F23C7F8143107F11003C7F82E
:10C030001831D7F82831C7F81C3107F10F03C7F8BA
:10C0400020310123C7F8243107F5887300211846F1
:10C0500000F09EFD0346002B01DAFF2304E007F504
:10C060009873A3F221131B78184607F59877BD46FD
:10C07000B0BD80B5CCB000AF024607F59873A3F20F
:10C0800029131A7007F11003C7F82C3107F59873BC
:10C09000A3F2211300221A700023C7F82831D7F821
:10C0A0002C3107F59872A2F2291212781A70D7F87B
:10C0B00028310133C7F8283107F588731822002189
:10C0C000184600F0A7FE3F23A7F810319D23A7F8DC
:10C0D000123107F11003C7F81831D7F82831C7F823
:10C0E0001C3107F10F03C7F820310123C7F82431B1
:10C0F00007F588730021184600F04AFD0346002B1F
:10C1000001DAFF2304E007F59873A3F221131B78EB
:10C11000184607F59877BD4680BD80B588B000AF5A
:10C120000023FB7107F1080318220021184600F0D4
:10C1300071FE3F233B8140F201137B81FB1DBB61FC
:10C140000123FB6107F108030021184600F020FDE0
:10C150000346002B01DAFF2300E0FB791846203765
:10C16000BD4680BDB0B5CCB000AF05460C4610460C
:10C17000194607F59873A3F595732A461A8007F5B3
:10C180009873A3F5967322461A8007F59873A3F265
:10C190002D1302461A7007F59873A3F597730A4694
:10C1A0001A7007F11003C7F82C3107F59873A3F242
:10C1B000211300221A700023C7F82831D7F82C3138
:10C1C00007F59872A2F5957212881A80D7F828316F
:10C1D0000233C7F82831D7F82C3107F59872A2F549
:10C1E000967212885A80D7F828310233C7F828315E
:10C1F000D7F82C3107F59872A2F22D1212781A7125
:10C20000D7F828310133C7F82831D7F82C3107F592
:10C210009872A2F5977212785A71D7F828310133C3
:10C22000C7F82831D7F82C31981D07F59873A3F576
:10C2300097731B781A46D7F8401100F0DBFD07F51D
:10C240009873A3F597731B78D7F828211344C7F880
:10C25000283107F5887318220021184600F0DAFD0E
:10C260003F23A7F810314FF48373A7F8123107F179
:10C270001003C7F81831D7F82831C7F81C3107F177
:10C280000F03C7F820310123C7F8243107F588735D
:10C290000021184600F07CFC0346002B01DAFF2346
:10C2A00004E007F59873A3F221131B78184607F5ED
:10C2B0009877BD46B0BD90B5CDB000AF04460846F6
:10C2C000114607F59873A3F5957322461A8007F572
:10C2D0009873A3F5967302461A8007F59873A3F531
:10C2E00097730A461A8007F11003C7F82C3107F537
:10C2F0009873A3F2211300221A700023C7F8283183
:10C30000D7F82C3107F59872A2F5957212881A8029
:10C31000D7F828310233C7F82831D7F82C3107F580
:10C320009872A2F5967212885A80D7F82831023393
:10C33000C7F82831D7F82C3107F59872A2F5977213
:10C3400012889A80D7F828310233C7F8283107F5C8
:10C35000887318220021184600F05CFD3F23A7F8DF
:10C36000103140F21513A7F812310F23C7F814311A
:10C3700007F11003C7F81831D7F82831C7F81C3176
:10C3800007F10F03C7F820310123C7F8243107F55F
:10C3900088730021184600F0FBFB0346002B01DAEE
:10C3A000FF2304E007F59873A3F221131B781846C6
:10C3B00007F59A77BD4690BD90B5CDB000AF044665
:10C3C0000846114607F59873A3F5957322461A801F
:10C3D00007F59873A3F5967302461A8007F59873CC
:10C3E000A3F597730A461A8007F11003C7F82C319A
:10C3F00007F59873A3F2211300221A700023C7F8DF
:10C400002831D7F82C3107F59872A2F59572128869
:10C410001A80D7F828310233C7F82831D7F82C31E1
:10C4200007F59872A2F5967212885A80D7F82831CB
:10C430000233C7F82831D7F82C3107F59872A2F5E6
:10C44000977212889A80D7F828310233C7F82831BA
:10C4500007F5887318220021184600F0DBFC3F2303
:10C46000A7F8103140F21713A7F812310F23C7F8BD
:10C47000143107F11003C7F81831D7F82831C7F87D
:10C480001C3107F10F03C7F820310123C7F824310D
:10C4900007F588730021184600F07AFB0346002B4D
:10C4A00001DAFF2304E007F59873A3F221131B7848
:10C4B000184607F59A77BD4690BD90B5CFB000AF4E
:10C4C00004460846114607F59C72A2F59A7213605D
:10C4D00007F59C73A3F5957322461A8007F59C73A4
:10C4E000A3F5967302461A8007F59C73A3F22D13E9
:10C4F0000A461A7007F11803C7F8343107F59C7320
:10C50000A3F2211300221A700023C7F83031D7F8A4
:10C51000343107F59C72A2F5957212881A80D7F80B
:10C5200030310233C7F83031D7F8343107F59C7217
:10C53000A2F5967212885A80D7F830310233C7F8C4
:10C540003031D7F8343107F59C72A2F22D121278EF
:10C550001A71D7F830310133C7F83031D7F8343198
:10C56000581D07F59C73A3F22D131A7807F59C73D9
:10C57000A3F59A73196800F03DFC07F59C73A3F2CC
:10C580002D131B78D7F830211344C7F8303107F545
:10C590008C7318220021184600F03CFC3F23A7F8BA
:10C5A00018314FF48E73A7F81A310F23C7F81C31D6
:10C5B00007F11803C7F82031D7F83031C7F8243114
:10C5C00007F11703C7F828310123C7F82C3107F505
:10C5D0008C730021184600F0DBFA0346002B01DAC9
:10C5E000FF2304E007F59C73A3F221131B78184680
:10C5F00007F59E77BD4690BD90B5CFB000AF04461D
:10C600000846114607F59C72A2F59A72136007F569
:10C610009C73A3F5957322461A8007F59C73A3F5C6
:10C62000967302461A8007F59C73A3F22D130A46EF
:10C630001A7007F11803C7F8343107F59C73A3F299
:10C64000211300221A700023C7F83031D7F8343193
:10C6500007F59C72A2F5957212881A80D7F83031CE
:10C660000233C7F83031D7F8343107F59C72A2F5A0
:10C67000967212885A80D7F830310233C7F83031B9
:10C68000D7F8343107F59C72A2F22D1212781A7184
:10C69000D7F830310133C7F83031D7F83431581D6D
:10C6A00007F59C73A3F22D131A7807F59C73A3F575
:10C6B0009A73196800F09EFB07F59C73A3F22D1383
:10C6C0001B78D7F830211344C7F8303107F58C7345
:10C6D00018220021184600F09DFB3F23A7F81831CF
:10C6E00040F22313A7F81A3107F11803C7F82031D5
:10C6F000D7F83031C7F8243107F11703C7F82831CC
:10C700000123C7F82C3107F58C730021184600F07F
:10C710003FFA0346002B01DAFF2304E007F59C7380
:10C72000A3F221131B78184607F59E77BD4690BDEE
:10C7300080B5CCB000AF07F59873A3F598731A6075
:10C7400007F59873A3F2291302461A7007F5987338
:10C75000A3F595730A461A7007F11003C7F82C3138
:10C7600007F59873A3F2211300221A700023C7F86B
:10C770002831D7F82C3107F59872A2F229121278D5
:10C780001A70D7F828310133C7F82831D7F82C317F
:10C7900007F59872A2F5957212785A70D7F8283179
:10C7A0000133C7F82831D7F82C31981C07F5987356
:10C7B000A3F595731A7807F59873A3F5987319681C
:10C7C00000F018FB07F59873A3F595731B78D7F85D
:10C7D00028211344C7F8283107F58873182200214F
:10C7E000184600F017FB3F23A7F810310C23A7F8D9
:10C7F000123107F11003C7F81831D7F82831C7F8FC
:10C800001C3107F10F03C7F820310123C7F8243189
:10C8100007F588730021184600F0BAF90346002B8B
:10C8200001DAFF2304E007F59873A3F221131B78C4
:10C83000184607F59877BD4680BD80B5CCB000AFEF
:10C84000024607F59873A3F229131A7007F5987337
:10C85000A3F595730A461A7007F11003C7F82C3137
:10C8600007F59873A3F2211300221A700023C7F86A
:10C870002831D7F82C3107F59872A2F229121278D4
:10C880001A70D7F828310133C7F82831D7F82C317E
:10C8900007F59872A2F5957212785A70D7F8283178
:10C8A0000133C7F8283107F588731822002118468C
:10C8B00000F0B0FA3F23A7F810310F23A7F8123188
:10C8C00007F11003C7F81831D7F82831C7F81C3121
:10C8D00007F10F03C7F820310123C7F8243107F50A
:10C8E00088730021184600F053F90346002B01DA43
:10C8F000FF2304E007F59873A3F221131B78184671
:10C9000007F59877BD4680BD80B588B000AF00239D
:10C91000FB7107F1080318220021184600F07AFA8B
:10C9200003233B8103237B81FB1DBB610123FB614F
:10C9300007F108030021184600F02AF90346002BEE
:10C9400001DAFF2300E0FB7918462037BD4680BDA1
:10C9500080B586B000AFEFF31083FB60FB687B61AE
:10C9600072B600BFBB1C1946124800F0CBFFBB1CBF
:10C970001946104801F0B5F838613B69002B0CD01E
:10C980007B69BB60BB6883F3108800BF7B880A4A61
:10C9900019463869F4F7ADFB08E0084B01221A701C
:10C9A0007B697B607B6883F3108800BF00BF18370A
:10C9B000BD4680BD780B002051C900083100002021
:10C9C00080B582B002AFF4F78EFB02230093002300
:10C9D0004FF480520349044800F03CFD00BFBD46BF
:10C9E00080BD00BF980B0020780B002080B584B07C
:10C9F00000AFF860B9607A607A68B968F86800F0EA
:10CA000005F8034618461037BD4680BD80B58AB08C
:10CA100000AFF860B9607A6000237B62EFF31083A7
:10CA2000BB61BB693B62FB68B3F1FF3F02D10023EE
:10CA30007B6237E0FB68012B06D0FB68022B03D03A
:10CA40004FF0FF337B622DE07B68002B2AD07B68A0
:10CA50007B6272B600BF7B689AB20123B968144842
:10CA600000F02AFDF861FB69002B15D0114B1B78F3
:10CA7000DBB2002B10D00F4B00221A703B6A7B6197
:10CA80007B6983F3108800BF7B689BB20A4A194612
:10CA9000F869F4F72EFB05E03B6A3B613B6983F3E1
:10CAA000108800BF7B6A18462837BD4680BD00BF8E
:10CAB000780B00203100002051C9000880B582B0F9
:10CAC00000AF786039603B685B68084A1360084AC9
:10CAD0007B68D361064800F079F93B681B6818460B
:10CAE00000F0DAF800BF0837BD4680BDC01B00204B
:10CAF000981B002080B584B000AF224800F0FCFBFA
:10CB00000346002B2BD1204B1B78002B27D007F19D
:10CB10000C0319461B4800F07EFC1C4BDB69002B04
:10CB20000CD0FB68BB6001233B71184BDB693A1DDD
:10CB3000104698473A79144B1A7002E0124B0122C2
:10CB40001A70114B1B78002B04D0FB68184601F0BB
:10CB500045FB04E0FB6819460A4800F0EFFB094872
:10CB600000F0CAFB0346002B07D1074B1B78002BB4
:10CB700003D00448F7F7E0FC00BF00BF1037BD4604
:10CB800080BD00BF0802002014020020981B002076
:10CB900080B588B000AF78600B46FB70002000F0D5
:10CBA000D1F80023FB777B685B881BB2C3F30903D2
:10CBB0001AB27B681B881BB29B021BB213431BB2C9
:10CBC000BB83334B01221A707B68DB68D9B27B6868
:10CBD0009A68BB8B184600F08FF84EE048F2E800E8
:10CBE000F7F7C1FC43E007F10C031946294800F0B0
:10CBF00012FCFB685B7A0F2B14D1FB680B333B6193
:10CC00003B695B889BB2BA8B9A4204D17B681B69F3
:10CC10003A6912781A703B695B78002B27D00123A0
:10CC2000FB7724E0FB680B33BB61BB69B3F80130D1
:10CC30009BB2BA8B9A4214D1FB689B7A033BFB757B
:10CC40007B685A69FB7D9A42A8BF1A467B685A6185
:10CC50007B681869BB69D91C7B685B691A4602F05E
:10CC6000BAFDBB691B78002B01D00123FB77094873
:10CC700000F042FB0346002BB5D0FB7F002BADD06C
:10CC8000012000F05FF8002318462037BD4680BD24
:10CC9000C41B0020B81B002080B586B000AF7860B0
:10CCA0000F4800F019FB0F4A7B6813600E4800F034
:10CCB00013FB0E4B01221A700D4B1B68002B0AD080
:10CCC0007B683B610B4BBB60094B1B6807F108029B
:10CCD0001046984700BF00BF1837BD4680BD00BF53
:10CCE000B81B0020100200200802002014020020BF
:10CCF000981B002085CD000880B582B000AF0346A8
:10CD00003A60FB800B467B710C4B1B68FA88A3F8DA
:10CD100009200A4B1B687A79DA72084B1B680C33BE
:10CD20007A793968184602F056FD054B1B690021D7
:10CD30000020984700BF0837BD4680BD1002002084
:10CD4000981B002080B582B000AF0346FB71FB79D1
:10CD5000002B08D10A4B1B68002B0DD0084B1B6819
:10CD60000020984708E0064B1B68002B04D0044BBA
:10CD70001B680120984700BF00BF0837BD4680BD33
:10CD8000C01B002080B582B000AF78607B685B7A02
:10CD90000F2B03D07B685B7A0E2B07D1796809488B
:10CDA00000F0F2FA0020F7F7D3FB06E079680648B6
:10CDB00000F0EAFA0448F7F7BFFB00BF0837BD46AA
:10CDC00080BD00BFB81B00200802002080B483B0E3
:10CDD00000AF78607B68054A1A607B68044A1A6174
:10CDE00000BF0C37BD465DF8047B70474DDF00087F
:10CDF000B5DF000880B584B000AFF860B9607A6034
:10CE00007A68B968F86802F0E6FC034618461037FD
:10CE1000BD4680BD80B584B000AFF860B9607A606F
:10CE20007A68B968F86802F057FC0346184610376C
:10CE3000BD4680BD80B485B000AF0346FB710F4B8B
:10CE4000FB6002E0FB68083BFB60FB6807331B7874
:10CE5000FA799A4203D0FB68094A9342F2D1FB68FF
:10CE600007331B78FA799A4201D00023FB60FB68F4
:10CE700018461437BD465DF8047B7047F873FF1FF2
:10CE80000070FF1F80B588B000AF786007F10C0319
:10CE9000FB617B6803F10C02FB6937214FF66640AA
:10CEA00000F04CF9FB690B33DB7818462037BD46A0
:10CEB00080BD80B588B000AF786007F10C03FB61DE
:10CEC0007B6803F10C02FB690F214FF6684000F00C
:10CED00035F9FB690B33DB7818462037BD4680BD3A
:10CEE00080B588B000AF786007F10C03FB61FB6987
:10CEF0007A6810214FF6754000F020F9FB690B337A
:10CF0000DB7818462037BD4680BD000080B48BB06A
:10CF100000AF786000233B610023FB6000237B624D
:10CF200000233B620023FB610023BB600023BB6145
:10CF300000237B614A4BDB6BC3F30D033B613B6911
:10CF40009B0003F1005303F540331B68BB60BB68D3
:10CF50001B68444A93420FD1BB685B697B62BB6824
:10CF60009B693B62BB68DB69FB61BB68DB68BB61DB
:10CF7000BB681B697B611AE03B699B0003F10053AE
:10CF800003F54033FB60FB681B681B697B62FB6831
:10CF90001B685B693B62FB681B689B69FB61FB6804
:10CFA0001B685B68BB61FB681B689B687B617B6A75
:10CFB0001B0EDAB27B681A707B6A1B0CDAB27B68D4
:10CFC0005A707B6A1B0ADAB27B689A707B6A1B090B
:10CFD000DBB203F00F03DAB27B68DA707B6ADBB294
:10CFE00003F00F03DAB27B681A713B6A1B0EDAB2E8
:10CFF0007B685A713B6A1B0CDAB27B689A713B6A98
:10D000001B0ADAB27B68DA713B6ADAB27B681A72A1
:10D01000FB69DAB27B685A72BB691B0EDAB27B68B5
:10D020009A72BB691B0CDAB27B68DA72BB691B0AA5
:10D03000DAB27B681A737B691B0EDAB27B685A73AB
:10D040007B691B0CDAB27B689A737B69DAB27B6806
:10D05000DA73002318462C37BD465DF8047B704711
:10D0600000400058B95646A980B582B000AF78603C
:10D0700039603B685B68084A1360084A7B68D36183
:10D08000064800F015F93B681B68184600F098F850
:10D0900000BF0837BD4680BDE81B0020C81B00202C
:10D0A00080B584B000AF224800F026F90346002B7B
:10D0B0002BD1204B1B78002B27D007F10C031946EE
:10D0C0001B4800F0A8F91C4BDB69002B0CD0FB6857
:10D0D000BB6001233B71184BDB693A1D1046984732
:10D0E0003A79144B1A7002E0124B01221A70114B5C
:10D0F0001B78002B04D0FB68184601F06FF804E0A1
:10D10000FB6819460A4800F019F9094800F0F4F8DC
:10D110000346002B07D1074B1B78002B03D0044894
:10D12000F4F7D2FB00BF00BF1037BD4680BD00BF83
:10D130004002002050020020C81B002080B584B0AF
:10D1400000AFBA607B600346FB810B467B73002017
:10D1500000F068F8174B1B68FA89A3F80920154BF3
:10D160001B687A7BDA72134B1B680C337A7BB968C5
:10D17000184602F030FB104B01221A700F4B1B694E
:10D1800000210020984748F2E800F4F7B5FB7B68DF
:10D1900003F10800074B1968064B1B689B780333A3
:10D1A0001A4602F018FB012000F03CF800BF1037CF
:10D1B000BD4680BD4C020020EC1B0020C81B002097
:10D1C00080B586B000AF7860104A7B681360104865
:10D1D00000F082F8012000F025F80E4B01221A70B1
:10D1E0000D4B1B68002B0CD07B687B610B4BFB60ED
:10D1F0000B4B3B61084B1B6807F10C02104698472C
:10D2000000BF00BF1837BD4680BD00BF4C020020E4
:10D210004002002050020020C81B002075D20008E8
:10D220008DD2000880B582B000AF0346FB71FB7958
:10D23000002B0BD10D4B1B68002B03D00B4B1B6835
:10D24000002098470A4B00221A700BE0084B01227D
:10D250001A70064B1B68002B04D0044B1B6801207E
:10D26000984700BF00BF0837BD4680BDE81B0020BF
:10D270004802002080B582B000AF78600020F4F74B
:10D2800030FB00BF0837BD4680BD000080B582B0CE
:10D2900000AF78607968054800F076F80348F4F745
:10D2A00013FB00BF0837BD4680BD00BF4002002011
:10D2B00080B483B000AF78607B68054A1A607B68F1
:10D2C000044A1A6100BF0C37BD465DF8047B704705
:10D2D00069E00008BDE0000880B483B000AF78606A
:10D2E0007B687A681A607B687A685A6000BF0C377E
:10D2F000BD465DF8047B704780B487B000AF7860AE
:10D30000EFF31083FB60FB683B6172B600BF7B6884
:10D310001B687A689A4202D10123FB7501E0002361
:10D32000FB753B69BB60BB6883F3108800BFFB7D66
:10D3300018461C37BD465DF8047B704780B487B043
:10D3400000AF78603960EFF31083FB60FB687B61AE
:10D3500072B600BF7B681A683B681A603B687A68DF
:10D360005A607B683A681A603B681B683A685A6082
:10D370007B693B613B6983F3108800BF00BF1C37AA
:10D38000BD465DF8047B704780B487B000AF78601D
:10D390003960EFF31083FB60FB687B6172B600BFFE
:10D3A0003B687A681A607B685A683B685A607B6899
:10D3B0003A685A603B685B683A681A607B693B610F
:10D3C0003B6983F3108800BF00BF1C37BD465DF882
:10D3D000047B704780B487B000AF7860EFF31083B0
:10D3E000FB60FB687B6172B600BF7B685B687A6834
:10D3F00012681A607B681B687A6852685A607B6999
:10D400003B613B6983F3108800BF00BF1C37BD46FA
:10D410005DF8047B704780B586B000AF78603960F6
:10D42000EFF31083FB60FB687B6172B600BF7B6823
:10D430001A683B681A607B681B681846FFF7CAFFCA
:10D440007B693B613B6983F3108800BF00BF1837DD
:10D45000BD4680BD80B485B000AFF860B9607A6029
:10D460007B80FB68BA681A60FB680022DA60FB68A0
:10D4700000221A61FB6800225A61FB6800229A614F
:10D48000FB687A685A60FB687A881A81FB683A7E82
:10D490001A773B7E03F00203002B06D0FB681B8942
:10D4A000002B02D04FF0FF3300E000231846143762
:10D4B000BD465DF8047B704780B58EB000AFF86064
:10D4C000B9603B601346FB8000233B620023FB8670
:10D4D0000023FB770023BB6200237B620023BB7722
:10D4E0000023BB83FB681B89002B01D1022300E0D2
:10D4F0000023FB77FB685B69002B29D0FB681B8945
:10D50000002B22D1FB681A68FB681B6913441B7847
:10D510001846FB681A68FB681B69591CFB685B6846
:10D52000994206D3FB681969FB685B68CB1A013323
:10D5300002E0FB681B69013313441B781B029BB29A
:10D5400003449BB202339BB201E0FB681B89FB865C
:10D55000FB681B89002B02D0FB681B89FB80FB68E2
:10D560001A69FB68DB689A4207D3FB685A68FB6854
:10D570001969FB8E0B44D31A00E00023BB61FA88C3
:10D58000FB7F13441A463B6802FB03F3BA699A42D5
:10D590000BD8FA88FB7F13441A46BB69B3FBF2F140
:10D5A00001FB02F29B1ADBB200E00023FB75FA7D5F
:10D5B000FB7F9A428CBF01230023DBB2BB77BB7F8A
:10D5C000002B08D0FB681B7F03F00103002B02D067
:10D5D000FB7D9BB200E0BB8BBB83BB7F002B08D0E5
:10D5E000FB681B7F03F00203002B02D0FB7F9BB282
:10D5F00000E0BB8BBB83FB88002B00F07E81FB68C7
:10D600005A69F988FB7F0B4419463B6801FB03F319
:10D610001A44BB8B1A44FB685B689A4200F26D8126
:10D620000023FB624AE1FB681A69FB8E1A44FB681F
:10D630005B689A4207D3FB681A69FB8E1A44FB6841
:10D640005B68D31A03E0FB681A69FB8E1344FA681F
:10D650001361FB681B693B63FB681B89002B30D19E
:10D66000FB681A683B6B591C39631344FA88D2B2C1
:10D670001A70FB685B683A6B9A4204D3FB685B687C
:10D680003A6BD31A00E03B6B3B63FB881B0A98B2F2
:10D69000FB681A683B6B591C39631344C2B21A7099
:10D6A000FB685B683A6B9A4204D3FB685B683A6B31
:10D6B000D31A00E03B6B3B63FB685B699A1CFB6819
:10D6C0005A61FA88FB6859683B6BCB1A934228BFB2
:10D6D0001346BB62FB88BA6A9A4207D0FB88BA6AD3
:10D6E0009A4225D2FB681B7F002B21D1FB681A6868
:10D6F0003B6BD018FB88FA6A02FB03F3BA68134449
:10D70000BA6A194602F067F8FB685A69BB6A1A449C
:10D71000FB685A6100233B63BB6A7B62FA88BB6A81
:10D72000D31ABB62FB7F9AB2FB881344FB86A4E04A
:10D73000BB6A002B00F0A180FB681B7F03F0010394
:10D74000002B3AD0FB681B89002B0DD1FB681A68AF
:10D750003B6B023B1344FF221A70FB681A683B6B59
:10D76000013B1344FF221A70FB685A69BB6A1A44D2
:10D77000FB685A6100237B62FB88BB6200233B632A
:10D78000FB681B89002B6FD1FB681A683B6B591C27
:10D7900039631344BA6AD2B21A70BB6A180AFB68BA
:10D7A0001A683B6B591C39631344C2B21A70FB6888
:10D7B0005B699A1CFB685A6156E0FB681B7F03F0AB
:10D7C0000203002B50D0FB681B89002B4AD1FB6859
:10D7D0001A683B6B023B1344BA6AD2B21A70BB6A36
:10D7E000190AFB681A683B6B013B1344CAB21A70F2
:10D7F000FB681A683B6BD018FB88FA6A02FB03F3DC
:10D80000BA681344BA6A194601F0E5FFFB685A6921
:10D81000BB6A1A44FB685A61BB6A7B62FA88BB6ABE
:10D82000D31ABB62FB689B695A1CFB689A61002390
:10D830003B63FB681A683B6B591C39631344BA6A33
:10D84000D2B21A70BB6A180AFB681A683B6B591C83
:10D8500039631344C2B21A70FB685B699A1CFB6897
:10D860005A6101E0002349E0FB7F9AB2BB6A9BB298
:10D870001344FB86FB6800221A61BB6A002B15D09B
:10D88000FB681A683B6BD018FB88FA6A03FB02F24C
:10D890007B6A1344BA681344BA6A194601F09BFFC5
:10D8A000FB685A69BB6A1A44FB685A61FB689B694A
:10D8B0005A1CFB689A61FB6A0133FB62FA6A3B6897
:10D8C0009A42FFF4B0AEFB681A68FB681969FB7FE7
:10D8D0001944FB685B68994207D3FB681969FB7FB1
:10D8E0001944FB685B68CB1A03E0FB681969FB7F8E
:10D8F0000B4413443B623B6A00E000231846383770
:10D90000BD4680BD80B485B000AF7860396000232B
:10D910007B720023FB607B681B89002B01D10223F3
:10D9200000E000237B7200237B817B685B69002B16
:10D9300000F0CA807B681B89002B20D17B681A68A5
:10D940007B68DB6813441B7818467B681A687B6821
:10D95000DB68591C7B685B68994206D37B68D96891
:10D960007B685B68CB1A013302E07B68DB680133BC
:10D9700013441B781B029BB203449BB201E07B68FB
:10D980001B897B817B681B7F03F00103002B56D032
:10D990007B681B7F03F00203002B50D17B894FF67D
:10D9A000FF72934203D17B681B89002B12D07B68E6
:10D9B000DA687B681B699A4241D97B681B89002B16
:10D9C0003DD07B685A687B68DB68D31A7A68128915
:10D9D000934234D27B685A697B68D9687B685B68FC
:10D9E000CB1A1A447B685A617B680022DA607B6834
:10D9F0001B89002B20D17B681A687B68DB68134485
:10DA00001B7818467B681A687B68DB68591C7B6842
:10DA10005B68994206D37B68D9687B685B68CB1AE0
:10DA2000013302E07B68DB68013313441B781B027F
:10DA30009BB203449BB201E07B681B897B817B68BE
:10DA40001A687B68D9687B7A19447B685B6899425D
:10DA500007D37B68D9687B7A19447B685B68CB1AEB
:10DA600003E07B68D9687B7A0B441344FB607B68D6
:10DA70005B6979897A7A0A449A1A7B685A617B6869
:10DA80005B69002B1BD07B68DA687B891A447B7A40
:10DA90001A447B685B689A4209D37B68DA687B89A1
:10DAA0001A447B7A1A447B685B68D31A05E07B686A
:10DAB000DA687B891A447B7A13447A68D3607B687E
:10DAC0009B695A1E7B689A613B68002B02D03B68B9
:10DAD0007A891A80FB6818461437BD465DF8047BC6
:10DAE000704780B487B000AF786039600023FB7264
:10DAF00000237B617B681B89002B01D1022300E09E
:10DB00000023FB7200237B820023FB607B685B6940
:10DB1000002B00F08E807B68DB68FB607B681B89D4
:10DB2000002B20D17B681A687B68DB6813441B7864
:10DB300018467B681A687B68DB68591C7B685B68E1
:10DB4000994206D37B68D9687B685B68CB1A01333E
:10DB500002E07B68DB68013313441B781B029BB235
:10DB600003449BB201E07B681B897B827B681B7F3F
:10DB700003F00103002B47D07B681B7F03F00203F7
:10DB8000002B41D17B8A4FF6FF72934203D17B6811
:10DB90001B89002B12D07B68DA687B681B699A426C
:10DBA00032D97B681B89002B2ED07B685A687B6832
:10DBB000DB68D31A7A681289934225D20023FB606E
:10DBC0007B681B89002B1CD17B681A68FB68134497
:10DBD0001B7818467B681A68FB68591C7B685B6871
:10DBE000994205D37B685B68F968CB1A013301E081
:10DBF000FB68013313441B781B029BB203449BB2A6
:10DC000001E07B681B897B827B681A68F97AFB6874
:10DC100019447B685B68994206D3F97AFB6819441A
:10DC20007B685B68CB1A02E0F97AFB680B4413440B
:10DC30007B613B68002B02D03B687A8A1A807B6943
:10DC400018461C37BD465DF8047B704780B400AFB2
:10DC500000BFBD465DF8047B704780B400AF00BFD5
:10DC6000BD465DF8047B704780B400AF00BFBD4681
:10DC70005DF8047B704780B400AF00BFBD465DF81F
:10DC8000047B704780B400AF00BFBD465DF8047BE5
:10DC9000704780B400AF00BFBD465DF8047B70479D
:10DCA00080B400AF00BFBD465DF8047B704780B410
:10DCB00000AF00BFBD465DF8047B704780B400AF85
:10DCC00000BFBD465DF8047B704780B400AF00BF65
:10DCD000BD465DF8047B704780B400AF00BFBD4611
:10DCE0005DF8047B704780B400AF00BFBD465DF8AF
:10DCF000047B704780B400AF00BFBD465DF8047B75
:10DD0000704780B400AF00BFBD465DF8047B70472C
:10DD100080B400AF00BFBD465DF8047B704780B49F
:10DD200000AF00BFBD465DF8047B704780B400AF14
:10DD300000BFBD465DF8047B704780B400AF00BFF4
:10DD4000BD465DF8047B704780B500AF044B0022F0
:10DD50001A77044B00221A7100F006F800BF80BD4C
:10DD6000180200203802002080B500AFFFF76EFFD8
:10DD7000FFF773FFFFF778FFFFF77DFFFFF782FFE5
:10DD8000FFF787FFFFF78CFFFFF791FFFFF796FF85
:10DD9000FFF79BFFFFF7A0FFFFF7A5FFFFF7AAFF25
:10DDA000FFF7AFFFFFF7B4FFFFF7C0FFFFF7B7FFC5
:10DDB000FFF7C3FF00BF80BD80B483B000AF7860C1
:10DDC000094B1B791946084A7B6842F82130064BFB
:10DDD0001B790133DAB2044B1A7100BF0C37BD4610
:10DDE0005DF8047B704700BF3802002080B586B024
:10DDF00000AF78607B6801333B610023FB753B69B2
:10DE00001B78FF2B3FD13B690233FB60FB681B880B
:10DE10009BB203F47F43B3F5406F32D100237B758F
:10DE20000DE07B7D274A52F82330786898470346F7
:10DE3000FB75FB7D002B08D17B7D01337B75214B6E
:10DE40001B7F7A7D9A42ECD300E000BF0023FB7574
:10DE500000237B750DE07B7D1B4A52F823307868E8
:10DE600098470346FB75FB7D002B08D17B7D013372
:10DE70007B75154B1B797A7D9A42ECD302E000BF8B
:10DE800000E000BF00E000BFFB7D022B0FD0022BA3
:10DE900010DC002B02D0012B06D00BE07868F5F7E0
:10DEA0000BFF0346BB7508E00123BB7505E00023AB
:10DEB000BB7502E00123BB7500BFBB7D1846183758
:10DEC000BD4680BD180200203802002080B500AF9A
:10DED000F7F7B2F900BF80BD80B500AF104B114A13
:10DEE0001A600F4B104A5A600D4B104A9A600C4B47
:10DEF0000F4A1A620A4B0F4A5A62094B0E4ADA60FD
:10DF0000074B0E4A1A61064B0D4A5A61044B0D4AE3
:10DF10009A61034B0C4ADA61F7F7A2F900BF80BDA2
:10DF20000000032034010320540103206401032076
:10DF3000740103207C010320840103208C01032051
:10DF4000A8010320AC010320B801032080B584B0F0
:10DF500000AF78607B68FB601148FFF7BDF9114B9B
:10DF60005B68BB60FB689A68BB681A60FB68DA682C
:10DF7000BB68DA60BB680C4A5A60BB68084A9A60A2
:10DF8000F7F784F9FB681B68084A1360FB685B6855
:10DF9000074A1360002318461037BD4680BD00BFF6
:10DFA000D401032000000320580A0320F81B00209E
:10DFB000FC1B002080B582B000AF78600B467B80F0
:10DFC000094B5B681B6801221A72074B5B681B6870
:10DFD0001946012000F070F9F7F772F9002318468E
:10DFE0000837BD4680BD00BF0000032080B582B069
:10DFF00000AF1CE03B1D19461248FFF70CFA7B6886
:10E000005B7A0F2B03D07B685B7A0E2B05D17B6884
:10E010001946022000F050F904E07B6819460520FB
:10E0200000F04AF9084B1B687A6810469847054883
:10E03000FFF762F90346002BDCD000BF0837BD466E
:10E0400080BD00BFD4010320F81B002080B500AFC5
:10E050000021042000F030F9024B1B68984700BFF4
:10E0600080BD00BFFC1B002080B584B000AF78608D
:10E070007B68FB600D48FFF72FF90D4BDB68BB6039
:10E08000FB689A68BB681A60BB68084A5A60F7F771
:10E0900049F9FB681B68074A1360FB685B68064A1E
:10E0A0001360002318461037BD4680BDDC010320F5
:10E0B00000000320001C0020041C002080B582B05A
:10E0C00000AF78600B467B80094BDB681B68102231
:10E0D0001A72074BDB681B681946062000F0ECF843
:10E0E000F7F73AF9002318460837BD4680BD00BF50
:10E0F0000000032080B500AF074BDB681B681946A2
:10E10000072000F0D9F8054B1B68034AD268126853
:10E110001046984700BF80BD00000320001C00206F
:10E1200080B582B000AF0EE03B1D19460B48FFF7EB
:10E1300072F97B681946082000F0BEF8084B1B688E
:10E140007A68104698470548FFF7D6F80346002B33
:10E15000EAD000BF0837BD4680BD00BFDC01032008
:10E16000041C002080B582B000AF78601748FFF72C
:10E17000B3F81748FFF7B0F8164B1B69164A13603F
:10E18000154B1B687A6892689A60134B1B687A6813
:10E19000D268DA60104B1B680C4A1A610E4B1B6880
:10E1A0007A6812681A600C4B1B687A6852685A6069
:10E1B000094B1B687A6812695A61074B1B687A68B9
:10E1C00052699A6100BF0837BD4680BDC401032073
:10E1D000F01B002000000320081C002080B582B046
:10E1E00000AF786079680748FFF7CEF879680020BB
:10E1F00000F062F80448F7F7F5F800BF0837BD46AD
:10E2000080BD00BFF01B00200DE2000880B582B089
:10E2100000AF0CE03B1D19460A48FFF7FCF80A4B1B
:10E220001B691B697A6811461846FFF7ADF8054867
:10E23000FFF762F80346002BECD000BF0837BD465D
:10E2400080BD00BFF01B00200000032080B500AFA0
:10E250000548FFF741F8054B5B69034A1A60F7F779
:10E2600013F900BF80BD00BFCC01032000000320D4
:10E2700080B582B000AF08E03B1D19460848FFF7A3
:10E28000CAF87B68184600F00DF80548FFF734F827
:10E290000346002BF0D000BF0837BD4680BD00BF4D
:10E2A000CC01032080B483B000AF786000BF0C378E
:10E2B000BD465DF8047B704780B487B000AF03466D
:10E2C0003960FB71FB79082B4CD801A252F823F07E
:10E2D000F5E2000819E3000825E300081FE3000841
:10E2E00065E3000839E3000845E300084BE3000854
:10E2F00059E300083B687B617B695B7AFF2B05D0A3
:10E30000FF2B05DC0E2B05D00F2B01E000BF2AE010
:10E3100000BF28E000BF26E03B68FB6023E03B68CD
:10E32000BB6020E03B687B617B695B7A0E2B01D090
:10E330000F2B00E000BF16E03B687B617B695B7AD6
:10E34000FF2B10E03B68FB600DE03B683B613B69E5
:10E350005B780E2B00BF06E03B687B617B695B7AD4
:10E36000FF2B00E000BF00BF1C37BD465DF8047BFB
:10E37000704700BF80B400AF054B00221A60054B08
:10E3800000221A6000BFBD465DF8047B704700BFE5
:10E390000C1C0020101C002080B487B000AF7860F7
:10E3A0000B46FB70EFF310833B613B697B6172B6F8
:10E3B00000BFFB78002B08D0012B0ED10D4B1A6843
:10E3C0007B6813430B4A136008E07B68DA43094B10
:10E3D0001B681340074A136000E000BF7B69FB60C5
:10E3E000FB6883F3108800BF00BF1C37BD465DF893
:10E3F000047B7047101C002080B594B000AF78609B
:10E40000894B1B68FB62884B1A687B681340864AFD
:10E410001360864B1B687B64854B1B683B64854B94
:10E420001B68FB63844B1B68BB6312E10023FB6426
:10E4300002E0FB6C0133FB64804AFB6C52F8332032
:10E44000FB6B1A40784B1B681340002BF1D07B4AC2
:10E45000FB6C52F83320FB6B1A40734B1B68134064
:10E46000BB64764AFB6CDB0013445A68BB6C1340F8
:10E47000002B06D1714AFB6CDB0013444FF0FF32D6
:10E480005A606A4B1B68BB626C4AFB6CDB0013442E
:10E490005B68DA436A4B1B681343694A1360684B35
:10E4A0001B68DB43BA6A1340BB62BA6ABB6C134099
:10E4B000002B03D0BA6CBB6A1340BB64BB6A002B51
:10E4C00002D15F4B00221A605C4AFB6CDB001344F4
:10E4D0005A68BB6C1340184600F043FA03461A46CC
:10E4E000584B1A60EFF31083FB61FB697B6272B6D5
:10E4F00000BF544B1B68012202FA03F3DA434B4B73
:10E500001B681340494A13600123FB6413E0FB6C52
:10E51000013B4A4A52F833104A4B1B68012202FA67
:10E5200003F3DA43FB6C013B0A40444941F83320D2
:10E53000FB6C013BFB64FB6C002BE8D17B6ABB618D
:10E54000BB6983F3108800BF3E4B1B68184600F080
:10E55000E9F93C4B1B681F2B78D83A4B1B683A4AA9
:10E5600052F82330002B71D000237B631EE0334A26
:10E570007B6BDB0013445A68324B1B68012101FAA4
:10E5800003F3DB431A402D497B6BDB000B445A60DD
:10E590002A4A7B6BDB0013445A687B6B9B00503329
:10E5A0003B4443F8442C7B6B01337B637B6B002B38
:10E5B000DDD0244B1B68244A52F8233098470023AF
:10E5C0003B6313E01D4A3B6BDB0013445A683B6B13
:10E5D0009B0050333B4453F8443C1A4017493B6B73
:10E5E000DB000B445A603B6B01333B633B6B002BFE
:10E5F000E8D0144B1B68184600F09EF90B4B1B68C3
:10E600007B640B4B1B683B640A4B1B68FB630A4B28
:10E610001B68BB630B4B1B6801229A40084B1B68AD
:10E620001343074A136014E038000020141C002034
:10E63000181C0020340000201C1C0020A41C0020FA
:10E64000AC1C0020201C0020241C0020002000F016
:10E650007DF97A6CFB6B1A40224B1B681340002B30
:10E6600005D03A6CBB6B1340002B3FF4DFAE1E4B62
:10E670004FF0FF321A601D4B1A683B6C1340002BA1
:10E6800029D100F041F9EFF310837B617B693B6294
:10E6900072B600BF164B1B687B64164B1B683B644D
:10E6A000154B1B68FB637A6CFB6B1A400D4B1B68A8
:10E6B0001340002B07D10D4B1A683B6C1340002B05
:10E6C00001D1F3F7FAF83B6A3B613B6983F31088A9
:10E6D00000BF00F020F9034AFB6A136000BF503707
:10E6E000BD4680BD38000020201C00201C1C0020DE
:10E6F000141C0020181C00203400002080B588B0B5
:10E7000000AFF860B9607A60EFF310837B617B69DA
:10E71000FB6172B600BFF86800F023F903461946A2
:10E72000064A7B6842F82130FB69BB61BB6983F311
:10E73000108800BF00BF2037BD4680BD241C0020CC
:10E7400080B487B000AF78603960EFF31083FB606E
:10E75000FB687B6172B600BF0D4B1A687B68134380
:10E760000B4A13600B4A3B6852F833207B681A430C
:10E7700008493B6841F833207B693B613B6983F37F
:10E78000108800BF00BF1C37BD465DF8047B704792
:10E79000141C0020A41C002080B487B000AF786057
:10E7A000EFF31083FB60FB687B6172B600BF7B6890
:10E7B000DA43084B1B681340064A13607B693B61D0
:10E7C0003B6983F3108800BF00BF1C37BD465DF86E
:10E7D000047B70473400002080B487B000AF7860BD
:10E7E000EFF31083FB60FB687B6172B600BF094BDF
:10E7F0001A687B681343074A13607B693B613B6976
:10E8000083F3108800BF00BF1C37BD465DF8047B52
:10E81000704700BF3400002080B487B000AF78603C
:10E82000EFF31083FB60FB687B6172B600BF094B9E
:10E830001A687B681343074A13607B693B613B6935
:10E8400083F3108800BF00BF1C37BD465DF8047B12
:10E85000704700BF181C002080B588B000AF7860FA
:10E860001F4B1B68BB611E4B1B68B3F1FF3F02D1FE
:10E870000023FB6105E01A4B1B68012202FA03F337
:10E88000FB61184B1B687B61164A7B68136003E0D1
:10E890007968F86900F02AF8134B1A687B6813400E
:10E8A000002BF5D00E4ABB691360EFF31083BB60F9
:10E8B000BB683B6172B600BF7B68DA430A4B1B68DA
:10E8C0001340094A13603B69FB60FB6883F31088BF
:10E8D00000BF044A7B69136000BF2037BD4680BD7E
:10E8E000201C00201C1C0020181C002080B582B0B9
:10E8F00000AF786039607B68DB431846FFF77CFD2A
:10E9000000BF0837BD4680BD80B400AF00BFBD4624
:10E910005DF8047B704780B400AF00BFBD465DF872
:10E92000047B704780B483B000AF786000BF0C37C1
:10E93000BD465DF8047B704780B483B000AF78605B
:10E9400000BF0C37BD465DF8047B704780B483B0D0
:10E9500000AF0346FB7100BF0C37BD465DF8047B7A
:10E96000704780B485B000AF78607B68FB60FB685F
:10E97000002B01D1202303E0FB68B3FA83F3DBB261
:10E98000C3F11F03DBB218461437BD465DF8047BA4
:10E9900070472DE9FF4757EC106B002F0C461946C6
:10E9A0003B46BBBF07F100431F4600232D230B70DE
:10E9B0000D9BDDF830A0914623F02008BCBF324605
:10E9C0001646B8F1460F05D0B8F1450F00D1013415
:10E9D000022100E0032103AB019302AB009347EC5B
:10E9E000106B5346224600F08FFFB8F1470F0546E3
:10E9F00019D119F0010F0ED000EB040900220023F9
:10EA000030463946F2F748F808B1CDF80C9030227C
:10EA1000039B4B451ED3039B0E9A5B1B284613603A
:10EA200004B0BDE8F087B8F1460F00EB0409E5D16A
:10EA30000378302B0AD10022002330463946F2F702
:10EA40002BF818B9C4F10104CAF80040DAF8003014
:10EA50009944D3E7591C03911A70D9E7F7B50029F7
:10EA6000BABF49422D232B2309290270437029DDA7
:10EA70000DF1070425460A272246B1FBF7F607FBEE
:10EA80001613303302F8013C0B46632B04F1FF34BC
:10EA90003146F1DC3031931E04F8011C411C1C4648
:10EAA000AB420AD30DF109039B1AA54238BF0023DC
:10EAB000821C1344181A03B0F0BD13F8016B01F85F
:10EAC000016FEDE7302330318370C170031DF1E732
:10EAD0002DE9F04F8DB00C46DDF8588016461F46E4
:10EAE000054600F001FE036806931846F1F7A8FBFF
:10EAF00000230A93D8F8003094F818A0D4F800B096
:10EB00000790073323F00703B3EC027B8DED047B02
:10EB1000C8F80030DDE9048323F0004984ED127B5E
:10EB20009C4B4FF0FF3240464946F1F7E7FF70BB80
:10EB3000984B4FF0FF3240464946F1F7C1FF30BBDA
:10EB4000DDE9040100220023F1F7B0FF10B12D230D
:10EB500084F84330904A914BBAF1470F8CBF9046EE
:10EB60009846032323612BF0040323604FF0000930
:10EB7000009733460BAA2146284600F0D1F9013010
:10EB800040F08C804FF0FF300DB0BDE8F08FDDE934
:10EB9000042310461946F1F7B1FF40B1059B804AA6
:10EBA000002BBCBF2D2384F843307E4BD4E7636831
:10EBB0005A1C0AF0DF093BD1062363604BF48062E4
:10EBC0000023226003930AABCDE901A309AB0093B4
:10EBD00061689DED040B0DF123032846FFF7D9FE74
:10EBE000B9F1470F0999804629D1C81C02DB636837
:10EBF0008B4241DAAAF1020A5FFA8AFA01395246D7
:10EC000004F150000991FFF729FF0A9A1318012A0D
:10EC10008146236102DC2268D20701D501332361DA
:10EC20009DF82330002BA3D02D2384F843309FE799
:10EC3000B9F1470FC2D1002BC0D10123BDE7BAF112
:10EC4000650FDBD9BAF1660F18D1002963680BDDB7
:10EC5000216113B92268D00702D501330B44236127
:10EC6000A1654FF00009DBE713B92268D20701D58F
:10EC70000233F4E70123F2E74FF0670A0A9B8B4265
:10EC800005DC23682161D807EAD54B1CE7E700299A
:10EC9000D4BFC1F1020201221344E0E723685A0500
:10ECA00007D42369424631462846B84701302BD164
:10ECB00068E7BAF1650F40F2DD80D4E91201002265
:10ECC0000023F1F7E9FE002833D0374A012331460B
:10ECD0002846B84701303FF455AFDDE909384345D0
:10ECE00002DB2368D8070FD5DDE906233146284625
:10ECF000B84701303FF446AF4FF0000908F1FF3844
:10ED000004F11A0AC84509DC23689B0700F1038156
:10ED1000E0680B9B9842B8BF184635E7012352467E
:10ED200031462846B84701303FF42CAF09F10109BC
:10ED3000E8E7099B002B39DC1B4A012331462846B2
:10ED4000B84701303FF41EAFDDE9093959EA030342
:10ED500002D12368D907D7D5DDE9062331462846F5
:10ED6000B84701303FF40EAF4FF0000A04F11A0B20
:10ED7000099B5B42534501DC4B4693E701235A460E
:10ED800031462846B84701303FF4FCAE0AF1010A8B
:10ED9000EEE700BFFFFFEF7F1C31010818310108CB
:10EDA000243101082031010828310108A36DDDF864
:10EDB00028A05345A8BF5346002B994636DC4FF098
:10EDC000000B29EAE97904F11A02A36D0493A3EB7D
:10EDD00009035B4531DC099B9A453ADC2368DA0775
:10EDE00037D4099BAAEB0309049BAAEB03039945BB
:10EDF000A8BF9946B9F1000F33DC4FF0000829EAAB
:10EE0000E97904F11A0B099BAAEB0303A3EB0903AD
:10EE100043457FF779AF01235A4631462846B84724
:10EE200001303FF4AFAE08F10108ECE7424631464D
:10EE30002846B8470130C2D1A4E60123314628460E
:10EE40000492B84701303FF49DAE049A0BF1010BD8
:10EE5000BBE7DDE9062331462846B8470130C0D17B
:10EE600090E6049A4B46424431462846B847013062
:10EE7000C3D187E6DDF828A0BAF1010F01DCDB077A
:10EE800036D50123424631462846B84701303FF483
:10EE900079AEDDE9062331462846B84701303FF414
:10EEA00071AED4E91201002200230AF1FF3AF1F712
:10EEB000F3FDC0B9534608F1010231462846B84770
:10EEC00001300CD15EE601235A4631462846B84748
:10EED00001303FF457AE08F10108D045F3DB4B4653
:10EEE00004F15002DFE64FF0000804F11A0BF4E7DA
:10EEF00001234246E1E701234A4631462846B84706
:10EF000001303FF43FAE08F10108E3680B995B1A4A
:10EF10004345F0DCFCE64FF0000804F11909F4E782
:10EF20002DE9F047164698468A680B69DDF820906F
:10EF30009342B8BF1346336091F8432007460C460E
:10EF40000AB1013333602368990642BF3368023344
:10EF50003360256815F0060506D104F1190AE36847
:10EF600032689B1AAB4226DC94F843302268003B9F
:10EF700018BF012392062BD404F1430241463846C0
:10EF8000C84701301ED02368226903F00603042B12
:10EF900002BFE5683368ED1AA3680CBF25EAE57582
:10EFA00000259342C4BF9B1AED1800261A34B542BF
:10EFB0001AD1002008E00123524641463846C8478E
:10EFC000013003D14FF0FF30BDE8F0870135C6E7CF
:10EFD000E1185A1C302081F84300224494F845106F
:10EFE00082F843100233C7E70123224641463846E0
:10EFF000C8470130E6D00136D9E700002DE9F043DB
:10F000000D7E85B0782D90460C9E07460C4699469D
:10F0100001F1430207D8622D0AD8002D00F0D780F5
:10F02000582D00F0BC8004F1420684F842503BE0C9
:10F03000A5F16303152BF6D801A151F823F000BF09
:10F0400099F00008ADF0000827F0000827F000084C
:10F0500027F0000827F00008ADF0000827F00008AE
:10F0600027F0000827F0000827F00008B5F1000895
:10F07000D7F0000867F1000827F0000827F0000823
:10F08000D7F1000827F00008D7F0000827F00008A3
:10F0900027F000086FF1000833681A1D1B68326002
:10F0A00004F1420684F842300123A1E0336820686D
:10F0B000191D3160060601D51D6803E04506FBD524
:10F0C000B3F90050002D03DA2D236D4284F843304C
:10F0D0005B480A2311E021683368080653F8045B93
:10F0E00002D4490648BFADB23360237E54486F2B2B
:10F0F0005CD10823002184F843106668A660002EC6
:10F1000005DB21682E4321F00401216050D0164612
:10F11000B5FBF3F103FB115C10F80CC006F801CD50
:10F12000AC4663450D46F3D9082B0BD12368DB07AA
:10F1300008D5236961689942DEBF302306F8013C97
:10F1400006F1FF36921B2261CDF80090434603AAD8
:10F1500021463846FFF7E4FE01304ED14FF0FF3034
:10F1600005B0BDE8F083236843F0200323603548F1
:10F17000782584F845502368316813F0800F51F8E2
:10F18000045B03D113F0400F18BFADB23160D90753
:10F1900044BF43F0200323601DB11023AAE7284891
:10F1A000E7E7236823F020032360F6E70A23A1E7BB
:10F1B0001646B9E7336825686169181D30602E0668
:10F1C0001B6801D5196002E06806FBD51980002391
:10F1D00023611646B8E733681A1D32601E686268FC
:10F1E00000213046F0F7DCFF08B1801B60606368E7
:10F1F0002361002384F84330A6E723693246414661
:10F200003846C8470130A9D023689B0713D4E0686B
:10F21000039B9842B8BF1846A2E7012332464146F5
:10F220003846C847013099D00135E36803995B1A25
:10F23000AB42F2DCEBE7002504F11906F5E700BF6D
:10F240002A3101083B310108002310B50446C0E90A
:10F250000033C0E90433836081814366C2818361E6
:10F26000194608225C3000F037FA0D4B63620D4BF3
:10F27000A3620D4BE3620D4B23630D4B24629C4252
:10F2800006D003F16802944202D0D0339C4205D1EB
:10F2900004F15800BDE8104000F09ABA10BD00BF5C
:10F2A0002DF500084FF5000887F50008ADF50008BA
:10F2B000B01C0020024A0349034800F06BB800BFAD
:10F2C0003C000020011401084C00002041680C4B58
:10F2D000994210B5044601D002F092F8A168094B9A
:10F2E000994202D0204602F08BF8E168064B994221
:10F2F00004D02046BDE8104002F082B810BD00BF27
:10F30000B01C0020181D0020801D00200C4B0D4A51
:10F310000D4810B504211A600022FFF795FF0A4B33
:10F3200001221C46092103F16800FFF78DFF04F15B
:10F33000D0000222BDE810401221FFF785BF00BFB8
:10F34000E81D0020B5F20008B01C0020014800F0C4
:10F3500040BA00BFF11D0020014800F03BBA00BFD9
:10F36000F11D002010B50446FFF7F0FF236A1BB122
:10F37000BDE81040FFF7F0BF044B2362044B1B684D
:10F38000002BF5D1FFF7C2FFF2E700BFCDF2000876
:10F39000E81D00202DE9F84307468846144600265C
:10F3A000D4E90195B9F1010905D52468002CF7D1FC
:10F3B0003046BDE8F883AB89012B07D9B5F90E308B
:10F3C000013303D029463846C04706436835E9E78C
:10F3D0000FB407B5064904AB086853F8042B8168DD
:10F3E000019301F077FE03B05DF804EB04B07047C1
:10F3F00048000020024B01461868826802F085B878
:10F4000048000020036A70B5846805460E460BB9B3
:10F41000FFF7A8FF636EDB0705D4A389980502D424
:10F42000A06D00F0D6F9A389190702D52369002B36
:10F4300035D12146284600F0FBF880B34FF0FF3568
:10F44000636EDA0705D4A3899B0502D4A06D00F092
:10F45000C1F9284670BD002B04DAA269934217DB7C
:10F460000A2915D023685A1C22601970A36816F85F
:10F47000011F013BA3600029EDD1002B11DA2246C8
:10F480000A21284600F096F80130D7D00A25D7E7A0
:10F490002246284600F08EF80130E7D1CEE7013E43
:10F4A000E4E723685A1C22600A221A70EEE7000083
:10F4B000024B01461868FFF7A5BF00BF48000020B7
:10F4C0000CB430B5184B0C1E1D689DB008DA8B23A8
:10F4D0002B604FF0FF301DB0BDE8304002B07047E8
:10F4E0004FF40273ADF814304FF000031B9314BFB8
:10F4F00004F1FF332346049307934FF6FF73029002
:10F500000690ADF81630209A21AB02A92846019347
:10F5100001F0BEFC431CBCBF8B232B60002CDAD057
:10F52000029B00221A70D6E74800002010B50C4656
:10F53000B1F90E1000F0FEF80028ABBF636DA3898F
:10F540001B1823F48053ACBF6365A38110BD2DE964
:10F55000F0411F468B89DB0505460C46164605D54E
:10F56000B1F90E100223002200F0D2F8A389B4F9F9
:10F570000E1023F48053A38132463B462846BDE853
:10F58000F04100F0E9B810B50C46B1F90E1000F0EA
:10F59000BFF8B4F90C30421C0BBF23F4805343F482
:10F5A0008053A381A38118BF606510BDB1F90E100F
:10F5B00000F09EB8F8B50E461446054618B1036A29
:10F5C0000BB9FFF7CFFEA369A360A3891A0701D582
:10F5D000236943B92146284600F02AF818B14FF0B4
:10F5E000FF373846F8BD23682269981A6369F6B276
:10F5F0008342374605DC2146284601F001FF0028FA
:10F60000EDD1A368013BA36023685A1C22601E70E1
:10F610006269431C9A4204D0A389DB07E1D50A2E14
:10F62000DFD12146284601F0EBFE0028D9D0D6E7ED
:10F6300038B5284B054618680C4618B1036A0BB953
:10F64000FFF790FEB4F90C301A0721D4D80607D47E
:10F6500009222A6043F04003A3814FF0FF3030E0DD
:10F66000590712D5616B41B104F14403994202D0AC
:10F67000284600F025FF002363630022B4F90C3014
:10F6800062602269226023F0240343F00803A3810F
:10F6900022693AB99A0501D5180603D521462846AC
:10F6A00001F0FAFEB4F90C3013F001020AD0002286
:10F6B000A26062695242A261226942B913F08000DD
:10F6C000C8D138BD990758BF6269A260F4E700202D
:10F6D000F7E700BF4800002002440346934200D1F0
:10F6E000704703F8011BF9E70048704788010020C4
:10F6F00038B5064D0023044608462B60F4F7D1F9CF
:10F70000431C02D12B6803B1236038BDEC1D0020DF
:10F7100038B5074D04460846114600222A601A46AD
:10F72000F4F7E6F9431C02D12B6803B1236038BD1E
:10F73000EC1D002038B5074D04460846114600224E
:10F740002A601A46F4F790F9431C02D12B6803B1E2
:10F75000236038BDEC1D002038B5074D044608462F
:10F76000114600222A601A46FDF740F9431C02D1D7
:10F770002B6803B1236038BDEC1D0020014B1868D5
:10F78000704700BF4800002070B50D4B0D4D5B1B4E
:10F790009C100026A64209D102F01CF80A4D0B4B22
:10F7A0005B1B9C100026A64205D170BD55F8043B9A
:10F7B00098470136EEE755F8043B98470136F2E7E3
:10F7C00094340108943401089434010898340108F1
:10F7D0007047704770470A44914200F1FF3300D1EF
:10F7E000704710B511F8014B03F8014F9142F9D160
:10F7F00010BD2DE9F74F03690C69A34207467EDB74
:10F80000013C01F11408A30000F11405009305EB7D
:10F810008403019358F8243055F8242001339A4288
:10F8200008EB8409B2FBF3F62ED34FF0000AC4466E
:10F83000AE46D3465CF8043B98B206FB00A0020C2F
:10F840001B0C06FB0323DEF8002080B292B2121AD2
:10F850005A44DEF800004FEA134A9BB2C3EB22433E
:10F8600003EB104392B242EA0342E1454EF8042B07
:10F870004FEA234BDED2009BEB582BB9019B043B94
:10F880009D421A462FD33C61384601F095F9002875
:10F8900025DB2946002058F8042BD1F800C01FFAB8
:10F8A00082FE1FFA8CF3A3EB0E030344120CC2EB8F
:10F8B000234202EB1C429BB243EA0243C14541F89A
:10F8C000043B4FEA2240E6D255F8242005EB84039E
:10F8D00022B9043B9D421A460BD33C6101363046A7
:10F8E00003B0BDE8F08F1268043B002ACBD1013C85
:10F8F000C6E71268043B002AEFD1013CEAE700208A
:10F90000EEE70000000000002DE9F04F99B08DED0A
:10F910000E0B0C92C269229C0A9157EC106B814627
:10F92000139382B9102000F015FE0246C9F81C009E
:10F9300020B9AB4BEF21AB4801F066FE0023C0E9D4
:10F9400001330360C360116859B152684A600123F2
:10F9500093408B60484600F0F1FED9F81C3000223D
:10F960001A60B7F10008B5BF0123002323602360AC
:10F970009D4BBCBF28F00048CDF83C8033EA08031B
:10F980001AD1139AC8F3130842F20F7358EA060803
:10F99000136000F06885239B53B9944B21E0944B8E
:10F9A00000930833239A1360009819B0BDE8F08FD4
:10F9B0008E4B00930333F5E79DED0E7B002251EC57
:10F9C000170B00238DED067BF1F766F8824650B1E8
:10F9D000139A01231360239B13B1239A854B136061
:10F9E000854B0093E0E79DED060B16AA17A9484644
:10F9F00001F096F95FEA1854169D019079D0079BA3
:10FA0000CDF850A0C3F31303DDE9060143F07F53A3
:10FA100043F44013A4F2FF3419460022774BF0F769
:10FA20001BFC69A3D3E90023F0F7CEFD68A3D3E95B
:10FA30000023F0F713FC064620460F46F0F75AFD68
:10FA400065A3D3E90023F0F7BFFD02460B4630461D
:10FA50003946F0F703FC06460F46F1F765F8002239
:10FA60008046002330463946F1F720F848B1404639
:10FA7000F0F740FD32463B46F1F70EF808B908F1C1
:10FA8000FF38B8F1160F51D85D4B03EBC803D3E92B
:10FA90000023DDE90601F1F709F8002848D008F154
:10FAA000FF38002312932D1B6B1E089343BF0023C6
:10FAB000C5F1010708930027B8F1000F3ADB089B56
:10FAC000CDF8348043440893002309930A9B092B03
:10FAD00062D8052BC4BF043B0A930A9BA3F102031F
:10FAE000CCBF00240124032B62D8DFE803F051537C
:10FAF000362B179C2C4404F23243202BC1BFC3F198
:10FB0000400308FA03F804F2124326FA03F3D6BFBF
:10FB1000C3F1200348EA030006FA03F0F0F7DAFC29
:10FB20000122A1F1F873013C149275E70123B9E7B2
:10FB30001290B8E7C8F1000309930023A7EB080768
:10FB40000D93C3E701230B930C9B434405930133AF
:10FB5000012B0493B8BF012306E001230B930C9BF8
:10FB6000002B28DDCDE90433D9F81C000021042244
:10FB700002F114059D4223D94160484600F0A0FDE2
:10FB80000090002840D11F4B024640F2AF11D2E650
:10FB90000023E3E70023D6E701240023CDE90A345C
:10FBA0004FF0FF33CDE90433002212230C92DBE740
:10FBB00001230B93F4E70123CDE904331A46F5E75B
:10FBC00001315200D4E700BF61436F63A787D23F82
:10FBD000B3C8608B288AC63FFB799F501344D33F3C
:10FBE00059310108703101080000F07F55310108DA
:10FBF0004C31010829310108283101080000F83F83
:10FC0000C0320108C8310108D9F81C30009A1A60C6
:10FC1000049B0E2B00F2A180002C00F09E80B8F116
:10FC2000000F36DD9E4B08F00F0203EBC20318F401
:10FC3000807FD3E900AB4FEA281516D0994BDDE958
:10FC40000601D3E90823F0F7E9FDCDE9020105F04B
:10FC50000F050324934E75B9DDE9020152465B4658
:10FC6000F0F7DCFD82468B462DE09DED067B0224FD
:10FC70008DED027BEEE7E90708D550465946D6E9F7
:10FC80000023F0F7A1FC013482468B466D10083644
:10FC9000E1E700F0AD80C8F10005814B814E05F031
:10FCA0000F0203EBC203D3E90023DDE90601F0F7FD
:10FCB0008BFC2D1182468B4600230224002D40F040
:10FCC0008C80002BCED1129B002B00F09580764BC0
:10FCD000002250465946F0F7E9FE002800F08C80DB
:10FCE000049B002B00F08880059B002B35DD08F17C
:10FCF000FF330293504659466C4B0022F0F764FCE8
:10FD0000059E82468B4601342046F0F7F3FB5246AF
:10FD10005B46F0F759FC664B0022F0F79FFA044669
:10FD2000A1F15075CDE91045002E69D1614B00223B
:10FD300050465946F0F790FA22462B4682468B46AB
:10FD4000F0F7D2FE002840F09482224605F10043ED
:10FD500050465946F0F7AAFE20BB179B002BC0F275
:10FD60006081B8F10E0F00F35C814D4B03EBC803CB
:10FD7000D3E900AB0C9B002B80F2EE80049B002BA0
:10FD800000F3EA800ED14B4B002250465946F0F763
:10FD90001BFC02460B46DDE90601F0F791FE002848
:10FDA00000F06A8200252C460C9B009EDB430293E8
:10FDB000274600242946484600F0C0FC002F00F0EA
:10FDC000C1802CB1BC4203D02146484600F0B6FCAD
:10FDD0003946484600F0B2FCB4E0EA0705D5D6E95A
:10FDE0000023F0F7F1FB013401236D10083665E7BD
:10FDF000DDE906AB022466E7049ECDF8088083E7C0
:10FE0000274B03EBC60353E902010B9B002B55D094
:10FE100002460B4600202849F0F700FDDDE91023DB
:10FE2000F0F71AFA009BCDE910019D191E465946BC
:10FE30005046F0F779FE0446F0F75CFB02460B46AD
:10FE400050465946F0F708FA3034DDE9102306F839
:10FE5000014B82468B46F0F729FE002872D15246AC
:10FE60005B4611490020F0F7F7F9DDE91023F0F7C0
:10FE70001DFE002840F0B680AE423FF46EAFDDE9D3
:10FE800010010A4B0022F0F79FFB084BCDE910014F
:10FE9000002250465946F0F797FB82468B46C6E74C
:10FEA000C0320108983201080000F03F00002440F1
:10FEB00000001C40000014400000E03FDDE910237A
:10FEC000F0F782FB009B009DCDE9100133441593B0
:10FED00059465046F0F728FE0446F0F70BFB303445
:10FEE0000B46024659465046F0F7B6F905F8014B65
:10FEF000159B9D4282468B4627D1009B0022DDE95F
:10FF000010011E44B34BF0F7A9F902460B465046C8
:10FF10005946F0F7E9FD002864D1DDE91023AD4929
:10FF20000020F0F799F902460B4650465946F0F783
:10FF3000BDFD00283FF411AF334616F8012D302ADD
:10FF4000FAD01E46DDF808803AE0A34B0022F0F715
:10FF50003BFB82468B46BBE7009E52465B46DDE993
:10FF60000601F0F75BFCF0F7DFFD0746F0F7C2FA99
:10FF700052465B46F0F728FB02460B46DDE90601D8
:10FF8000F0F76AF907F1300C009C06F801CBA6EBFC
:10FF9000040C049C644502460B4633D1F0F75EF92D
:10FFA00052465B4604460D46F0F79EFDC0B95246E8
:10FFB0005B4620462946F0F76FFD08B1FB070FD4DA
:10FFC0000199484600F0BAFB0023139A337008F1F8
:10FFD00001031360239B002B3FF4E6AC1E60E3E4B7
:10FFE000CDF8088033461E4613F8012D392A06D174
:10FFF000009A9A42F7D1029A0132029230220132DB
:020000040801F1
:100000001A709FE7744B0022F0F7DEFA02460B46A7
:10001000CDE9062300220023F0F73EFD00289CD006
:10002000CEE70B9A002A00F0E3800A9A012A00F337
:10003000C280149A002A00F0BA8003F23343099D6B
:100040003E46089A01211A4448461F44089200F08F
:1000500029FC044656B1089B002B07DDB342089AE1
:10006000A8BF3346FF1AF61AD31A0893099B0BB39D
:100070000B9B002B00F0C380002D00F0BD802146BB
:100080002A46484600F0CEFC019A014604464846FE
:1000900000F01EFC01998246484600F04FFB099B88
:1000A0005B1B099300F0AE80099A5146484600F068
:1000B000B9FC01900121484600F0F4FB0D9B054678
:1000C000002B00F0D7811A460146484600F0AAFCF2
:1000D0000A9B012B054600F39D800E9B002B40F0F0
:1000E00094800F9BC3F31303002B40F08E800F9B73
:1000F00023F000431B0D1B05002B00F08980089B9B
:100100000133013708934FF0010A0D9B002B00F0DB
:10011000B7812B6905EB8303186900F077FBC0F109
:100120002000089B184410F01F007ED0C0F120036F
:10013000042B72DD089BC0F11C00034407440644F5
:100140000893002F05DD01993A46484600F0C6FCA9
:100150000190089B002B05DD29461A46484600F011
:10016000BDFC0546129B002B61D00198294600F08A
:1001700023FD00285BDA08F1FF3302930199002385
:100180000A22484600F0FCFA0B9B0190002B00F07D
:100190007981002321460A22484600F0F1FA059BA6
:1001A000002B044672DC0A9B022B49DC6EE0169B96
:1001B000C3F1360343E7049B5D1E099BAB420DDB95
:1001C0005D1B049B002BBFF63BAF049BFE1A002374
:1001D00037E700BF0000E03F00002440099B0D9A74
:1001E0000995EB1A1A440D92049B3E46002528E718
:1001F000099D0B9C3E462DE7DDF804A054E7099AC3
:10020000019953E7CDF804A054E74FF0000A7CE7CA
:100210009A467AE74FF0000A7BE792D0089A1C339F
:100220001A441F441E4408928BE70346F6E7049BDA
:10023000CDF80880002B23DC05930A9B022B21DDDF
:10024000059B002B7FF4B0AD29460522484600F0FF
:1002500097FA01460546019800F0AEFC00287FF7AA
:10026000A3AD009E312306F8013B029B01330293AC
:100270009EE535462C46F4E7049DCDF80880F9E765
:10028000049B05930B9B002B00F00081002E05DDE5
:1002900021463246484600F021FC0446BAF1000FE0
:1002A0005AD06168484600F00BFA064628B9824BDE
:1002B000024640F2EF21FFF73EBB22690232920074
:1002C00004F10C010C30FFF786FA01223146484652
:1002D00000F004FC0746009B009A03F1010B059B0C
:1002E000134406930E9B03F0010308930BF1FF33B5
:1002F000294601980493FFF77CFA2146059000F106
:10030000300A019800F058FC3A4680462946484693
:1003100000F06EFCC268064602BB0146019800F080
:100320004BFC024631464846099200F007FADDE9E7
:10033000092342EA0301089B19435E4610D1BAF132
:10034000390F2BD0B8F1000F02DD059B03F1310A04
:10035000049B83F800A02DE52746BCE70122E1E7D6
:10036000B8F1000F06DB0A9B48EA0308089B58EA2D
:10037000030820D1002AEBDD01990122484600F054
:10038000ADFB2946019000F017FC002803DCDFD10B
:100390001AF0010FDCD0BAF1390FD6D1049A392303
:1003A000137033461E46013B16F8012C392A52D0F1
:1003B00001321A70FEE4002A07DDBAF1390FEDD0E0
:1003C000049A0AF101031370F4E4069B0BF801ACE4
:1003D0005B452AD0019900230A22484600F0D0F953
:1003E000BC4201904FF000034FF00A0221464846FC
:1003F00006D100F0C5F9044607460BF1010B75E77D
:1004000000F0BEF93946044600230A22484600F0AF
:10041000B7F90746F1E7059B5E1E002B009BD8BF8E
:1004200000265A1C274616440024019901224846FA
:1004300000F054FB2946019000F0BEFB0028B0DC20
:1004400002D11AF0010FACD133461E4613F8012D2C
:10045000302AFAD0AEE4009A9A42A3D1029B01332B
:1004600002933123AFE7239B002B7FF498AA134B11
:10047000FFF7B7BA0A9B012B7FF72FAEDDF834A048
:1004800001204EE6059B002B7FF7D7AE009E01981A
:100490002946FFF7AEF900F1300A009B06F801ABE0
:1004A000F21A059B9342B6DD019900230A224846C1
:1004B00000F066F90190EAE7C83101084C31010803
:1004C00038B50546002941D051F8043C0C1F002BDB
:1004D000B8BFE41800F0E8F81D4A136833B9636048
:1004E00014602846BDE8384000F0E4B8A34208D9BB
:1004F000206821188B4201BF19685B6809182160C8
:10050000EDE71A465B680BB1A342FAD9116850189F
:10051000A0420BD120680144501883421160E0D101
:1005200018685B68536008441060DAE702D90C234E
:100530002B60D6E7206821188B4204BF19685B68DE
:10054000636004BF091821605460CAE738BD00BF6A
:10055000F81D0020024B0146186800F025B800BFC6
:100560004800002070B50F4E0C463168054611B9A1
:1005700001F03AF830602146284601F035F8431C76
:1005800003D14FF0FF34204670BDC41C24F0030497
:10059000A042F8D0211A284601F026F80130F2D105
:1005A000EFE700BFF41D00202DE9F843CD1C25F036
:1005B000030508350C2D38BF0C25002D064601DB40
:1005C000A94204D90C2333600020BDE8F883DFF88A
:1005D000D48000F069F8D8F800301C4644BB2946A6
:1005E0003046FFF7BFFF431C044658D1D8F80040FF
:1005F0002746002F43D1002C4BD023683946304684
:1006000004EB030900F0F0FF814542D121686D1A27
:1006100029463046FFF7A6FF01303AD023682B4425
:100620002360D8F800305A6862BBC8F800700FE049
:100630002268521B20D40B2A17D96119A3422560C6
:1006400018BF5960636808BFC8F8001062514B605A
:10065000304600F02FF804F10B00231D20F00700B6
:10066000C21A1CBF1B1AA350AFE76268A3420CBF9B
:10067000C8F800205A60EBE723466468AEE73C46C2
:100680007F68B6E71A465B68A342FBD1002353603C
:10069000DEE70C233360304600F00CF894E7056089
:1006A000D6E700BFF81D00200148FFF792B800BF51
:1006B000F01D00200148FFF78DB800BFF01D00209D
:1006C00070B5C46905460E4684B91020FFF742FF95
:1006D0000446E86128B90246164B17486B2100F022
:1006E00093FF0023C0E901330360C360E36853B99B
:1006F00021220421284600F0A5FFEB69E060DB68B9
:100700000BB9002070BD53F8260030B1026843F8E1
:1007100026200023C0E90333F4E7012101FA06F49F
:10072000621D9200284600F08DFF0028E9D0C0E944
:100730000164EEE759310108D931010870B5C66985
:1007400005460C4676B91020FFF704FF0246E86123
:1007500020B9094B09488F2100F056FFC0E9016616
:100760000660C6603CB1EB696268DB6853F8221032
:10077000216043F8224070BD59310108D931010888
:100780002DE9F0410D6907460C461E4601F1140C97
:100790000020DCF8003099B202FB01611E0C0B0C4A
:1007A00002FB063389B2013001EB034185424CF86C
:1007B000041B4FEA1346ECDC0EB3A368AB4219DC12
:1007C000616838460131FFF77BFF804628B9024651
:1007D0000C4B0D48BA2100F017FF2269023204F1D8
:1007E0000C0192000C30FEF7F6FF21463846FFF769
:1007F000A5FF444604EB850301355E612561204673
:10080000BDE8F081C8310108D9310108B0F5803F59
:10081000034636BF030400201020B3F1807F3CBFA5
:100820001B020830B3F1805F3CBF1B010430B3F101
:10083000804F3CBF9B000230002B05DB13F0804F44
:1008400000F1010008BF202070470368024613F042
:1008500007000BD0D90721D4980749BF5B089B0834
:10086000012013605CBF13600220704799B209B980
:100870001B0C1020D9B209B908301B0A190704BF94
:100880001B090430990704BF9B080230D90703D421
:100890005B0800F1010003D013607047002070472F
:1008A0002020704710B50C460121FFF709FF0246D2
:1008B00028B9054B054840F2451100F0A5FE01237B
:1008C0004461036110BD00BFC8310108D93101087E
:1008D0002DE9F04FD1F81090D2F810A0D14585B095
:1008E0008846144604DB53460C46CA469046994651
:1008F000A36861680AEB0906B342B8BF0131FFF78C
:10090000DFFE30B90246454B45484FF4B17100F067
:100910007BFE00F1140505EB86072B460022BB4247
:100920001FD304F1140C08F114010CEB8A0301EB42
:10093000890202921A1B153A22F0030215349C42D6
:1009400088BF00220192029A03918A420CD8002E9D
:1009500003DD57F8043D002B5DD0066105B0BDE80E
:10096000F08F43F8042BDAE7B1F800A0BAF1000FDA
:1009700024D0E046A9464FF0000E58F8042BD9F8D1
:1009800000401FFA82FBA4B20AFB0B444FEA124B51
:10099000D9F8002074444FEA124E0AFB0BE202EB36
:1009A0001442A4B244EA0244434549F8044B4FEAD6
:1009B000124EE2D8019AAA18C2F804E0039AB2F8DB
:1009C00002800431B8F1000F23D02A68E646914630
:1009D000AA464FF0000BBEF8004008FB04B404EB3D
:1009E000194492B242EA04424AF8042B5EF8042BFE
:1009F000DAF800904FEA124B1FFA89F208FB0B223B
:100A000002EB144273454FEA124BE4D8019C2C19B7
:100A10006260043597E7013E99E700BFC8310108DD
:100A2000D93101082DE9F843174612F00302804638
:100A30000D4607D0264C013A002354F82220FFF738
:100A40009FFE0546BF103FD0D8F81C4094B9102037
:100A5000FFF780FD0446C8F81C0030B902461D4B64
:100A60001D4840F2B31100F0CFFD0023C0E901336F
:100A70000360C360A66846B940F271214046FFF7A3
:100A800011FF0023A060064603602C464FF00009CA
:100A900007F001037F1053B1294632464046FFF765
:100AA00017FF214605464046FFF748FE67B130680C
:100AB00038B9324631464046FFF70AFF3060C0F889
:100AC000009006462C46E3E72846BDE8F88300BFC1
:100AD0008C32010859310108D93101082DE9F84F4C
:100AE0000C464968236903EB6218A368074615465C
:100AF0004FEA621A08F101094B450BDB3846FFF754
:100B0000DFFD064648B90246294B2A484FF4EF71EB
:100B100000F07AFD01315B00EEE7002300F1140CD8
:100B200000F110021946534535DB22692AEAEA7AB8
:100B30000CEB8A0C04F1140315F01F0E614603EB55
:100B400082022CD0CEF1200A002518688B4600FACC
:100B50000EF02843CBF8000053F8045B9A4201F1F1
:100B6000040125FA0AF5F0D8131B153B23F0030303
:100B700004F115018A4238BF00239C44CCF804508C
:100B800005B9C1463846C6F810902146FFF7D6FD94
:100B90003046BDE8F88F42F8041F0133C3E753F82D
:100BA000045B0D609A4201F10401F8D8E9E700BF47
:100BB000C8310108D93101080A6903460069801A61
:100BC00030B50ED11433143103EB820401EB8201F2
:100BD00054F8045D51F8042D954203D005D24FF02E
:100BE000FF3030BDA342F3D3FBE70120F9E700005B
:100BF0002DE9F74F8A460646114650461446FFF740
:100C0000DBFF051E12D129463046FFF759FD02468B
:100C100028B9414B40F23721404800F0F5FC012350
:100C2000C0E90435104603B0BDE8F08FBCBF5346A1
:100C3000A2463046DAF80410BABF1C46012500254A
:100C4000FFF73EFD024618B9334B40F24521E3E77A
:100C5000DAF810702669C5600AF1140904F1140E5F
:100C600000F114050AF1100309EB87080EEB860664
:100C70000193AB464FF0000C019B5EF8040B53F858
:100C800004AF01931FFA8AF3194683B2CB1A000C02
:100C90006344C0EB1A4000EB23409BB243EA00439D
:100CA00076454BF8043B4FEA204CE5D8331B153B07
:100CB000153423F00303A64238BF0023E8184B4441
:100CC0001C1D04302646A5EB0905464506EB050E1E
:100CD0000ED308F10301091B21F0030101339845EC
:100CE00038BF0021014451F8043D9BB1176199E7D9
:100CF00056F8041BE2464FEA11491CFA81FC5144A4
:100D000009EB2C4989B241EA09414FEA294CCEF856
:100D10000010DAE7013FE6E7C8310108D9310108E0
:100D20002DE9F7430F46012159EC108B1646FFF7CA
:100D3000C7FC044630B90246234B244840F20F3129
:100D400000F062FCC9F30A55C9F313030DB143F473
:100D500080130193B8F1000323D068460093FFF796
:100D600074FD0099D8B1019AC0F1200302FA03F38F
:100D70000B43C24063610192019BA361002B0CBF36
:100D8000012202222261A5B1A5F2334505443D604E
:100D9000C0F135003060204603B0BDE8F0836161EA
:100DA000EAE701A8FFF751FD019B636120300122B2
:100DB000E8E704EB8203A0F2324038601869FFF7DD
:100DC00025FDC0EB4210E5E7C8310108D931010823
:100DD0002DE9F0478E681F46BE4282460C4690467B
:100DE000334653D8B1F90C0010F4906F2BD06569DD
:100DF0002368096905EB4505A3EB010905EBD575EA
:100E00007B1C6D104B44AB422A4684BF1D462A46CC
:100E1000430527D511465046FFF7C6FB064658B393
:100E200021694A46FEF7D7FCA38923F4906343F077
:100E30008003A381266165614E44A5EB0905266008
:100E4000A5603E463B461F4620683A46414600F0B4
:100E500090FBA3689B1BA36023683B442360002096
:100E6000BDE8F087504600F013FC06460028E1D1AB
:100E700021695046FFF724FB0C23CAF80030A389F0
:100E800043F04003A3814FF0FF30E9E73E46DBE744
:100E90002DE9F0471F468B891B069CB006460D4680
:100EA000144610D50B6973B94021FFF77DFB28600C
:100EB000286130B90C2333604FF0FF301CB0BDE81F
:100EC000F08740236B610023099320238DF829309C
:100ED00003973023654F8DF82A304FF001082346E1
:100EE000994613F8012B0AB1252AF9D1B9EB040A66
:100EF0000BD05346224629463046FFF769FF0130A2
:100F000000F0A480099A5244099299F80030002B0D
:100F100000F09C8000234FF0FF32CDE9052309F15A
:100F20000109049307938DF853301A934C464F48A8
:100F300014F8011B0522EFF733F9049BD0B9D8064A
:100F400044BF20228DF85320190744BF2B228DF86F
:100F5000532099F800202A2A13D0079A4C460020E3
:100F60004FF00A0C214611F8013B303B092B49D9BF
:100F700068B913E0C01B08FA00F018430490A146BA
:100F8000D4E7039A111D12680391002A01DB07922E
:100F900004E0524243F002030792049323782E2B7D
:100FA0000AD163782A2B32D1039B1A1D1B68039246
:100FB00043EAE37302340593DFF8C09021780322FB
:100FC0004846EFF7EDF838B1049BA0EB090040224A
:100FD000824013430134049314F8011B24488DF814
:100FE00028100622EFF7DCF8002835D0214818BB7E
:100FF000039B073323F0070308330393099B034440
:1010000009936CE70CFB02320C460120AAE700238F
:101010000134059319464FF00A0C204610F8012BB5
:10102000303A092A03D9002BC6D00591C4E70CFB3E
:10103000012104460123F0E703AB00932A460E4B3F
:1010400004A93046FDF744FD421CD7D1AB895B06AD
:101050003FF532AF099831E703AB00932A46064BC0
:1010600004A93046FDF7CAFFEEE700BF323201089F
:101070003C320108D1EA0008D10D010838320108DC
:101080009368013B002B10B4936008DA9469A34283
:1010900001DB0A2903D15DF8044BFEF78BBA136814
:1010A000581C1060197008465DF8044B7047F8B57D
:1010B00006460F461446D518AC4201D1002007E081
:1010C00014F8011B3A463046FFF7DAFF431CF3D110
:1010D000F8BD00002DE9F0470D469CB014461F46B0
:1010E000064618B1036A0BB9FEF73CF96B6ED907D7
:1010F00005D4AB899A0502D4A86DFEF76AFBAB89CB
:101100001B0701D52B699BB929463046FEF790FA9B
:1011100070B16B6EDC0704D54FF0FF301CB0BDE83A
:10112000F087AB899805F7D4A86DFEF753FBF3E77A
:101130000023099320238DF82930039730236A4F29
:101140008DF82A304FF001082346994613F8012BF9
:101150000AB1252AF9D1B9EB040A0BD0534622462D
:1011600029463046FFF7A3FF013000F0A480099A1A
:101170005244099299F80030002B00F09C80002323
:101180004FF0FF32CDE9052309F1010904930793DC
:101190008DF853301A934C46534814F8011B05221E
:1011A000EEF7FEFF049BD0B9D90644BF20228DF88C
:1011B00053201A0744BF2B228DF8532099F80020A2
:1011C0002A2A13D0079A4C4600204FF00A0C2146D9
:1011D00011F8013B303B092B49D968B913E0C01B1A
:1011E00008FA00F018430490A146D4E7039A111DB1
:1011F00012680391002A01DB079204E0524243F097
:1012000002030792049323782E2B0AD163782A2BAA
:1012100032D1039B1A1D1B68039243EAE373023425
:101220000593DFF8D490217803224846EEF7B8FF03
:1012300038B1049BA0EB09004022824013430134E3
:10124000049314F8011B29488DF828100622EEF7A4
:10125000A7FF00283ED0264818BB039B073323F086
:10126000070308330393099B034409936CE70CFBC2
:1012700002320C460120AAE70023013405931946E7
:101280004FF00A0C204610F8012B303A092A03D9F6
:10129000002BC6D00591C4E70CFB012104460123B5
:1012A000F0E703AB00932A46124B04A93046FDF742
:1012B0000FFC431CD7D16B6ED90705D4AB899A05B7
:1012C00002D4A86DFEF786FAAB895B063FF524AF22
:1012D000099823E703AB00932A46064B04A930463E
:1012E000FDF78CFEE5E700BF323201083C32010811
:1012F000D1EA0008AF10010838320108B1F90C201A
:101300002DE9F041160705460C4651D44B68002BD9
:1013100002DC0B6C002B49DDE66A002E46D0002370
:1013200012F480522F682B6031D0626DA389590767
:1013300005D56368D21A636B0BB1236CD21A0023F4
:10134000E66A216A2846B047421CB4F90C3006D13F
:1013500029681D2946D8294ACA40D60742D5002205
:101360006260D9042269226004D5421C01D12B6835
:1013700003B96065616B2F60C1B104F14403994208
:1013800002D02846FFF79CF8002363630EE0216A31
:1013900001232846B0470246501CC7D12B68002BBA
:1013A000C4D01D2B01D0162B1AD12F6000201EE0B7
:1013B0000F69002FFAD093070E6808BF4B690F60C2
:1013C00018BF0023A6EB07088B60B8F1000FEDDD16
:1013D000216AA66A43463A462846B047002808DCF8
:1013E000B4F90C3043F04003A3814FF0FF30BDE867
:1013F000F0810744A8EB0008E7E700BF01004020A8
:1014000038B50B6905460C4613B90025284638BD8A
:1014100018B1036A0BB9FDF7A5FFB4F90C30002B26
:10142000F3D0626ED00704D4990502D4A06DFEF704
:10143000D0F928462146FFF761FF636EDA070546BB
:10144000E4D4A3899B05E1D4A06DFEF7C3F9DDE7E1
:1014500070B50C46B1F90E10002996B015461E461F
:101460000ADAA18911F0800113D14FF480620020C3
:1014700031602A6016B070BD6A4600F093F800280B
:10148000EFDB019901F47041A1F500535942594134
:10149000EBE700214022EAE78B8973B59E070546FA
:1014A0000C4607D504F147032360236101236361E0
:1014B00002B070BD01AB6A46FFF7CAFF009E284626
:1014C0003146FFF771F8B4F90C3038B99A05EFD40A
:1014D00023F0030343F00203A381E3E743F0800317
:1014E000A381019B2060C4E90406002BE0D0B4F97D
:1014F0000E10284600F068F80028D9D0A38923F000
:10150000030343F00103A381D2E770B50D461446EF
:10151000064618B1036A0BB9FDF724FF636ED807BE
:1015200005D4A389990502D4A06DFEF752F9A368EA
:10153000013B002BA36005DAA269934212DBEBB2F8
:101540000A2B0FD023685A1C22601D70EDB2636E07
:10155000DA0705D4A3899B0502D4A06DFEF73AF9FA
:10156000284670BD294622463046FEF723F8054638
:10157000EDE7884210B501EB020402D9844223460C
:1015800007D8431EA14207D011F8012B03F8012F01
:10159000F8E70244824200D110BD13F8011D02F8A1
:1015A000011DF7E738B5074D0023044608461146EC
:1015B0002B60F2F782FA431C02D12B6803B123603F
:1015C00038BD00BFEC1D002038B5064D0023044691
:1015D00008462B60F2F781FA431C02D12B6803B155
:1015E000236038BDEC1D002038B5064D00230446AD
:1015F00008462B60F2F78AFA431C02D12B6803B12C
:10160000236038BDEC1D00201FB514461A46094B57
:101610001B680546D8684CB1074B0091CDE90134F1
:1016200006492B4600F070F800F080F8044B1C4689
:10163000F3E700BF480000204D3201085A3201088C
:101640008832010870B5A1FB025434B92946FEF76F
:10165000ABFF064628B9304670BD0C22026000265A
:10166000F9E72A462146FEF737F8F4E782B001B9D8
:1016700001A942B14BB113780B601278101E18BF4C
:10168000012002B070471046FBE76FF00100F8E759
:101690002DE9F041074614460D4621B9BDE8F04159
:1016A0001146FEF781BF2AB9FEF70AFF25462846F4
:1016B000BDE8F08100F041F88442064602D8B4EB60
:1016C000500FF4D821463846FEF76EFF804608B921
:1016D0004546ECE7B4422246294628BF3246FEF78B
:1016E0007AF829463846FEF7EBFEF1E7034608464E
:1016F00041B1FF2A04D98A221A604FF0FF307047A7
:101700000A700120704700000EB403B5014603AB18
:10171000054853F8042B00680193FFF7DBFC02B087
:101720005DF804EB03B070474800002008B50620C0
:1017300000F034F80120F2F78CF951F8043C181F3E
:10174000002BBCBF0B58C01870471F2938B5054681
:101750000C4604D9162303604FF0FF3038BDC26B2E
:1017600012B152F821304BB9284600F031F8224628
:1017700001462846BDE8384000F018B8012B0AD0D1
:10178000591C03D1162303600120E7E7002142F82A
:101790002410204698470020E0E70000024B014655
:1017A0001868FFF7D2BF00BF4800002038B5074DCA
:1017B00000230446084611462B60F2F73AF9431C11
:1017C00002D12B6803B1236038BD00BFEC1D00209F
:1017D000F2F727B9F8B500BFF8BC08BC9E467047C1
:0C17E000F8B500BFF8BC08BC9E4670477E
:1017F0000000000000000000000000007827010841
:10180000E4010320E80103202604040057697265FF
:101810006C657373204669726D77617265207665B9
:101820007273696F6E2025642E25642E25640A006C
:10183000576972656C657373204669726D77617262
:1018400065206275696C642025640A004655532042
:1018500076657273696F6E2025642E25642E25646B
:101860000A0000003E3E3D3D20534843495F53552A
:10187000425F4556545F434F44455F52454144598A
:101880000A0D00003E3E3D3D20534843495F5355FD
:10189000425F4556545F4552524F525F4E4F544936
:1018A00046200A0D000000003E3E3D3D20534843C7
:1018B000495F5355425F4556545F424C455F4E5613
:1018C0004D5F52414D5F555044415445202D2D20D0
:1018D000424C45204E564D2052414D204841532008
:1018E0004245454E205550444154454420425920DC
:1018F000435055322000000020202020202D20536E
:101900007461727441646472657373203D20256C48
:1019100078202C2053697A65203D20256C640A00CC
:101920003D3D3E3E20534843495F5355425F455637
:10193000545F4E564D5F53544152545F5752495471
:1019400045203A204E756D6265724F66576F72641E
:1019500073203D20256C640A000000003E3E3D3DA2
:1019600020534843495F5355425F4556545F4E5696
:101970004D5F454E445F57524954450A0D000000E3
:101980003D3D3E3E534843495F5355425F455654A3
:101990005F4E564D5F53544152545F45524153453B
:1019A000203A204E756D6265724F66536563746FA1
:1019B0007273203D20256C640A0000003E3E3D3DD0
:1019C00020534843495F5355425F4556545F4E5636
:1019D0004D5F454E445F45524153450A0D0000009E
:1019E0003E3E3D3D20534843495F5355425F455677
:1019F000545F4552524F525F4E4F5449462057490B
:101A0000544820524541534F4E202578200A0D005E
:101A10003E3E3D3D20534843495F5355425F455646
:101A2000545F4552524F525F4E4F544946205749DA
:101A3000544820524541534F4E202D204552525F6D
:101A4000424C455F494E4954200000003E3E3D3D1A
:101A500020534843495F5355425F4556545F4552B2
:101A6000524F525F4E4F54494620574954482052D6
:101A70004541534F4E202D20424C45204552524F58
:101A8000522000003E3E3D3D20574952454C4553B3
:101A9000535F46575F52554E4E494E472000000057
:101AA0003E3E3D3D204442474D43555F476574529D
:101AB00065766973696F6E49443D20256C78200A0C
:101AC0000D0000003E3E3D3D204442474D43555FE2
:101AD00047657444657669636549443D20256C78A3
:101AE000200A0D003E3E3D3D20534843495F53557B
:101AF000425F4556545F434F44455F524541445908
:101B0000202D204655535F46575F52554E4E494E45
:101B100047200A0D000000003E3E3D3D2053484353
:101B2000495F5355425F4556545F434F44455F52AA
:101B300045414459202D20554E4558504543544564
:101B4000442043415345200A0D000000726563653F
:101B5000697665642025730A000000005357310040
:101B6000535731204F4B0000535732005357322008
:101B70004F4B000053573300535733204F4B000057
:101B80004E4F54205245434F474E495A45442043F7
:101B90004F4D4D414E44203A2025730A000000006D
:101BA00057616974696E6720666F7220544C4D2EC0
:101BB0002E2E00005343414E2044495341424C4590
:101BC0004400000054454D503A20252E31662043F4
:101BD000000000004544445953544F4E4520544C96
:101BE0004D00000048554D3A20252E316620252510
:101BF00000000000545241573A20257500000000B3
:101C0000485241573A2025750000000020204661C7
:101C1000696C2020203A20534843495F43325F4299
:101C20004C455F496E697420636F6D6D616E642C05
:101C300020726573756C743A203078253032780ADA
:101C40000D0000002020537563636573733A2053C1
:101C50004843495F43325F424C455F496E69742097
:101C6000636F6D6D616E640A0D0000005363616EF9
:101C700020636F6D706C65746520E28094207265DE
:101C80007374617274696E6720636F6E74696E75C8
:101C90006F7573207363616E2E2E2E0D0000000091
:101CA0005363616E20636F6D706C65746520E280B4
:101CB00094207363616E2064697361626C65642E45
:101CC0000D0000000D0A0D2A2A20444953434F4EAF
:101CD0004E454354494F4E204556454E5420574992
:101CE000544820534552564552200A0D000000002A
:101CF0002D2D2D205354204D414E554641435455D2
:101D0000524552204944202D2D2D200A0D0000005F
:101D10002D2D205345525645522044455445435499
:101D20004544202D2D20564941204D414E20494407
:101D30000A0D0000427574746F6E313A20454E41B1
:101D4000424C45207363616E6E696E670D00000042
:101D5000427574746F6E313A2044495341424C4588
:101D6000207363616E6E696E670D00003D3D3E3EFF
:101D700020537461727420426C655F4863695F47E9
:101D800061705F476174745F496E69742066756E37
:101D90006374696F6E00000020204661696C20202A
:101DA000203A206863695F726573657420636F6DA4
:101DB0006D616E642C20726573756C743A20307896
:101DC0002578200A000000002020537563636573A6
:101DD000733A206863695F726573657420636F6D21
:101DE0006D616E640000000020204661696C202057
:101DF000203A206163695F68616C5F77726974651E
:101E00005F636F6E6669675F6461746120636F6DA5
:101E10006D616E64202D20434F4E4649475F44411B
:101E200054415F5055424C49435F414444524553ED
:101E3000535F4F46465345542C20726573756C743E
:101E40003A2030782578200A0000000020205375C1
:101E500063636573733A206163695F68616C5F7780
:101E6000726974655F636F6E6669675F64617461F0
:101E700020636F6D6D616E64202D20434F4E464987
:101E8000475F444154415F5055424C49435F414490
:101E900044524553535F4F4646534554000000009B
:101EA00020205075626C696320426C7565746F6F99
:101EB000746820416464726573733A202530327807
:101EC0003A253032783A253032783A253032783A2D
:101ED000253032783A253032780A000020204661D9
:101EE000696C2020203A206163695F68616C5F77CC
:101EF000726974655F636F6E6669675F6461746160
:101F000020636F6D6D616E64202D20434F4E4649F6
:101F1000475F444154415F49525F4F4646534554E1
:101F20002C20726573756C743A2030782578200AFD
:101F3000000000002020537563636573733A2061CD
:101F400063695F68616C5F77726974655F636F6E08
:101F50006669675F6461746120636F6D6D616E6453
:101F6000202D20434F4E4649475F444154415F492D
:101F7000525F4F4646534554000000002020466102
:101F8000696C2020203A206163695F68616C5F772B
:101F9000726974655F636F6E6669675F64617461BF
:101FA00020636F6D6D616E64202D20434F4E464956
:101FB000475F444154415F45525F4F464653455445
:101FC0002C20726573756C743A2030782578200A5D
:101FD000000000002020537563636573733A20612D
:101FE00063695F68616C5F77726974655F636F6E68
:101FF0006669675F6461746120636F6D6D616E64B3
:10200000202D20434F4E4649475F444154415F4590
:10201000525F4F4646534554000000002020466161
:10202000696C2020203A206163695F68616C5F738E
:1020300065745F74785F706F7765725F6C657665E5
:102040006C20636F6D6D616E642C20726573756CAE
:10205000743A2030782578200A000000202053753B
:1020600063636573733A206163695F68616C5F7372
:1020700065745F74785F706F7765725F6C657665A5
:102080006C20636F6D6D616E6400000020204661FE
:10209000696C2020203A206163695F676174745F16
:1020A000696E697420636F6D6D616E642C2072655A
:1020B00073756C743A2030782578200A000000008F
:1020C0002020537563636573733A206163695F67AA
:1020D0006174745F696E697420636F6D6D616E64A5
:1020E000000000005032505F430000002020466195
:1020F000696C2020203A206163695F6761705F69C5
:102100006E697420636F6D6D616E642C20726573EF
:10211000756C743A2030782578200A002020537599
:1021200063636573733A206163695F6761705F69B8
:102130006E697420636F6D6D616E6400202046616E
:10214000696C2020203A206163695F6761705F736A
:1021500065745F696F5F6361706162696C697479EE
:1021600020636F6D6D616E642C20726573756C7485
:102170003A2030782578200A00000000202053758E
:1021800063636573733A206163695F6761705F734E
:1021900065745F696F5F6361706162696C697479AE
:1021A00020636F6D6D616E64000000002020466149
:1021B000696C2020203A206163695F6761705F73FA
:1021C00065745F61757468656E7469636174696F65
:1021D0006E5F726571756972656D656E7420636F8F
:1021E0006D6D616E642C20726573756C743A20306D
:1021F000782578200A0000002020537563636573FA
:10220000733A206163695F6761705F7365745F61D2
:10221000757468656E7469636174696F6E5F726509
:1022200071756972656D656E7420636F6D6D616E39
:102230006400000020204661696C2020203A206163
:1022400063695F6761705F636F6E6669677572650A
:102250005F77686974656C69737420636F6D6D6115
:102260006E642C20726573756C743A203078257812
:10227000200A00002020537563636573733A206160
:1022800063695F6761705F636F6E666967757265CA
:102290005F77686974656C69737420636F6D6D61D5
:1022A0006E6400003D3D3E3E20456E6420426C65FC
:1022B0005F4863695F4761705F476174745F496E2F
:1022C00069742066756E6374696F6E0A0D00000094
:1022D0005363616E5F526571756573742069676ED3
:1022E0006F72656420287363616E20646973616234
:1022F0006C6564290D0000005374617274696E6727
:1023000020424C45207363616E20666F72204564E5
:10231000647973746F6E652D544C4D2E2E2E0D0006
:10232000424C45207363616E6E696E672073746101
:10233000727465642E0D0000424C45207363616E1B
:10234000207374617274204641494C45442E0D003F
:102350000D0A3D3D3D3D3D3D3D3D3D3D2045444417
:102360005953544F4E4520544C4D203D3D3D3D3D2D
:102370003D3D3D3D3D0D0000544C4D205665727372
:10238000696F6E3A2025750D0A00000052415720F2
:1023900048756D69646974793A203078253034580D
:1023A00020282575290D0A005241572054656D706B
:1023B000657261747572653A203078253034582022
:1023C000282575290D0A00004164766572746973C9
:1023D000656D656E7420436F756E743A20256C755B
:1023E0000D0A000054696D652053696E63652042D3
:1023F0006F6F743A20256C752E256C75207365639C
:102400006F6E64730D0A00003D3D3D3D3D3D3D3D19
:102410003D3D3D3D3D3D3D3D3D3D3D3D3D3D3D3DEC
:102420003D3D3D3D3D3D3D3D3D3D3D0D0000000000
:102430002D2D2050325020434C49454E5420494EBA
:10244000495449414C495A45442000002D2D20470C
:10245000415454203A205032505F5345525649431C
:10246000455F5555494420464F554E44202D206325
:102470006F6E6E656374696F6E2068616E646C6503
:102480002030782578200A002D2D204741545420F3
:102490003A2057524954455F5555494420464F55B7
:1024A0004E44202D20636F6E6E656374696F6E20DD
:1024B00068616E646C6520307825780A0000000041
:1024C0002D2D2047415454203A204E4F544946491F
:1024D000434154494F4E5F434841525F555549442B
:1024E00020464F554E4420202D20636F6E6E65634D
:1024F00074696F6E2068616E646C65203078257831
:102500000A0000002D2D2047415454203A20434C0E
:1025100049454E545F434841525F434F4E464947F9
:102520005F44455343524950544F525F55554944B7
:102530002D20636F6E6E656374696F6E2068616EC7
:10254000646C6520307825780A0000002D2D204726
:10255000415454203A204143495F474154545F500D
:10256000524F435F434F4D504C4554455F56534582
:1025700056545F434F44452000000000202D2D207D
:10258000503250204150504C49434154494F4E2005
:10259000434C49454E54203A204E4F5449464943F6
:1025A0004154494F4E205245434549564544202DFC
:1025B000204C4544204F4646200A0D00200A0D00BD
:1025C000202D2D20503250204150504C4943415431
:1025D000494F4E20434C49454E54203A204E4F54CB
:1025E000494649434154494F4E2052454345495677
:1025F0004544202D204C4544204F4E0A0D0000003C
:102600002D2D20503250204150504C4943415449C7
:102610004F4E20434C49454E5420203A20425554B9
:10262000544F4E20505553484544202D2057524971
:10263000544520544F20534552564552200A2000FD
:102640005032505F444953434F5645525F534552B1
:1026500056494345530000002A2047415454203A2C
:1026600020446973636F766572205032502043684E
:1026700061726163746572697374696373000000E9
:102680002A2047415454203A20446973636F766589
:10269000722044657363726970746F72206F662074
:1026A0005458202D20577269746520204368617248
:1026B0006163746572697374696300002A2047411D
:1026C0005454203A20446973636F766572204465E0
:1026D0007363726970746F72206F66205278202D58
:1026E000204E6F74696669636174696F6E20204360
:1026F0006861726163746572697374696300000074
:102700002A2047415454203A20456E61626C65206E
:10271000536572766572204E6F7469666963617481
:10272000696F6E002A2047415454203A204469734F
:1027300061626C6520536572766572204E6F7469B4
:102740006669636174696F6E00000000120000002A
:1027500024000000360000004000000006000000D9
:102760000C0000001000000000000000010000004C
:10277000020000000300000000000048010000000B
:1027800000000048010000000000004801000000B7
:1027900000000048010000000000004801000000A7
:1027A0000000004801000000000000480100000097
:1027B0000000004801000000000000480100000087
:1027C0000000004801000000000000480100000077
:1027D0000000004801000000000000480100000067
:1027E0000000004801000000000000480100000057
:1027F0000000004801000000000000480100000047
:102800000000004801000000000000480100000036
:102810000000004801000000000000480100000026
:102820000000004801000000000000480100000016
:102830000000004801000000000000480100000006
:1028400000000048010000000000004801000000F6
:1028500000000048010000000000004801000000E6
:1028600000000048010000000000004801000000D6
:1028700000000048010000000000004801000000C6
:1028800000000048010000000000004801000000B6
:1028900000000048010000000000004801000000A6
:1028A00000000048010000000000000000000000DF
:1028B00000000000000000000000000000100010F8
:1028C00000100010001000100000001000000000B8
:1028D0000028002800280000000000000000000080
:1028E0000000000000240024007C00240048007C3C
:1028F0000048004800000000003800540050003834
:10290000001400540054003800100000002000544F
:102910000058003000280054001400080000000097
:10292000001000280028001000340048004800343F
:102930000000000000100010001000000000000067
:10294000000000000000000000080010002000202F
:1029500000200020002000200010000800200010AF
:102960000008000800080008000800080010002007
:1029700000100038001000280000000000000000D7
:10298000000000000000000000100010007C00109B
:102990000010000000000000000000000000000027
:1029A00000000000000000100010001000000000F7
:1029B00000000000000000380000000000000000DF
:1029C00000000000000000000000000000000010F7
:1029D00000000000000800080010001000100010A7
:1029E0000020002000000000003800440044005493
:1029F0000044004400440038000000000010003093
:102A00000050001000100010001000100000000026
:102A10000038004400440004000800100020007C3E
:102A20000000000000380044000400180004000406
:102A300000440038000000000008001800280028AA
:102A40000048007C0008000800000000007C0040F6
:102A5000004000780004000400440038000000003A
:102A6000003800440040007800440044004400382E
:102A700000000000007C000400080010001000208E
:102A8000002000200000000000380044004400380E
:102A900000440044004400380000000000380044B6
:102AA00000440044003C00040044003800000000E2
:102AB00000000000001000000000000000000010F6
:102AC00000000000000000000000001000000000F6
:102AD000000000100010001000000000000C00308A
:102AE00000400030000C000000000000000000006A
:102AF0000000007C0000007C0000000000000000DE
:102B000000000000006000180004001800600000D1
:102B1000000000000038004400040008001000100D
:102B2000000000100000000000380044004C005479
:102B3000005C004000400038000000000010002849
:102B4000002800280028007C004400440000000009
:102B500000780044004400780044004400440078B9
:102B600000000000003800440040004000400040E9
:102B70000044003800000000007000480044004499
:102B8000004400440048007000000000007C004049
:102B90000040007C004000400040007C000000003D
:102BA000007C0040004000780040004000400040B1
:102BB000000000000038004400400040005C004479
:102BC0000044003800000000004400440044007C41
:102BD000004400440044004400000000003800109D
:102BE000001000100010001000100038000000005D
:102BF0000004000400040004000400040044003841
:102C000000000000004400480050006000500048F0
:102C10000048004400000000004000400040004028
:102C2000004000400040007C000000000044006CB8
:102C3000006C0054004400440044004400000000C4
:102C400000440064006400540054004C004C0044F4
:102C500000000000003800440044004400440044E8
:102C600000440038000000000078004400440044A4
:102C700000780040004000400000000000380044A0
:102C800000440044004400440054003800040000A4
:102C900000780044004400440078004800480044A4
:102CA000000000000038004400400030000800042C
:102CB0000044003800000000007C001000100010EC
:102CC000001000100010001000000000004400443C
:102CD0000044004400440044004400380000000068
:102CE0000044004400440028002800280010001080
:102CF0000000000000440044005400540054006CE4
:102D000000280028000000000044002800280010CF
:102D10000010002800280044000000000044004487
:102D20000028002800100010001000100000000013
:102D3000007C000400080010001000200040007C0F
:102D4000000000000018001000100010001000101B
:102D500000100010001000180020002000100010CB
:102D600000100010000800080000000000300010F3
:102D700000100010001000100010001000100030B3
:102D8000001000280028004400000000000000009F
:102D90000000000000000000000000000000000033
:102DA00000000000000000FE0020001000000000F5
:102DB0000000000000000000000000000000000013
:102DC00000380044003C0044004C00340000000087
:102DD0000040004000580064004400440064005873
:102DE00000000000000000000038004400400040E7
:102DF0000044003800000000000400040034004CCF
:102E000000440044004C00340000000000000000BA
:102E100000380044007C00400044003800000000FE
:102E2000000C0010007C00100010001000100010BA
:102E300000000000000000000034004C004400448A
:102E4000004C00340004007800400040005800644A
:102E50000044004400440044000000000010000052
:102E600000700010001000100010001000000000A2
:102E70000010000000700010001000100010001082
:102E8000001000E00040004000480050006000508A
:102E90000048004400000000007000100010001006
:102EA00000100010001000100000000000000000E2
:102EB00000780054005400540054005400000000F6
:102EC0000000000000580064004400440044004436
:102ED00000000000000000000038004400440044EE
:102EE00000440038000000000000000000580064AA
:102EF000004400440064005800400040000000000E
:102F00000034004C00440044004C00340004000431
:102F100000000000005800640040004000400040F5
:102F200000000000000000000038004400300008ED
:102F3000004400380000000000200020007800203D
:102F40000020002000200018000000000000000009
:102F50000044004400440044004C003400000000E1
:102F60000000000000440044002800280028001051
:102F70000000000000000000005400540054006CE9
:102F80000028002800000000000000000044002885
:102F900000100010002800440000000000000000A5
:102FA00000440044002800280010001000100060B9
:102FB00000000000007C0008001000200040007CA1
:102FC0000000000000180010001000100020002079
:102FD0000010001000100018001000100010001069
:102FE0000010001000100010001000100030001041
:102FF0000010001000080008001000100010003041
:103000000000000000000074004C00000000000000
:10301000000000006C7AD8AC577200001234567869
:103020009ABCDEF0123456789ABCDEF0FEDCBA09A7
:1030300087654321FEDCBA09876543212000010032
:103040000200000010000100020000000A06070054
:103050000100000003000000050000000100000066
:1030600001000000060000000A000000200000002F
:103070000200000004000000080000001000000032
:10308000400000008000000000010000000200007D
:103090000000000000000000000000000000000030
:1030A0000100000002000000030000000400000016
:1030B000A0860100400D0300801A060000350C00B8
:1030C00040420F0080841E0000093D0000127A007B
:1030D0000024F40000366E010048E801006CDC02B8
:1030E00000000000000000000000000000000000E0
:1030F000010002000400060008000A000C00100095
:1031000020004000800000010101010307010000D0
:103110000804020408010101494E4600696E660078
:103120004E414E006E616E00300030313233343526
:103130003637383941424344454600303132333422
:10314000353637383961626364656600496E666991
:103150006E697479004E614E005245454E54206DA3
:10316000616C6C6F6320737563636565646564008F
:103170002F6275696C642F676E752D746F6F6C7339
:103180002D666F722D73746D33325F31342E332E92
:1031900072656C312E32303235313032372D303766
:1031A00030302F7372632F6E65776C69622F6E6596
:1031B000776C69622F6C6962632F7374646C6962E7
:1031C0002F64746F612E630042616C6C6F632073B7
:1031D0007563636565646564002F6275696C642F4F
:1031E000676E752D746F6F6C732D666F722D7374AF
:1031F0006D33325F31342E332E72656C312E3230A6
:103200003235313032372D303730302F7372632FF3
:103210006E65776C69622F6E65776C69622F6C6979
:1032200062632F7374646C69622F6D707265632EB4
:103230006300232D302B2000686C4C0065666745C9
:103240004647004300504F534958002E002C20663B
:10325000756E6374696F6E3A200061737365727482
:10326000696F6E2022257322206661696C65643A5D
:103270002066696C6520222573222C206C696E659E
:10328000202564257325730A000000000500000056
:10329000190000007D0000000080E03779C3414341
:1032A000176E05B5B5B89346F5F93FE9034F384DAC
:1032B000321D30F94877825A3CBF737FDD4F157558
:1032C000000000000000F03F00000000000024406B
:1032D00000000000000059400000000000408F4046
:1032E000000000000088C34000000000006AF840B1
:1032F0000000000080842E4100000000D0126341D5
:103300000000000084D797410000000065CDCD414A
:10331000000000205FA00242000000E8764837422B
:10332000000000A2941A6D42000040E59C30A242C9
:103330000000901EC4BCD64200003426F56B0C433E
:103340000080E03779C3414300A0D88557347643E5
:1033500000C84E676DC1AB43003D9160E458E14346
:10336000408CB5781DAF154450EFE2D6E41A4B44BB
:1033700092D54D06CFF08044F64AE1C7022DB54400
:10338000B49DD9794378EA440020202020202020D1
:103390002020282828282820202020202020202005
:1033A0002020202020202020208810101010101015
:1033B0001010101010101010100404040404040461
:1033C00004040410101010101010414141414141FB
:1033D00001010101010101010101010101010101DD
:1033E00001010101101010101010424242424242ED
:1033F00002020202020202020202020202020202AD
:103400000202020210101010200000000000000054
:1034100000000000000000000000000000000000AC
:10342000000000000000000000000000000000009C
:10343000000000000000000000000000000000008C
:10344000000000000000000000000000000000007C
:10345000000000000000000000000000000000006C
:10346000000000000000000000000000000000005C
:10347000000000000000000000000000000000004C
:0C34800000000000000000000000000040
:08348C00F4CCFE7F01000000FA
:0434940065010008C6
:0434980041010008E6
:10349C00070A0000A828010800040048000400489E
:1034AC000004004800080048000C0048000C0048CC
:1034BC0000093D001000000001010000FFFFFFFFAC
:1034CC00FFFFFFFF0000000003000000B01C002005
:1034DC004C00002000000000B01C0020181D002033
:1034EC00801D002000000000000000000000000013
:1034FC0000000000000000000000000000000000C0
:10350C0000000000000000000000000000000000AF
:10351C00000000000000000000000000000000009F
:10352C00430000000000000000000000000000004C
:10353C00000000000000000000000000000000007F
:10354C00430000000000000000000000000000002C
:10355C00000000000000000000000000000000005F
:10356C00430000000000000000000000000000000C
:10357C00000000000000000000000000000000003F
:10358C0043000000000000000000000000000000EC
:10359C00000000000000000000000000000000001F
:1035AC0043000000000000000000000000000000CC
:1035BC0000000000000000000000000000000000FF
:1035CC0043000000000000000000000000000000AC
:1035DC0000000000000000000000000000000000DF
:1035EC00430000000000000000000000000000008C
:1035FC0000000000000000000000000000000000BF
:10360C00ED1601086D160108000000008833010852
:10361C004B320108883201088832010888320108CF
:10362C008832010888320108883201088832010882
:10363C008832010888320108FFFFFFFFFFFFFFFF00
:10364C00FFFFFFFFFFFF000001004153434949000A
:10365C00000000000000000000000000000000005E
:10366C0000000000000000000000415343494900E5
:10367C00000000000000000000000000000000003E
:0C368C0000000000000000000000000032
:103698000000000000000000000000000000000022
:1036A8000000000000000000000000000000000012
:1036B8000000000000000000000000000000000002
:0C36C800000000000000000000000000F6
:1036D40000000000000000000000000000000000E6
:0136E40000E5
:04000005080054EDAE
:00000001FF
